{
  "n_drugs": 2694,
  "n_bootstrap": 10000,
  "cosine_threshold": 0.5,
  "jaccard_threshold": 0.040247549541770206,
  "cosine_aurocs": {
    "direction_instability": {
      "point": 0.9693088955200593,
      "ci_lo": 0.9579377041155881,
      "ci_hi": 0.97882677054032,
      "n_boot": 10000,
      "se": 0.005358124135362267
    },
    "magnitude_cv": {
      "point": 0.3966268796442572,
      "ci_lo": 0.35845608322538847,
      "ci_hi": 0.4372603749821344,
      "n_boot": 10000,
      "se": 0.019900954642470575
    },
    "frechet_variance": {
      "point": 0.9758864314551517,
      "ci_lo": 0.967482579351684,
      "ci_hi": 0.9830336148262062,
      "n_boot": 10000,
      "se": 0.003975465106814234
    },
    "mean_top_gene_jaccard": {
      "point": 0.9688237473914145,
      "ci_lo": 0.9596877041412937,
      "ci_hi": 0.9768543447991647,
      "n_boot": 10000,
      "se": 0.004391067707207426
    }
  },
  "jaccard_aurocs": {
    "direction_instability": {
      "point": 0.9445527441717936,
      "ci_lo": 0.9365525432825418,
      "ci_hi": 0.9520200081544951,
      "n_boot": 10000,
      "se": 0.003936291802973309
    },
    "magnitude_cv": {
      "point": 0.3936846653648654,
      "ci_lo": 0.372512860260667,
      "ci_hi": 0.4150569535405692,
      "n_boot": 10000,
      "se": 0.010959620172476345
    },
    "frechet_variance": {
      "point": 0.8564893582428217,
      "ci_lo": 0.8410532515995044,
      "ci_hi": 0.8716025654462419,
      "n_boot": 10000,
      "se": 0.007806541476173561
    }
  },
  "corrected_jaccard_aurocs": {
    "direction_instability": {
      "point": 0.7540725382204343,
      "ci_lo": 0.7352186914706442,
      "ci_hi": 0.7727657112557703,
      "n_boot": 10000,
      "se": 0.009548168004792433
    },
    "magnitude_cv": {
      "point": 0.4994463762029399,
      "ci_lo": 0.477586552117358,
      "ci_hi": 0.5211116773870635,
      "n_boot": 10000,
      "se": 0.011197002676970958
    },
    "frechet_variance": {
      "point": 0.7311962187136418,
      "ci_lo": 0.7116024762437049,
      "ci_hi": 0.7511213731745443,
      "n_boot": 10000,
      "se": 0.009978288426565993
    }
  },
  "paired_differences": {
    "cosine": {
      "magnitude_cv": {
        "point_diff": 0.5726820158758021,
        "ci_lo": 0.5283916202966165,
        "ci_hi": 0.6128053011711467,
        "p_value": 0.0,
        "n_boot": 10000,
        "auroc_a": 0.9693088955200593,
        "auroc_b": 0.3966268796442572
      },
      "frechet_variance": {
        "point_diff": -0.006577535935092471,
        "ci_lo": -0.011512695070529327,
        "ci_hi": -0.0021877096173092705,
        "p_value": 0.0017,
        "n_boot": 10000,
        "auroc_a": 0.9693088955200593,
        "auroc_b": 0.9758864314551517
      },
      "mean_top_gene_jaccard": {
        "point_diff": 0.0004851481286447523,
        "ci_lo": -0.0044413873823219065,
        "ci_hi": 0.004685140939513351,
        "p_value": 0.4121,
        "n_boot": 10000,
        "auroc_a": 0.9693088955200593,
        "auroc_b": 0.9688237473914145
      }
    },
    "jaccard": {
      "magnitude_cv": {
        "point_diff": 0.5508680788069282,
        "ci_lo": 0.5274842136510232,
        "ci_hi": 0.5737152814775602,
        "p_value": 0.0,
        "n_boot": 10000,
        "auroc_a": 0.9445527441717936,
        "auroc_b": 0.3936846653648654
      },
      "frechet_variance": {
        "point_diff": 0.0880633859289719,
        "ci_lo": 0.0747969343136466,
        "ci_hi": 0.10184407371519176,
        "p_value": 0.0,
        "n_boot": 10000,
        "auroc_a": 0.9445527441717936,
        "auroc_b": 0.8564893582428217
      }
    }
  },
  "original_paper_auroc": {
    "point": 0.9311845700256594,
    "ci_lo": 0.9181820989172786,
    "ci_hi": 0.9435464861531307,
    "n_boot": 10000,
    "se": 0.006529599330984229
  }
}