{
  "point": 0.9861520699649273,
  "ci_lo": 0.9828285125053902,
  "ci_hi": 0.9892244343634835,
  "se": 0.0016440115390463812,
  "n_boot": 10000,
  "predictor": "mean_loo_di",
  "outcome": "frac_consistent>0.5"
}