{
  "n_drugs": 2694,
  "n_bootstrap": 10000,
  "cosine_threshold": 0.5,
  "jaccard_threshold": 0.040247549541770206,
  "class_balance": {
    "cosine_positive_frac": 0.060133630289532294,
    "jaccard_positive_frac": 0.5,
    "frac_consistent_positive_frac": 0.2739420935412027
  },
  "cosine_auprc": {
    "direction_instability": {
      "point": 0.8141733944122179,
      "ci_lo": 0.7609513940416099,
      "ci_hi": 0.8609623720545916,
      "n_boot": 10000,
      "se": 0.025771267077735947
    },
    "magnitude_cv": {
      "point": 0.048593856738676264,
      "ci_lo": 0.03981298963235532,
      "ci_hi": 0.06597454387482611,
      "n_boot": 10000,
      "se": 0.006703966595052335
    },
    "frechet_variance": {
      "point": 0.811201893172992,
      "ci_lo": 0.7582300157553271,
      "ci_hi": 0.8581916593563221,
      "n_boot": 10000,
      "se": 0.02533734467337974
    },
    "mean_top_gene_jaccard": {
      "point": 0.7715883249172945,
      "ci_lo": 0.7130563830029046,
      "ci_hi": 0.8244182227772132,
      "n_boot": 10000,
      "se": 0.028297388983571706
    }
  },
  "jaccard_auprc": {
    "direction_instability": {
      "point": 0.9484750724711277,
      "ci_lo": 0.9402500305154222,
      "ci_hi": 0.956020311869006,
      "n_boot": 10000,
      "se": 0.004033588186429205
    },
    "magnitude_cv": {
      "point": 0.42636311603964333,
      "ci_lo": 0.4050304269828166,
      "ci_hi": 0.4510168181527277,
      "n_boot": 10000,
      "se": 0.011709344246760626
    },
    "frechet_variance": {
      "point": 0.8968423120993778,
      "ci_lo": 0.8846348621104706,
      "ci_hi": 0.9084930507596716,
      "n_boot": 10000,
      "se": 0.006067699643890961
    }
  },
  "frac_consistent_auprc": {
    "direction_instability": {
      "point": 0.8984895984373008,
      "ci_lo": 0.8816439499049165,
      "ci_hi": 0.9146874967546947,
      "n_boot": 10000,
      "se": 0.008496513727288421
    },
    "magnitude_cv": {
      "point": 0.22719506841391757,
      "ci_lo": 0.21083135398384567,
      "ci_hi": 0.24733575237729197,
      "n_boot": 10000,
      "se": 0.009313808208985606
    },
    "frechet_variance": {
      "point": 0.8526218291203299,
      "ci_lo": 0.8318875297656406,
      "ci_hi": 0.8726534203231163,
      "n_boot": 10000,
      "se": 0.010418453131913457
    }
  },
  "paired_differences": {
    "cosine": {
      "magnitude_cv": {
        "point_diff": 0.7655795376735417,
        "ci_lo": 0.711326308172393,
        "ci_hi": 0.8108148516218534,
        "p_value": 0.0,
        "n_boot": 10000,
        "auprc_a": 0.8141733944122179,
        "auprc_b": 0.048593856738676264
      },
      "frechet_variance": {
        "point_diff": 0.00297150123922596,
        "ci_lo": -0.013546639709221523,
        "ci_hi": 0.019097936538355006,
        "p_value": 0.3734,
        "n_boot": 10000,
        "auprc_a": 0.8141733944122179,
        "auprc_b": 0.811201893172992
      },
      "mean_top_gene_jaccard": {
        "point_diff": 0.042585069494923466,
        "ci_lo": 0.01984338099018991,
        "ci_hi": 0.06734566335031471,
        "p_value": 0.0003,
        "n_boot": 10000,
        "auprc_a": 0.8141733944122179,
        "auprc_b": 0.7715883249172945
      }
    },
    "jaccard": {
      "magnitude_cv": {
        "point_diff": 0.5221119564314844,
        "ci_lo": 0.4986063191109757,
        "ci_hi": 0.5426378550734078,
        "p_value": 0.0,
        "n_boot": 10000,
        "auprc_a": 0.9484750724711277,
        "auprc_b": 0.42636311603964333
      },
      "frechet_variance": {
        "point_diff": 0.05163276037174991,
        "ci_lo": 0.043557879964955984,
        "ci_hi": 0.059937552596073924,
        "p_value": 0.0,
        "n_boot": 10000,
        "auprc_a": 0.9484750724711277,
        "auprc_b": 0.8968423120993778
      }
    },
    "frac_consistent": {
      "magnitude_cv": {
        "point_diff": 0.6712945300233832,
        "ci_lo": 0.6473445589033697,
        "ci_hi": 0.6917659906673003,
        "p_value": 0.0,
        "n_boot": 10000,
        "auprc_a": 0.8984895984373008,
        "auprc_b": 0.22719506841391757
      },
      "frechet_variance": {
        "point_diff": 0.0458677693169709,
        "ci_lo": 0.035926074464986496,
        "ci_hi": 0.05645830561262475,
        "p_value": 0.0,
        "n_boot": 10000,
        "auprc_a": 0.8984895984373008,
        "auprc_b": 0.8526218291203299
      },
      "mean_top_gene_jaccard": {
        "point_diff": 0.02686660638972982,
        "ci_lo": 0.016816058299736317,
        "ci_hi": 0.03720266329078251,
        "p_value": 0.0,
        "n_boot": 10000,
        "auprc_a": 0.8984895984373008,
        "auprc_b": 0.871622992047571
      }
    }
  }
}