same_source_D,different_source_D,delta,n_sources
0.5268090393897816,0.9015213526837943,0.37471231329401267,5
0.8884228135402241,1.0585360996656643,0.1701132861254402,3
0.7246213755747601,1.0726539707677223,0.34803259519296215,3
0.9934038190494737,1.0223062277551442,0.028902408705670513,3
0.6923718359526252,1.1807379951788277,0.4883661592262025,3
0.8292377778954837,1.0144979804875893,0.18526020259210563,5
0.9497537414849196,1.0331439916964145,0.08339025021149482,3
0.7123648646138514,0.988562900921868,0.27619803630801665,3
0.6757738019629957,0.9277543579903134,0.2519805560273176,3
0.800448368379517,0.9727578952068897,0.17230952682737266,3
0.7934276174671572,0.935760272618903,0.14233265515174587,3
0.8879456006797091,0.9615929871137754,0.07364738643406632,3
0.706351368402514,0.9119339381988747,0.2055825697963607,3
0.7942746580530686,0.8748391307127978,0.08056447265972921,3
0.6289091119975126,0.8707842848667627,0.2418751728692501,3
0.9113588105118047,0.9384681121759367,0.027109301664132057,3
0.7838622784621831,0.9600984267093073,0.1762361482471242,3
0.9685829125148735,0.9457899646931661,-0.022792947821707377,3
0.9612316291874294,1.0990229281642658,0.1377912989768364,3
0.8699543943211081,0.9976452548000798,0.1276908604789717,3
1.164658261262371,1.066982595785405,-0.09767566547696593,3
0.8443701866344956,1.1191561970908293,0.27478601045633366,3
0.9538772553916204,1.0282160994808145,0.07433884408919411,3
0.8942251262950061,1.052879943802942,0.15865481750793586,3
1.0667293076717057,1.0289388091371738,-0.03779049853453187,3
0.7352242198457138,1.019807073229736,0.2845828533840221,4
0.8219736219908901,1.1153470130508516,0.2933733910599615,3
0.8366992645287976,0.9880400602876831,0.15134079575888548,3
0.9183900811276688,0.9212527427680953,0.002862661640426478,3
1.0678303431297438,0.9640023817856924,-0.10382796134405137,3
0.48560894944444755,1.0170639794455913,0.5314550300011438,3
0.637396199100145,1.0312491988103278,0.39385299971018284,3
0.8147075310189317,1.073617402491628,0.2589098714726964,3
0.6865073456845328,1.027073983092321,0.34056663740778825,3
0.9068600399750977,0.9368044344183982,0.029944394443300548,3
0.9577284115322379,1.0767606874699094,0.11903227593767152,3
0.9216660580342462,1.0714551114416555,0.14978905340740933,3
0.9082612584227959,1.043632710132765,0.135371451709969,3
0.592865885363708,1.193302841070609,0.600436955706901,3
0.7771267081578168,0.9659889184048485,0.18886221024703165,3
0.7919134205911394,1.0089406509687897,0.21702723037765026,3
1.1648681714539422,1.0194509366962667,-0.14541723475767543,3
0.8130845558224877,0.8137320407738482,0.0006474849513604664,3
0.9800941808949304,0.9143529410186169,-0.06574123987631353,3
0.9661863637219752,0.9698744247533865,0.0036880610314112827,3
0.6355533020926679,0.8916655997412972,0.2561122976486293,3
0.7885757851206867,0.9029692772534158,0.11439349213272909,3
0.7035734363964155,0.8818381185997437,0.17826468220332825,3
0.8419543322996126,0.9510262063064557,0.10907187400684315,3
0.8155138641446582,0.8976018595719746,0.08208799542731637,3
0.9497390825029821,1.0351933675352887,0.08545428503230657,3
0.8009364763150147,1.025252168579122,0.2243156922641073,3
0.9009487229855848,0.8680456807473063,-0.03290304223827856,3
0.7421966871416513,1.067842135245781,0.32564544810412965,3
0.6962644546849314,1.0648145809405132,0.3685501262555818,4
0.29476371318431394,0.6254261281787736,0.3306624149944597,3
0.9941166850810852,1.0046332149817891,0.010516529900703953,3
0.10446149548431767,0.3993945483658134,0.29493305288149574,3
0.6501128076747794,0.9218779958907145,0.2717651882159351,3
0.42829367297834176,0.844456521096315,0.4161628481179732,3
0.3514790685017995,1.0365354210777813,0.6850563525759819,3
0.7106427596038487,0.9919351415320341,0.2812923819281854,3
0.8950368907256954,0.9107333834925353,0.01569649276683993,3
0.9574995599724392,1.0716954091755884,0.11419584920314918,3
0.9338982854736079,0.9385785673086146,0.004680281835006683,3
0.9671885136735804,1.0500771456880533,0.08288863201447294,3
0.9964194859281388,0.8853521028886607,-0.11106738303947805,3
0.8390273910616665,0.9360937645727088,0.0970663735110423,3
0.8014396180145548,1.035278939871354,0.23383932185679923,3
1.0259330083682268,0.9326875814109874,-0.09324542695723936,3
0.695588797337416,1.0673423652890413,0.3717535679516253,3
0.7519386112154572,0.8974853644516403,0.14554675323618305,3
0.6590339702537962,1.105189494418712,0.4461555241649158,3
0.48827457620361114,1.071823453840899,0.5835488776372879,3
0.7741535903186354,1.0076303821308867,0.23347679181225134,3
0.6268653574134425,1.090836030442284,0.46397067302884143,3
0.5955645202099084,0.924027481281553,0.32846296107164463,3
0.8863877570463118,0.9867294168166494,0.1003416597703376,3
0.7957415098393747,1.096120096392732,0.30037858655335725,3
0.6056642566358555,1.0337795947614816,0.4281153381256261,3
0.436323054742915,0.8094548724343902,0.3731318176914752,3
0.9772812374561226,1.0311903199845385,0.053909082528415864,3
1.0346881114084412,0.9391022334917626,-0.09558587791667861,3
0.9025914487709336,1.0991752095098484,0.19658376073891481,3
0.9536880793488727,1.0240849906640181,0.07039691131514547,3
0.893157112549207,1.1122840193670147,0.21912690681780767,3
0.7044249509279181,1.0087623041109812,0.3043373531830631,3
0.29638959890680777,0.8764661554757249,0.5800765565689172,3
0.5646725755688445,1.1409014982990802,0.5762289227302356,4
0.9619634040810311,0.9187254119161608,-0.04323799216487034,3
0.9108027312172433,0.9257312147143724,0.014928483497129053,3
0.8304350314533124,1.0849505635304548,0.2545155320771424,3
0.9876126011012785,0.9487253039112623,-0.03888729719001616,3
0.3376822353030544,1.1876275983499156,0.8499453630468612,3
0.627915625256995,1.1087321223205786,0.48081649706358365,3
0.627048543417277,0.9997022005138015,0.37265365709652454,3
1.0342462087410693,1.0065449426556807,-0.027701266085388587,3
0.9932991270239909,1.0107220869441051,0.017422959920114223,3
0.5709048824608365,1.1992857448924428,0.6283808624316063,3
0.780690051864546,1.052344268631088,0.271654216766542,3
1.0066011496665175,1.0285987007654376,0.0219975510989201,3
0.7305977101300187,1.0420655436507305,0.3114678335207117,3
0.9367258996493397,1.0325839009038646,0.09585800125452493,3
0.8675877259426219,1.092849411775351,0.2252616858327292,3
0.8064265413098234,1.0160080783264056,0.20958153701658222,3
0.8315996549242342,0.9893895854155872,0.15778993049135304,3
1.0230848218378825,1.0077120008164553,-0.01537282102142723,3
0.9240270592388249,0.9675782489874999,0.043551189748675,3
0.6282629225692901,1.095393140119867,0.46713021755057704,3
0.6744712664522732,0.9744269854455775,0.2999557189933043,3
0.8883365569678097,1.0464818777962774,0.15814532082846777,3
0.9373213843483403,1.100387938570961,0.16306655422262062,3
0.6929921337088196,1.06501528074149,0.3720231470326705,3
0.48184503026536896,0.5010036569429109,0.01915862667754198,3
0.8774232278722981,1.0421825312162265,0.1647593033439284,3
0.5784710310118536,1.0370514629309326,0.45858043191907905,3
0.6592724767457874,0.7364477845966158,0.07717530785082838,3
0.949399711840568,0.9003844043000616,-0.049015307540506425,3
0.709165415098579,1.108526037427555,0.39936062232897596,3
0.6486167359075969,1.0055714848874717,0.3569547489798748,3
0.39691684338950645,0.983136228171178,0.5862193847816715,3
0.8140720855925903,1.0059071371030621,0.19183505151047187,3
0.6471375044279009,1.0832246649479316,0.4360871605200307,3
0.9427737567388643,1.081358391092032,0.1385846343531676,3
0.9269966949481776,1.0191641427920808,0.09216744784390318,3
0.661167828927153,1.0562076213464409,0.3950397924192879,3
0.5630552685570867,0.7556357282077325,0.19258045965064585,3
0.08481201542943946,0.3680457658384829,0.28323375040904347,3
0.8940230474274505,0.8680316773660023,-0.02599137006144825,3
0.45006164914883157,0.838277406059556,0.38821575691072446,3
1.1195356386977884,0.9579610082803178,-0.16157463041747055,3
0.9048733274921024,1.0256138583857963,0.12074053089369396,3
0.7247589105892535,0.7660343927091204,0.04127548211986698,3
0.5859582443011778,1.1610532655715786,0.5750950212704008,3
0.4222233307147501,0.4686129598320998,0.04638962911734967,3
0.9298912452122299,0.9307319171465565,0.0008406719343265756,3
0.1389147554169728,0.4652424876846684,0.3263277322676956,3
0.897669136586301,1.0070403591421218,0.10937122255582077,3
0.7747821073830361,1.0042171938908753,0.22943508650783917,3
0.788460865100258,1.1436375738794422,0.35517670877918417,3
0.5251937820153715,0.9273450420259461,0.40215126001057466,3
0.8778687828752147,1.021563396485328,0.14369461361011315,3
0.2508186399810935,0.7498830765069956,0.4990644365259021,3
0.3921706442386822,0.5708796344646888,0.17870899022600661,3
0.9216896601692814,0.9625180885846258,0.0408284284153444,3
0.7600926229960219,1.0632487656786078,0.30315614268258595,4
0.8542597372058156,0.9819667893887207,0.12770705218290512,3
0.9366523005883116,0.9992067588836478,0.06255445829533623,3
0.7933308468229355,0.9601874233058221,0.16685657648288654,3
0.8640513714865213,1.0445887129170315,0.18053734143051015,3
1.0548675258864355,1.0676459467515698,0.012778420865134255,3
0.9635115548664777,0.9734338122118897,0.009922257345412078,3
0.9786497258290796,0.9620455912835544,-0.01660413454552523,3
0.9007329539485414,1.0283409273117803,0.12760797336323892,3
0.752223690740427,0.9332357552465267,0.18101206450609963,3
0.4820424922030662,0.8675607383976031,0.38551824619453684,3
0.836605864141335,0.9725625177025163,0.13595665356118136,3
0.812568633349311,1.061442039577871,0.24887340622856002,3
0.5456675015849017,1.0023418189311195,0.4566743173462178,3
0.8631520260079399,1.0569739298314085,0.19382190382346853,3
0.7783918491486783,1.0702431230454228,0.2918512738967445,3
0.7524273765803642,1.044705657834516,0.2922782812541518,3
0.8155183008646011,1.0160901312722153,0.20057183040761417,3
1.0690406512487973,1.0316527031891423,-0.03738794805965506,3
0.7452706416615037,1.0914062121402892,0.3461355704787855,3
0.8678151750144746,0.7644175275094438,-0.10339764750503078,3
0.6431255399978442,1.0791962103793789,0.4360706703815347,3
0.7795066316479253,1.1389542571177635,0.3594476254698382,3
0.7481847350107924,0.9346985527708235,0.18651381776003106,3
0.8744567298314474,0.8759442483428908,0.0014875185114433531,3
0.7969509153876506,1.140373898292863,0.34342298290521245,3
0.9135225523545278,0.9642621196968213,0.05073956734229346,3
0.8550920009076801,1.038718885241339,0.1836268843336588,3
0.8990418741514061,1.1467289097268787,0.24768703557547256,3
1.0182284967933422,1.030461330857025,0.012232834063682807,3
0.8924192902971986,1.011640520098756,0.11922122980155736,3
0.8369339736696693,0.9742411951731528,0.1373072215034835,3
0.8055576997069962,1.0503769574963704,0.2448192577893742,3
0.6008125406190409,1.0326192619345769,0.431806721315536,3
1.0551484741382033,1.0743912904893147,0.019242816351111358,3
0.6600121928334561,0.9593536566040866,0.2993414637706304,3
0.9203005360144125,1.0270844953430391,0.10678395932862661,3
0.9018252332474429,0.9673223003879018,0.06549706714045889,3
0.8334973946933326,0.7858506667212705,-0.04764672797206215,3
0.3335447040373287,0.5145448229071296,0.18100011886980083,3
0.8140211759506975,1.0756174932404325,0.2615963172897351,3
0.4728080671961603,1.1412857269833967,0.6684776597872364,3
0.9933544138037077,0.8109954044923608,-0.18235900931134685,3
0.9668260717742398,1.0413841504461696,0.07455807867192976,3
0.936863512632242,0.9028494342678363,-0.03401407836440573,3
0.9834240251214525,1.0370664948139687,0.05364246969251618,3
1.0062649295242934,0.9595926935980597,-0.04667223592623371,3
0.4270783292511208,0.8477549925416806,0.4206766632905598,3
1.0208662643307655,1.0025519330826087,-0.018314331248156845,3
0.9358874396390818,1.0877595810988627,0.1518721414597809,3
0.8613530162846265,0.9017055845565544,0.0403525682719279,3
0.7178107399874167,0.8291926481933318,0.11138190820591509,3
0.814425338781228,1.153304454142117,0.3388791153608889,3
0.5987117357625575,1.0797890605137934,0.4810773247512359,3
0.7153832447590976,0.9369549956820492,0.22157175092295156,3
0.9225465117622897,1.061776111378219,0.13922959961592918,3
0.7410414359866091,0.9463618421595992,0.20532040617299008,4
0.9674565658510308,1.131030308154405,0.1635737423033743,3
0.9617921067662988,0.9758361346772484,0.014044027910949608,3
0.7886900186027648,1.010745656306942,0.22205563770417713,3
0.910332075061543,1.062153585633164,0.15182151057162108,3
0.5919374903383197,1.0077919150170085,0.4158544246786888,3
1.1165932333604316,0.9250658408411313,-0.1915273925193003,3
0.9367083669393181,1.0307710693228471,0.09406270238352898,3
0.7426693668241002,0.9636129919041744,0.22094362508007415,3
0.718067309970375,0.9375874142145273,0.21952010424415225,3
0.33708731230453814,0.5833584670986657,0.24627115479412753,3
0.7765090897751743,0.8764265468637067,0.09991745708853239,3
0.8873113448041312,0.9146765766164651,0.027365231812333857,3
0.8088019831306296,0.9152776819746464,0.10647569884401686,3
0.6571035463186092,1.1293269310522955,0.4722233847336863,3
0.7394851275965388,1.0152999110577758,0.275814783461237,3
0.7036562416233997,0.8991092790601973,0.19545303743679765,3
0.7176944611983784,1.0418062667328243,0.32411180553444585,3
0.9310672377671194,0.9747103740710443,0.04364313630392491,3
0.7252599095396366,1.0305211541520989,0.3052612446124623,3
0.7815555078410347,0.7812773900769047,-0.00027811776413000366,3
0.9371549171917963,0.9918961831469841,0.0547412659551878,3
0.8290435474808632,0.9165352875321616,0.08749174005129845,3
0.7459335435541316,1.0761194537732934,0.3301859102191619,3
0.7402104570437864,0.8974994988421583,0.1572890417983719,3
0.7764719226794229,1.1589075207087531,0.38243559802933025,3
0.906809065154092,1.0427697867085057,0.13596072155441374,3
0.8380008545038711,0.9807307340304249,0.1427298795265538,3
0.9243081025090125,0.9613881104413148,0.03708000793230226,3
0.18621647802181548,0.548359325852277,0.36214284783046147,3
1.048737602089713,1.0324922359789361,-0.01624536611077687,3
0.5705015083871275,1.0239428730427769,0.4534413646556493,3
0.6455386485195589,1.0046542257703135,0.3591155772507546,3
0.7432707518091048,0.9722234242120509,0.22895267240294603,3
0.7353917918613604,1.0282103238064626,0.2928185319451022,3
0.6000687404111418,1.1244982953645772,0.5244295549534355,3
0.9407685470699712,0.9460532572862801,0.005284710216308941,3
0.5763126286232523,1.0462577269303395,0.4699450983070872,3
0.8271060774525543,0.9464906292875868,0.11938455183503249,3
0.9774266521477131,0.9557357145796678,-0.0216909375680453,3
0.3876812743800277,1.058132314205036,0.6704510398250083,3
0.9997345891928663,1.0799859059131827,0.08025131672031638,3
0.5033537574269746,0.9693974492206962,0.4660436917937215,3
0.40922861490841234,1.0571295663924176,0.6479009514840053,3
0.806070805716022,0.9331930735705185,0.12712226785449654,3
0.9091692846001381,0.9234197636243507,0.014250479024212614,3
0.9187032193627638,0.930446102736712,0.011742883373948243,3
0.8877255135334462,1.0044123871246644,0.11668687359121821,3
0.5054910737827482,1.1297529474381134,0.6242618736553652,3
0.7339121632991159,0.9733041246842784,0.2393919613851625,3
0.7959708138375328,1.0838087741809888,0.287837960343456,3
0.8438995396662086,1.0738961165590362,0.2299965768928276,3
0.6852613363255539,0.853400831844081,0.16813949551852714,3
0.8001086547424436,0.8579874480301614,0.05787879328771772,3
0.8559047890522948,1.0002551453094246,0.14435035625712977,3
0.9325949686489572,0.9890016735248324,0.05640670487587518,3
0.6951439956211368,0.9083447052402326,0.21320070961909576,3
0.8143388351842727,1.1072154408507273,0.29287660566645457,3
0.9116963106336982,1.0145313464747154,0.10283503584101727,3
0.833162309443702,0.9622016659854173,0.1290393565417154,3
0.6293961380397496,0.8409910685995852,0.21159493055983558,3
0.7312118361666176,0.7813165302296164,0.05010469406299889,3
0.9031219517021396,1.0363670713171298,0.1332451196149902,3
0.8535096843969574,1.0440915231167476,0.19058183871979018,3
1.0780439956099865,1.0047958475765113,-0.07324814803347524,3
0.9244620001488886,0.9967328261355964,0.07227082598670787,3
0.6039952015642589,0.9704425791824721,0.3664473776182132,3
1.043074391832633,1.0233099061822735,-0.019764485650359598,3
0.33948609089676324,0.4262011932297107,0.08671510233294744,3
0.7770509707589701,0.9260120384519501,0.14896106769298,3
0.6595190288479778,1.1224765959881986,0.46295756714022085,3
0.785874612971881,0.9801549180574967,0.19428030508561567,3
0.9193922344779885,1.003312558919332,0.08392032444134345,4
0.8559129923293478,1.0032100372940014,0.14729704496465357,3
0.6811287578850441,1.0057017559291497,0.32457299804410555,3
0.929548625436116,0.9469209032118704,0.01737227777575434,3
0.5021086110497672,1.1219585753313925,0.6198499642816253,3
0.728223837425347,1.0825945675580029,0.35437073013265585,3
0.8551606441409528,1.0776039688034182,0.2224433246624654,3
0.9745308856900489,0.9991530375969642,0.0246221519069153,3
0.589622561672908,0.7114152607921004,0.12179269911919233,3
1.0098164024488128,0.9950220895356414,-0.014794312913171348,3
0.8504112632679209,1.096023476621331,0.2456122133534101,3
0.7912209276372276,1.1531813501072317,0.36196042247000404,3
0.8095407122620067,0.9701240692038929,0.1605833569418862,3
0.9456278785790471,0.979664661422367,0.0340367828433199,3
0.702744032845334,1.059362248721561,0.356618215876227,3
0.6222427448078272,0.9272890848109784,0.30504634000315123,3
0.9410267925659798,1.0008423554922479,0.05981556292626811,3
0.9959825853470011,1.0011098000457561,0.005127214698754989,3
0.7703907002068057,0.9355347206929845,0.16514402048617882,3
0.4404489005376628,0.9418754696243253,0.5014265690866626,3
0.8241787482239797,1.0898827389449846,0.2657039907210048,3
0.8612692012976633,1.0761741223553325,0.21490492105766923,3
0.7704433615267126,0.7465564452665592,-0.02388691626015338,3
0.9343288854124534,1.0429676793698293,0.10863879395737586,3
0.7078812956422107,0.9982467194782559,0.29036542383604524,3
0.11212379179805876,1.1709566107936002,1.0588328189955414,3
0.5594659397318964,0.7646991493214055,0.20523320958950908,3
0.779854934910282,1.0258391810814724,0.2459842461711904,3
0.8187394968913662,0.9238417645318069,0.10510226764044073,3
0.5181351581451675,0.9773863603783796,0.45925120223321203,3
0.8333128670136827,0.9639357402800419,0.13062287326635924,3
0.33720752821452704,0.5721532165136113,0.23494568829908424,3
0.7904932822660998,1.113677507532623,0.32318422526652324,3
0.8355485936444718,1.111641898110641,0.2760933044661693,3
1.0230646399681858,0.9897044614065671,-0.03336017856161866,3
0.8209445439895167,0.9716394480999726,0.15069490411045594,3
0.7642048079206836,0.9462942099803427,0.18208940205965918,3
1.0136720841425695,0.8491475573655677,-0.1645245267770018,3
1.005338452255237,1.0258585357735996,0.020520083518362542,3
0.9391743151221674,1.0129589657287568,0.07378465060658934,3
0.8507826055162796,0.972875480927329,0.1220928754110494,3
0.5298307473902466,0.9312947493453726,0.401464001955126,3
0.9915277446587807,1.0076716732994775,0.016143928640696803,3
0.766299268320101,1.1287145701818782,0.3624153018617772,3
0.8542791384665661,1.0959824932904396,0.2417033548238735,3
0.9876912660280234,1.0030902061010254,0.015398940073002021,3
0.950509172529594,0.9472275155808669,-0.003281656948727063,3
0.5908801686126643,1.0935912596657758,0.5027110910531114,3
0.05647852403333951,0.9236402469505206,0.8671617229171811,3
0.8602871967979209,1.0877772852933394,0.22749008849541852,3
0.6330725109411515,0.5860590770773294,-0.04701343386382206,4
0.954653511323128,0.9052526266555049,-0.04940088466762316,3
0.795834238103642,1.0130815497822216,0.2172473116785797,4
0.9793637078656486,0.9832841295231232,0.0039204216574745265,3
0.8403871127053881,0.8645981194462934,0.02421100674090526,3
0.7096582502503079,0.9134647162059117,0.2038064659556038,3
0.9654290157800192,0.915468530634734,-0.04996048514528517,3
1.0110533235309727,0.9259575342041803,-0.0850957893267924,3
1.0964737178494217,1.0622821126403896,-0.03419160520903208,3
0.44761610024908993,0.5471150631913542,0.09949896294226424,3
0.6573861394689823,0.6871462271570089,0.029760087688026626,3
0.9777460865753662,0.9743866390743869,-0.0033594475009792735,3
0.939487067350123,1.0795126777378559,0.14002561038773287,3
0.41323877366533573,1.0221925540780525,0.6089537804127167,3
0.943184104463331,1.0428898485865177,0.09970574412318667,3
0.7288280740822817,0.8297843090440958,0.10095623496181416,3
1.0178808938645403,0.9414616435326302,-0.0764192503319101,3
0.6588059803804505,1.0201752857383803,0.3613693053579299,3
0.37102100177273023,0.8234120614963921,0.4523910597236619,3
0.728344314530265,1.0535883331353495,0.32524401860508445,3
0.8391210070140017,1.0424453954149648,0.20332438840096312,3
0.6926635415889829,0.8839573573668541,0.1912938157778712,3
0.7654446423330136,1.1314261438053577,0.3659815014723441,3
0.8899079237582777,0.9688732725116761,0.07896534875339845,4
0.8419893947321478,1.0025426046421395,0.16055320990999167,3
0.9505872979311346,1.0056994802550379,0.05511218232390325,3
0.7976041721802763,1.1345801480712208,0.3369759758909444,3
0.896199232468409,0.9788180827283466,0.08261885025993754,3
0.8898509468950292,0.9914232018701519,0.10157225497512268,3
0.8998330445910303,1.0719495391352198,0.17211649454418954,3
0.7231217820068536,0.9861352285812037,0.2630134465743501,3
0.7938368791711841,0.960155099761002,0.16631822058981793,3
0.8564205583311535,0.9535865014380926,0.09716594310693916,3
0.9098667751202368,0.9378857965789665,0.028019021458729698,3
0.813533514384674,0.8587121802425038,0.045178665857829814,3
0.8659526783861466,1.0565139180310772,0.19056123964493055,3
0.7913594712200303,0.9881679496089728,0.19680847838894255,3
0.7881380766210155,0.9722445324803679,0.18410645585935237,3
0.8270700747819278,1.0586569563826354,0.2315868816007075,3
0.5033725692005208,0.974130604933403,0.4707580357328822,3
0.7815191455633049,0.7382001320714748,-0.043319013491830094,3
0.6797791182093651,0.8715790886491508,0.1917999704397857,3
0.9812341915673246,1.0207725241775496,0.03953833261022499,4
0.5669399353935616,1.0778033402044227,0.5108634048108611,3
0.6042495248287776,0.7912007821550378,0.18695125732626017,3
1.0040527817321867,1.0792599476352043,0.07520716590301757,3
1.070409034927151,0.9739486219956927,-0.09646041293145824,3
0.7717508830440446,1.080330708070599,0.30857982502655446,3
0.952067569743688,1.0494453878278427,0.09737781808415469,3
1.1038978958597985,1.0747513360254561,-0.029146559834342334,3
0.7634322814959579,1.057097384199564,0.293665102703606,3
1.0725287693958845,1.0309064335433846,-0.04162233585249986,3
0.7287944593235899,0.9091650061453749,0.180370546821785,4
0.9071312745850142,1.0955067422815348,0.18837546769652058,3
0.7894239454476022,1.067383589808352,0.2779596443607497,3
0.5222278854939049,1.0773784992190738,0.5551506137251689,3
0.9390561730312101,0.9489860363345244,0.009929863303314246,3
0.9847357957955806,0.9559719186158595,-0.028763877179721065,3
0.41023314233295094,0.88221550589438,0.4719823635614291,4
0.8590405194987627,1.127037485781336,0.2679969662825732,3
0.914732968972092,1.0946962317035185,0.1799632627314265,3
0.6603696593023883,0.986374584083283,0.3260049247808947,3
0.9404316591622126,1.020883576840445,0.08045191767823234,3
0.925280388265486,0.9713445479874318,0.046064159721945774,3
0.9433554127811181,0.9729838159194704,0.029628403138352244,3
0.8152546599053415,0.8645564879741393,0.04930182806879779,3
0.7752634035254755,0.8682305777447592,0.09296717421928369,3
0.8156928402577832,1.0741310344604538,0.25843819420267056,3
0.9492367463601773,1.0067403112744855,0.05750356491430819,3
0.860058509983801,0.9952668925803675,0.13520838259656653,3
0.3741555083112491,0.7672519743308198,0.3930964660195707,3
0.711769825473849,0.9978701933864524,0.2861003679126034,3
1.0449061762039134,0.9923348976845675,-0.05257127851934584,3
0.7752337928543641,0.9506207722882101,0.17538697943384596,4
0.7673020973329244,0.940005690639252,0.17270359330632756,3
0.35972153741975804,0.8907868313482648,0.5310652939285068,3
1.172976673303451,1.005181565966104,-0.16779510733734693,5
0.8321268929523601,1.0194618825609443,0.1873349896085842,3
1.0492592452116618,1.0575682329488003,0.008308987737138507,3
0.9999990919600017,0.8683272579700196,-0.13167183398998206,3
1.0382328442164337,0.9060727466967415,-0.13216009751969215,3
0.8955875889297624,0.9995001611050011,0.10391257217523864,3
0.9618247279144786,1.0306805299373951,0.06885580202291652,3
0.7836667851007639,0.8409688158905221,0.05730203078975815,3
0.9252188341075316,0.9444744361235807,0.019255602016049145,3
0.8056145374458257,1.0344907319100083,0.22887619446418261,3
0.8325634049013556,1.0228528308692562,0.19028942596790055,3
0.6597370674338188,0.7609131140020807,0.10117604656826196,3
0.7029409173337673,1.1791572906338001,0.47621637330003286,3
0.9464673462017233,0.991516009387437,0.045048663185713655,3
0.5795703555666274,0.8572130729332933,0.2776427173666659,3
0.5118326129337589,0.9432798945910331,0.4314472816572742,4
0.9276185517397268,0.9993457501187413,0.07172719837901442,3
0.623071076167169,1.1243663830980828,0.5012953069309138,3
0.9390222771678168,1.0373413570791963,0.09831907991137945,3
0.8014709555169187,1.1208069675258392,0.3193360120089205,3
0.8953523904409141,1.0719351233589407,0.17658273291802662,3
0.8652997512978536,0.8735730569412757,0.008273305643422102,3
0.9730175810485878,0.8948305682520603,-0.07818701279652751,3
0.9641074974435746,0.9943435883751007,0.030236090931526127,3
0.6638494069171494,1.1151864280906538,0.4513370211735044,3
0.932603150060284,0.894494237705258,-0.038108912355026,3
0.8621976854720461,0.9193499654111038,0.05715227993905769,3
0.9986554833322456,0.9586454780963193,-0.04001000523592635,3
0.9436367224294914,1.0183834116519903,0.07474668922249894,3
0.8565009876415494,1.0155123509775636,0.1590113633360143,3
0.9241924204127354,1.069944934669647,0.1457525142569116,3
0.9964454544912245,1.0845391141417111,0.08809365965048666,3
0.8834878120367268,1.00902741615969,0.12553960412296317,3
0.7437659757626331,0.8205652921036167,0.07679931634098358,3
0.9583667912916906,0.9997248911263344,0.04135809983464389,3
0.9616245364342295,1.0243268254326512,0.06270228899842167,3
0.7152203129458596,1.1525604895031225,0.43734017655726287,3
0.4983205964625246,1.0646453889675107,0.5663247925049861,3
0.9087558005659983,0.986132378266979,0.07737657770098072,3
0.5061611827749287,1.2124403682054965,0.7062791854305678,3
0.7579516360706119,1.0413246535920968,0.2833730175214849,3
0.9225360023739723,1.0069100232996564,0.08437402092568413,3
0.833793683183312,0.944289846862354,0.11049616367904191,3
0.869937113119334,0.998407226578345,0.12847011345901105,3
0.9220148153694446,1.0024364324146697,0.0804216170452251,3
0.8229837729311619,1.1295432842306834,0.3065595112995215,3
0.9368149082698374,0.9894546548495405,0.05263974657970316,3
0.8179061579909584,0.9211210628637988,0.10321490487284035,3
0.7111963769364831,0.9486851926368052,0.2374888157003221,3
0.6788969523828794,1.0840469914401085,0.4051500390572291,3
0.5888263003961769,0.9514360130853188,0.3626097126891419,3
0.595246330658069,0.6078977625126413,0.012651431854572293,3
0.6366466093830353,1.1208402844423564,0.4841936750593211,3
0.6062139057491303,0.8482239328794111,0.24201002713028086,3
0.38648858887760845,0.7366548545334002,0.35016626565579173,3
0.8789520789666732,1.0373430207633976,0.15839094179672442,3
0.6612132840586983,1.0342326448522434,0.37301936079354514,3
1.0156480286026004,0.9580307763045806,-0.05761725229801984,3
0.7469075327544267,1.113010605219474,0.36610307246504725,3
0.9902281961187267,1.0477952558438586,0.057567059725131875,3
0.8180846891974076,1.1121375157960325,0.29405282659862486,3
0.7636993594791516,1.0312711818916946,0.26757182241254307,3
0.6998536751492189,0.9597920544151269,0.259938379265908,3
0.8624516671597612,1.068776157137927,0.20632448997816588,3
0.73465645396142,1.001247955288823,0.26659150132740295,3
0.9053814543311152,0.9602056319735406,0.05482417764242542,3
0.7231844626584416,1.0166775077143648,0.2934930450559232,3
0.8233357976121111,0.8944381403003115,0.07110234268820048,3
0.8061085613407695,1.0515150615751052,0.24540650023433574,3
0.941046645593888,0.9074574738320649,-0.03358917176182308,3
0.9429295859144065,0.9928696194221525,0.04994003350774601,3
0.8631092866881033,0.9243721428048307,0.06126285611672744,3
0.8220146868950324,0.9721362393882902,0.15012155249325776,3
0.8490517342499828,1.1021599511674205,0.2531082169174377,3
0.7970670336915002,1.0321304099300745,0.23506337623857432,3
0.9569833347705452,0.8992078687044451,-0.05777546606610007,3
1.0938108069425558,0.9386051192533728,-0.15520568768918308,3
0.9666279625745199,0.9802854040250345,0.013657441450514618,3
0.9272954173503294,1.0414973097315687,0.11420189238123934,3
1.060643106978903,1.0101463900511594,-0.05049671692774371,3
0.5126278059668765,0.9925612545356378,0.4799334485687613,3
0.631242610667595,1.1123600582472775,0.48111744757968244,3
0.9784399674659725,1.0865015384180516,0.10806157095207913,3
0.844872512764882,0.9828949887633879,0.13802247599850592,3
0.8805921966856101,0.8520031101007527,-0.02858908658485737,3
0.7577620855750226,1.0015310081775606,0.24376892260253802,3
0.9330658215020634,1.0232292961069935,0.09016347460493013,3
0.9663304113630945,1.0104199632570467,0.04408955189395225,3
0.5607124785947049,0.9997514583660987,0.43903897977139383,3
0.8427577679064493,1.0925828827789101,0.24982511487246084,3
0.9947057947698057,1.0220322266433928,0.027326431873587076,3
0.7162011356528244,0.7124460872837217,-0.003755048369102676,4
0.8783934180852977,0.9999233634914587,0.12152994540616102,3
0.8639821818480651,1.0546140552650107,0.19063187341694565,3
0.9202517949663541,0.9315006557955637,0.011248860829209617,3
0.949588891728733,1.0300106662320903,0.0804217745033573,3
0.9207236836991518,0.9547871316826912,0.03406344798353944,3
0.8661864476498221,1.0486259071827162,0.1824394595328941,3
0.8351604131473103,1.0594597473168708,0.2242993341695605,3
0.7395525033123969,1.090454524537133,0.35090202122473624,3
0.8205161123341463,0.8873674905478249,0.06685137821367859,3
0.5412234540738917,0.8622129961475395,0.3209895420736478,3
1.1191156446441468,0.9551094815254635,-0.16400616311868332,3
0.8173020509362736,0.9453971889692111,0.12809513803293748,3
1.0152516169516046,0.99027287426774,-0.024978742683864574,3
0.9171803811132851,1.0003021635540654,0.08312178244078028,3
0.6288800656914495,0.7104717061695902,0.08159164047814071,3
0.80361137394518,0.9343440305630255,0.1307326566178455,3
0.6084870498338245,0.9527195534388391,0.34423250360501456,3
0.8009382706614767,0.801132280128797,0.00019400946732028856,3
0.9085707361181117,0.9328600746098529,0.024289338491741197,3
0.9890373525999437,1.0693009592977023,0.08026360669775856,3
0.7811739744486987,0.8764225151745761,0.0952485407258774,4
0.9957200167807501,0.929468963017061,-0.06625105376368912,3
0.9630673970839698,0.9271370512463929,-0.03593034583757693,3
0.8381243832893515,0.8589253062920218,0.020800923002670335,3
0.8031205632546032,1.1218687356231796,0.31874817236857633,3
0.9897441486429397,1.0270326370489893,0.03728848840604959,3
1.0968898340319448,0.9323812622096664,-0.1645085718222784,3
0.8043381432185658,0.8820889344264315,0.07775079120786577,3
0.7947626157678378,0.9390185989893827,0.14425598322154487,3
0.9710384902329716,0.8686009732168252,-0.10243751701614645,3
0.8703303979549288,1.0004038848877406,0.13007348693281173,3
0.7245858438315986,0.8577312226322501,0.13314537880065147,3
0.6868177656466925,0.9865584213961265,0.299740655749434,3
0.7526533827171791,1.1259878162513692,0.37333443353419016,3
0.4919993973840193,0.9104538824840552,0.4184544851000359,3
0.7542728878544509,1.0805883749149254,0.32631548706047453,3
1.0098492648570931,1.0630754503953281,0.053226185538234994,3
0.8424673846412112,1.0142808585491865,0.1718134739079753,3
0.30834147872314394,0.7339242357634381,0.4255827570402942,3
0.9502651531400301,0.8864300105916328,-0.06383514254839728,3
0.9782392256038163,0.9315426509240756,-0.04669657467974064,3
0.6865340314963331,1.0291761780635154,0.3426421465671823,3
0.8356951179349341,1.0257334732051457,0.19003835527021162,3
0.9650455216840907,1.051663996701675,0.08661847501758424,3
0.555298436301089,1.1386460890673538,0.5833476527662648,3
1.063013352478448,1.0812664056398889,0.01825305316144088,3
0.6247819167836237,1.0306460739390122,0.4058641571553885,3
0.6598273819932252,0.7566955391458465,0.09686815715262131,3
0.6329384879852066,0.8648461557443142,0.23190766775910765,4
0.4373193724479852,1.1642190878422458,0.7268997153942607,3
0.7046466298696503,0.8186497109822563,0.11400308111260593,3
0.6227485251025993,0.5938993034731632,-0.02884922162943604,4
0.9209510207047605,0.8733890496465546,-0.04756197105820592,3
0.9301431146316329,0.9816865678194929,0.05154345318786002,3
0.6940350563993516,0.9399174399734601,0.24588238357410852,3
0.7277941346722934,0.86095965242833,0.13316551775603658,3
0.6648288730503814,1.0200865350956896,0.3552576620453082,3
0.8693103037535441,1.0720797321361935,0.20276942838264933,3
0.3250196485039503,0.8885004344290176,0.5634807859250672,4
1.0463204621789268,1.0444690664647989,-0.001851395714127957,3
0.947854057586853,0.9679605611821165,0.020106503595263447,3
0.6655229300606008,1.0738114655790034,0.4082885355184026,3
0.91077440245846,1.0949528187261202,0.18417841626766018,3
0.08739672312382497,0.2940408735383719,0.20664415041454692,3
0.8853674829707456,1.0382602270111017,0.15289274404035602,3
0.7178413112502519,0.9008921236560953,0.18305081240584342,3
0.9354349588519121,0.8930402105117098,-0.04239474834020229,3
0.5323119504656861,1.1089532273892082,0.5766412769235221,3
0.8946963795461595,0.9780328071141664,0.08333642756800685,3
0.7497703613041015,1.0060827025606494,0.2563123412565479,3
0.898907203018248,0.94155194000399,0.042644736985742004,3
0.9748944162952667,1.0603236568973773,0.08542924060211055,3
1.0620754416407154,1.019060383743308,-0.04301505789740734,3
0.9365274357914489,0.9056458922582422,-0.030881543533206712,3
0.6598140254020652,0.7007722341875009,0.04095820878543566,3
0.834281440798596,0.8151164972843504,-0.01916494351424558,4
0.7983484354672117,1.078145244308135,0.2797968088409233,3
0.8263981054802294,1.0464287450374348,0.22003063955720537,3
0.3066261876378502,0.5106555134806137,0.20402932584276345,3
0.5277820695864709,1.1425287064169838,0.6147466368305129,3
0.5251184084377895,0.8520533409409409,0.3269349325031514,3
0.5210251248952185,1.0899553629668282,0.5689302380716097,3
0.9439943081682293,1.0292001005547933,0.085205792386564,3
0.9149216202809778,1.031824943851967,0.11690332357098931,3
0.8068930389749215,0.9152760167937164,0.10838297781879491,3
0.6134016947271945,1.1665319577331628,0.5531302630059682,3
0.5021377704632068,0.6848386890189945,0.18270091855578763,3
0.877165284208169,0.9337706822270121,0.05660539801884312,3
0.8128273723192685,1.156401744131927,0.3435743718126585,3
0.5521021198365713,0.9455156396885284,0.39341351985195705,3
0.7933397626565702,1.094618980067222,0.30127921741065167,4
0.9581580258343697,1.0421864027924024,0.08402837695803267,3
0.48089680137167123,1.106526045359174,0.6256292439875029,3
0.48011165490970065,0.7825240549119084,0.3024124000022077,3
0.22736634037023448,0.731108770500763,0.5037424301305284,3
0.8634092523895889,0.8884768883909968,0.025067636001407934,3
0.7429711850119551,1.0208518306468035,0.2778806456348484,3
0.6169752686784111,0.8801508323310911,0.26317556365268,3
0.8310734435048115,1.0279370224950095,0.19686357899019802,3
0.9715406528978476,0.9565058310111969,-0.015034821886650729,3
0.7625557366161336,0.8733730219666709,0.11081728535053725,3
0.572484366347405,0.9122215592531434,0.33973719290573845,4
0.8073981764243086,1.0011769817577136,0.19377880533340508,3
0.6550111249206574,0.8785074627856495,0.22349633786499212,3
0.9297411747936835,1.0461922649861521,0.11645109019246869,3
0.9152341445455909,1.0314402792773267,0.1162061347317358,3
0.6599523939408345,1.0530469665881173,0.39309457264728276,3
0.7344361479138113,0.9293069793853113,0.19487083147149997,3
0.9655476768854346,0.9999194760668064,0.03437179918137179,3
0.9208914648547967,0.959572608032927,0.03868114317813032,3
0.8443742452397106,0.9265747227606976,0.08220047752098703,3
0.7161545887708378,0.8369453277375969,0.12079073896675907,4
1.025108737355578,0.8564676390229575,-0.16864109833262053,3
0.5482217761069027,0.7522444440198885,0.20402266791298584,3
0.5142003113612346,0.7244778702865056,0.210277558925271,3
0.6344424755735356,1.0572394483486278,0.4227969727750922,3
0.9569300050209898,1.0546950714352084,0.09776506641421856,3
0.8101716214141867,0.9980696548862088,0.18789803347202205,3
1.0906124993586161,1.0621122042102318,-0.02850029514838437,3
0.913418170012879,0.9640501453018544,0.05063197528897545,3
0.9949574984608741,0.8620578394854717,-0.13289965897540246,3
0.7042948340360438,1.0557587541715787,0.35146392013553496,3
0.7174681044671936,1.1051949431304307,0.3877268386632371,3
0.555390365034295,0.9853280834526894,0.42993771841839445,3
0.9692584738834401,0.9699284335703113,0.0006699596868712243,3
0.7127077201241824,1.0337795782396237,0.32107185811544137,3
0.9257161571784973,0.9716369932986157,0.045920836120118436,3
0.8646926265310008,1.11086806360095,0.24617543706994927,3
0.8521145422202228,1.0910614681599466,0.2389469259397239,3
0.8932941005921522,0.9954433833788837,0.10214928278673152,3
0.6995492935205802,0.9926150770308547,0.29306578351027457,3
0.9287965151191353,0.88943189849546,-0.0393646166236753,3
0.8338320543562044,0.8691539940307701,0.03532193967456565,3
0.8684319209830863,1.0656665457809913,0.197234624797905,3
0.9220412037753867,1.0580133915228298,0.13597218774744313,3
0.852362469069265,0.919726172397381,0.06736370332811592,3
1.00672719818157,1.0506766464679418,0.04394944828637182,3
0.6151501881565593,0.9191683771781914,0.30401818902163213,4
0.7723881842522855,1.0271964915754301,0.25480830732314463,3
0.6587136360793315,0.7780355967247543,0.11932196064542278,3
0.8794133697791956,1.0493979039946044,0.16998453421540882,3
0.627969512558194,0.8278999328171259,0.19993042025893193,4
0.9166213142389722,1.0884912016987536,0.17186988745978138,3
0.9746523509715785,1.0422094466691265,0.06755709569754798,3
0.9523809836147688,0.9536650851642949,0.0012841015495261843,3
0.7886167813570244,0.847907962356528,0.05929118099950359,3
0.5594812130902908,0.9361943677470896,0.3767131546567989,3
1.0634561820995163,0.9449458551829668,-0.1185103269165495,3
0.8835912048442645,1.0622201898620616,0.17862898501779712,3
0.6574096354471091,1.1742975362311612,0.5168879007840521,3
0.6746170815082575,0.9570890526292333,0.2824719711209758,3
1.157846650620621,0.957448232967663,-0.20039841765295807,3
1.0353996077564418,0.9790525738932561,-0.056347033863185736,3
0.8982078518926898,1.0137510197440125,0.11554316785132268,3
0.7379144776011324,0.9691907901601068,0.2312763125589744,3
0.7808014306139257,1.1077646190084578,0.3269631883945321,3
0.7354098084208275,0.973313722171073,0.23790391375024555,3
0.8060046727819504,1.0217575502288156,0.21575287744686522,3
0.6368256151961792,0.8505588529692465,0.2137332377730673,3
0.6314838525616413,0.90253584986992,0.27105199730827867,3
0.8533520895301036,1.1541722321338181,0.3008201426037146,3
0.7033705211337983,1.068979237592673,0.3656087164588747,4
0.3782590517174816,1.030915209322292,0.6526561576048104,3
0.9703363642094003,1.0071450657444658,0.03680870153506555,3
0.8132310485189214,1.1407207599166862,0.32748971139776484,3
0.6372753249653028,0.9741872263464271,0.33691190138112426,3
0.8086876338349931,1.0731511640433429,0.2644635302083498,3
0.19751481302221718,0.6927168589148615,0.49520204589264427,3
0.9885504180911345,0.974377875628933,-0.014172542462201565,3
0.8671463712380777,0.8829238090910726,0.015777437852994902,3
0.9932184991553287,1.034551971391493,0.04133347223616435,3
0.9218483390384873,0.8919647296840301,-0.02988360935445722,3
0.6539571456924987,0.8995651030840901,0.24560795739159136,3
0.11080489546234736,1.0703889573347851,0.9595840618724377,4
0.8498681588096861,0.9610473610958321,0.11117920228614597,3
0.8522224015326738,0.9980195256239185,0.14579712409124468,3
0.6105023327452015,0.8205217861732155,0.21001945342801398,3
0.4851702475098588,0.929938945299942,0.4447686977900832,3
0.9819492075691207,1.0467517801868613,0.06480257261774058,3
0.9029372261497244,0.954860280449434,0.05192305429970967,3
0.8662539960511677,0.9300016467058047,0.06374765065463694,3
0.7711085659958136,1.0059445851724322,0.23483601917661867,3
0.9024799233166023,0.9524695866789759,0.04998966336237354,3
0.8471562528207477,1.021742900878213,0.17458664805746538,3
0.4298806296626281,0.7130343889599836,0.28315375929735553,3
0.8170538256606535,0.882497729038321,0.06544390337766748,3
1.0044974619445308,0.9749613495712369,-0.0295361123732939,3
0.10913536035227976,0.23785885810984228,0.12872349775756253,3
1.0126032085327508,0.979192813177345,-0.0334103953554058,3
0.740160099146379,0.9831455236921192,0.24298542454574013,3
0.8684092441618215,0.9926047703003364,0.12419552613851492,3
0.7273825618462659,1.001202936239495,0.27382037439322904,3
0.7677334214065906,0.9933995099110909,0.22566608850450032,3
0.8047659674105747,0.8908507380286255,0.08608477061805075,3
0.7909475288662893,1.0635109075519846,0.27256337868569536,3
0.8082309063303532,1.0244209072429684,0.2161900009126152,3
0.6914817637261066,0.8951976182733598,0.20371585454725316,3
0.7113206360679685,1.034028215374431,0.32270757930646243,3
0.8579781932637314,1.1125589948939725,0.2545808016302411,3
0.7285105169348164,1.0052059907849284,0.27669547385011206,3
0.8934048673256435,0.973284482269029,0.07987961494338547,3
0.5025637528652921,0.9673399016886416,0.4647761488233495,3
0.8090335772253765,0.7813898547923505,-0.02764372243302604,3
0.5317866662601685,1.0196316482649133,0.4878449820047448,3
0.6904998688456068,0.8567958770660837,0.16629600822047697,3
0.5114622711561223,1.0261241219091761,0.5146618507530538,3
0.8319218021499487,1.1147948231547218,0.2828730210047731,3
0.6894306329480147,1.0295643838097355,0.3401337508617208,3
0.9555527981580052,1.0206717208588716,0.06511892270086639,3
0.6833550844237738,1.058073590395633,0.3747185059718593,3
0.8439640671163021,1.0038527671782596,0.15988870006195743,3
0.7504218940575527,1.169615630131691,0.41919373607413823,3
0.9514956124739029,0.9990920361342152,0.04759642366031225,3
0.9207339306200477,1.044729414811211,0.12399548419116324,3
0.9027834405959073,1.0926399789324326,0.18985653833652527,3
0.23376408524162015,1.0666045890237268,0.8328405037821066,3
0.9731156205013084,1.0133304126141254,0.04021479211281698,3
1.0464140537990336,1.0067376574995024,-0.039676396299531236,3
0.9104257810872556,0.9939937843650035,0.08356800327774794,3
0.9435229917785346,0.9889115495950584,0.045388557816523845,3
0.9896379614476296,1.061070975200612,0.07143301375298239,3
1.0294476292991068,0.9935115404813619,-0.035936088817744904,3
0.49596858397635224,0.8874513424951974,0.3914827585188452,3
0.7827157422760057,0.8834954630549973,0.10077972077899156,3
0.5011913688618591,0.6384229302064616,0.13723156134460246,3
0.6639114143423623,1.0460260041898066,0.3821145898474443,3
0.8223777418432742,0.9579468876093781,0.1355691457661039,3
0.9013424295633289,1.085739166148907,0.1843967365855782,3
0.623703494388652,0.8440969793679431,0.22039348497929112,3
0.7541137772270766,1.08989249252343,0.3357787152963533,3
0.9319466227339177,0.9547339148990435,0.02278729216512576,3
0.8913410499747121,0.9204717389463887,0.029130688971676588,3
0.7103422572237081,0.8976225949424249,0.18728033771871677,3
1.096634775829165,1.0181284058411715,-0.07850636998799354,3
0.7577294861253066,0.9556669494815418,0.1979374633562353,3
0.8154917096168116,1.039457518386428,0.22396580876961647,4
1.0454273654857953,1.066008602939682,0.020581237453886736,3
0.9079402311619662,1.029851742909107,0.12191151174714077,3
0.6005464654042495,0.6758181827954748,0.07527171739122529,3
0.9035049777282561,1.040639326574121,0.13713434884586484,3
0.4407823464609588,1.018146012269988,0.5773636658090291,4
0.5724201566060556,1.1144453416738764,0.5420251850678208,3
0.8491998812569569,1.020887646458346,0.17168776520138918,3
0.9542888675943642,1.0386396495881782,0.08435078199381407,3
0.8525130203786926,0.9866025607863668,0.13408954040767418,3
0.7545250981900802,0.9975265227747446,0.24300142458466445,3
0.7674089401963231,1.0947762046279255,0.32736726443160236,3
0.789866141200334,1.1613987004645936,0.37153255926425954,3
0.9974700795788026,1.046586756744814,0.04911667716601131,3
0.992751652366539,1.0649724236543523,0.07222077128781335,3
1.0769616418217545,1.0512254579381257,-0.02573618388362875,3
0.968649418313349,1.0020214987908602,0.03337208047751117,3
0.733813089898788,0.9013133296009951,0.16750023970220707,3
0.8868748174109092,0.980808955397034,0.09393413798612482,3
0.9230251377407632,1.0194492613738915,0.09642412363312824,3
0.8695417498104678,0.9463196128066356,0.07677786299616773,3
0.7710234577266902,0.9786279324598487,0.20760447473315846,3
0.19021727506431474,1.2166545919510128,1.026437316886698,3
0.9753932757577526,1.037108541294165,0.06171526553641238,3
0.9449415757515172,0.931388387144572,-0.01355318860694521,3
0.6084387422925535,1.0972671438171273,0.48882840152457385,3
0.8156250953845815,0.9646406588239236,0.14901556343934208,3
0.8496960726291822,1.086376673694256,0.23668060106507371,3
0.7646408823723475,1.0317998364833427,0.2671589541109952,3
0.9543738610617191,0.9748900876318783,0.02051622657015928,3
0.5622930763709845,0.8183667906057733,0.25607371423478886,3
0.8483106274335427,1.0233244058493756,0.17501377841583288,3
0.9350744335288121,0.9031564085854308,-0.03191802494338136,3
0.6203954207252109,0.7577395910083318,0.13734417028312085,3
0.837275339914279,0.9559113562381697,0.11863601632389065,3
0.9162265110070379,0.9903389389471885,0.0741124279401506,3
0.6916899216805436,1.1056747603698853,0.41398483868934177,3
0.5794558950254778,0.9218855653685211,0.3424296703430433,3
0.5204704259680198,0.7790219124236619,0.2585514864556421,3
0.908200708458225,1.1070042906480098,0.19880358218978478,3
0.6442753978730674,0.9594483923940618,0.31517299452099434,3
0.8318275256880266,1.1247426172591077,0.2929150915710811,3
0.8552096938871339,0.9629963409849822,0.10778664709784835,3
0.8954895749532717,0.9857306167571158,0.09024104180384407,3
1.0465427963875205,0.906120202289034,-0.14042259409848645,3
0.8852649530086317,0.9487914813251326,0.06352652831650085,3
0.696148852573617,0.7987400771837044,0.1025912246100874,3
0.8122657845633968,0.9966906082742966,0.18442482371089974,3
0.7411154978243525,0.9486068420524276,0.20749134422807514,3
0.7270548566989972,1.0607222436055443,0.3336673869065472,3
0.5591821981892034,1.1325701070452603,0.5733879088560568,3
1.0766402673525843,1.0513900538732366,-0.02525021347934775,3
0.21134419894781978,0.7592065545867915,0.5478623556389718,3
1.0294408127497434,1.0641833051150043,0.034742492365260835,3
0.8621344574640096,1.0423674054133316,0.180232947949322,3
1.0073603141338743,1.0120778957563434,0.004717581622469158,3
0.8462074526179522,0.8616790130850168,0.01547156046706466,3
1.0125323160629107,1.006782899691458,-0.005749416371452654,3
0.8934845912628837,1.0284647603769146,0.13498016911403088,3
0.7432361535329864,0.9440471103202107,0.20081095678722427,3
1.0073814135529435,1.0223518800825833,0.014970466529639737,3
0.8163066673883249,1.0496124124634312,0.23330574507510626,3
0.7262909190425784,1.1117877036245583,0.3854967845819799,3
0.5529538264304078,1.0269747252959103,0.47402089886550247,3
0.6789545166566068,0.7378570750619275,0.05890255840532077,3
0.8707738940534714,1.0001772801683577,0.12940338611488633,3
0.6279522448781256,1.0277913392894367,0.39983909441131105,3
0.743058361619079,1.001302229732187,0.25824386811310795,3
0.618103497855339,0.946107539234788,0.32800404137944894,3
0.8882157780505022,1.0548588015801372,0.166643023529635,3
0.7919365467766043,0.913456499461498,0.12151995268489368,3
0.5394903724081517,0.7240125442968773,0.18452217188872566,4
0.8621719617676882,0.9639805641658977,0.10180860239820955,3
0.9784903353114094,1.0489767117221607,0.07048637641075128,3
0.941731013349592,0.9643350162676814,0.022604002918089394,3
0.9439950730555208,1.0097562877661637,0.06576121471064289,3
0.21504729462071961,0.8283386270327524,0.6132913324120328,3
0.8674892421833861,0.9315041952003711,0.06401495301698501,3
0.9358243362517195,1.011597366117481,0.07577302986576162,3
0.4992727490376363,0.6672494359290057,0.16797668689136935,3
0.3991925392701067,1.2152294532378984,0.8160369139677917,3
0.7876367850207582,0.9906878309455002,0.203051045924742,3
0.6991100695110155,0.9122579146872161,0.21314784517620056,3
0.7976411292627263,0.885195067316824,0.08755393805409761,3
0.5980010150532266,0.8541907492622081,0.2561897342089815,3
0.6946918825794798,1.114144685767756,0.41945280318827616,3
0.7536600774923011,0.7201133716253008,-0.03354670586700037,3
0.9634935132468421,0.9826344330265149,0.019140919779672805,3
1.0340467052703535,1.0246863515009106,-0.009360353769442886,3
0.556761024659175,0.9160133523871009,0.3592523277279259,3
0.652469795306234,0.9414143323978054,0.2889445370915714,3
0.8029295122817213,1.0699777210281654,0.2670482087464441,3
0.5381185817352622,1.202827830158354,0.6647092484230918,3
0.934862343540168,1.0440151894261391,0.10915284588597118,3
0.5440593884718421,0.7191907183871159,0.1751313299152738,3
0.8616692459337196,0.9309639089405403,0.06929466300682063,3
0.8272725425123405,1.0599066091709881,0.2326340666586476,3
0.9443836021575145,1.0963844979297195,0.152000895772205,3
0.862916170654495,1.0120566411836505,0.14914047052915547,3
0.8985626636914188,0.969958577700722,0.07139591400930323,3
0.46823044035601574,1.1153972737037046,0.6471668333476888,3
0.9387816242068074,0.9881989410222557,0.04941731681544825,3
0.9614937452091749,0.9738069013351265,0.01231315612595163,3
1.0549062675894523,1.0481202530834384,-0.006786014506013904,3
0.8831358944182625,0.9065797252082006,0.02344383078993817,3
0.6526479627507493,0.914718029711035,0.2620700669602857,3
0.4762158105892266,0.922454693939431,0.44623888335020445,3
0.8730485223864157,0.8646860670876123,-0.008362455298803417,3
0.8772886137588387,0.9356247766434175,0.05833616288457877,3
0.7406975940457753,0.8956633227342162,0.15496572868844094,3
0.9529692025697688,0.9291017156073875,-0.02386748696238128,3
0.7052815241343224,1.062298953459131,0.3570174293248085,3
0.36420619459652687,1.0674660576716386,0.7032598630751117,3
0.4245880688333895,0.4708215857197309,0.046233516886341364,3
0.7950986475520088,1.0326979884558534,0.2375993409038446,3
0.8106843198685547,0.8936240673787479,0.08293974751019317,3
0.9623532979975205,0.8649301513820111,-0.09742314661550933,3
0.832609036461217,1.0065417903070524,0.1739327538458354,3
0.7119016149801096,0.8140261135811544,0.10212449860104478,3
0.5060832153600362,0.911823187462724,0.40573997210268775,3
0.46667968919600317,0.7568455938421925,0.29016590464618935,3
0.6521101318031384,1.1284412129863193,0.4763310811831809,3
0.8613661435908334,0.8444154183015445,-0.01695072528928887,3
0.8870701321630033,0.9634071257689246,0.07633699360592128,3
0.8180164786453996,0.9918110753880155,0.17379459674261588,3
0.7092816482569755,0.9119778942803398,0.20269624602336433,3
0.8888346651088009,1.0241342891978322,0.1352996240890313,3
0.7109698955968767,0.8903398971902399,0.17937000159336314,3
0.7643079461231858,1.1341712282510603,0.36986328212787456,3
0.4951549093053174,1.0677562108532752,0.5726013015479579,3
0.8834436011931732,0.9824619847669889,0.09901838357381565,3
0.16259154524207495,0.8191981822893806,0.6566066370473056,4
0.6627855087038435,0.836072999085582,0.17328749038173852,3
1.0706275993792624,0.932648040145674,-0.1379795592335884,3
0.8817290567860611,0.8850606898872254,0.003331633101164355,3
0.44342214164672294,0.6742937423101464,0.23087160066342344,3
1.0545693249820176,1.0201895634532758,-0.03437976152874178,3
1.0250790879045792,1.015607529003791,-0.009471558900788324,3
0.8877493448911913,0.9664975962119874,0.0787482513207961,4
0.6490487131889922,1.028710160818437,0.37966144762944487,3
0.9639735729913168,0.9273379683081264,-0.03663560468319038,3
0.8488641772721843,0.9669673213374192,0.11810314406523492,3
0.9306977396279191,1.126203267567897,0.19550552793997789,3
0.8176146752799317,1.0256898120350246,0.20807513675509293,3
0.8919280041969175,0.9965496980667924,0.10462169386987485,3
0.6142830217006202,0.9888452690586836,0.3745622473580634,4
0.7593133033499961,0.9998792642440243,0.24056596089402815,3
1.007057301111852,0.8927961922457064,-0.1142611088661456,3
0.5962436912603464,0.9956934559580956,0.3994497646977492,3
0.936114707548262,0.9882001563072536,0.05208544875899157,3
0.875885307949146,1.0252161832103088,0.14933087526116284,3
0.6912754627798344,0.9279917235586781,0.23671626077884367,3
0.8555199464822176,1.0280938015390573,0.17257385505683964,3
0.4644023258230018,0.6793769425439349,0.2149746167209331,4
0.5148521777889817,0.9027825137569977,0.38793033596801596,3
0.8670487392950887,1.0287430691647663,0.16169432986967758,3
0.9250022195229585,1.0572043362987509,0.1322021167757924,3
0.778173594973123,1.0726449415161643,0.2944713465430413,3
0.5785439913306534,1.173604979103383,0.5950609877727295,3
1.0149724670224,0.9993179406448129,-0.01565452637758713,3
1.0823333376110829,0.9323254024888815,-0.15000793512220134,3
1.0484933838563073,0.9768302068747634,-0.0716631769815439,3
0.8426674990326056,1.0678716782543598,0.22520417922175417,3
0.9694103736851342,1.0303827328839847,0.06097235919885058,3
0.8667758908506871,1.0559446064942823,0.18916871564359528,3
0.9759052028839275,0.9767645097987788,0.0008593069148513655,3
0.8916559778215564,1.001973573999358,0.11031759617780168,3
0.921693257378182,1.053301024476625,0.13160776709844302,3
1.0049122327372417,1.0531268154953008,0.04821458275805912,3
0.9670928218070615,0.9841721614174966,0.017079339610435174,3
1.0114955975391249,1.028646667906611,0.0171510703674862,3
0.3999567369988473,0.9390952300581535,0.5391384930593062,3
0.8754861349015867,0.9038785613181204,0.028392426416533723,3
0.7614147351948366,0.856017898616607,0.09460316342177044,3
0.8962160985132503,0.8215639583452115,-0.0746521401680389,3
0.9035886849829792,0.9913695157196045,0.08778083073662535,3
0.5461605137866086,0.958912732017885,0.4127522182312764,3
0.8811601671035072,0.8606135664805116,-0.020546600622995626,3
0.8251115684165531,1.0071431879282582,0.1820316195117051,3
0.5775515072071341,0.7006080577391385,0.12305655053200437,4
0.6349811664735006,0.7860103368383304,0.15102917036482988,3
0.7136646787376817,1.0514391250721498,0.33777444633446807,3
1.1203336227548888,1.0230511012278682,-0.09728252152702055,3
0.686549560989349,0.985818129716717,0.29926856872736796,5
0.7062834487797907,0.8903749629502182,0.18409151417042757,3
0.9213849715582614,1.0606704974730659,0.13928552591480448,3
0.8822736367866856,0.9394035695787023,0.057129932792016724,3
0.5984689778222584,0.876181489756916,0.2777125119346576,3
0.8647479975497238,0.9003883346935191,0.03564033714379533,3
1.0203820251229776,1.0133143294826108,-0.0070676956403668,3
0.7552745047971399,0.9958529972360066,0.24057849243886675,3
0.8788532353114217,0.9659547422887724,0.08710150697735075,3
0.8325314604852723,1.0909818973950913,0.25845043690981906,3
0.6788228418593562,0.8146117471635017,0.13578890530414556,3
0.8539316478587377,0.7997670571055341,-0.05416459075320357,3
1.0367103461782752,0.8591409142737557,-0.17756943190451946,3
0.795680445251977,0.9105242316283174,0.1148437863763404,3
0.8335130923178783,1.0109315223163953,0.17741842999851698,3
0.5037109079551325,0.9416524288265832,0.43794152087145066,3
0.6694672919279587,0.8505519868019441,0.18108469487398537,3
0.8616239855313106,0.9067616266433584,0.045137641112047766,3
0.9680343031815671,1.003264550987571,0.03523024780600392,3
0.9206700134560473,0.9079435147437271,-0.012726498712320122,3
0.5708398693747438,0.7405805260066962,0.16974065663195237,3
0.741090006823821,0.9708247351709741,0.22973472834715314,3
0.8124700093555862,0.8314967782867515,0.019026768931165283,3
1.0424323733488827,0.9790476193298039,-0.06338475401907884,3
0.8897607548334245,1.0775446584342583,0.18778390360083375,3
0.8182919907645607,1.1252247098529526,0.3069327190883919,3
0.39777306318601,0.8304958831440412,0.4327228199580312,3
0.7174138125518215,1.0093895869394998,0.2919757743876783,3
0.4500153661049892,0.7508511873751553,0.3008358212701661,3
0.5870308072813344,0.9208267997000652,0.3337959924187308,3
0.9241231211979324,0.952322374834781,0.02819925363684861,3
0.707992939618338,0.9335301239031484,0.2255371842848104,3
0.9632026782332511,0.9281795952053,-0.035023083027951096,3
0.9314961779204167,1.0543685380778234,0.12287236015740666,3
0.8630927226698926,0.9844765735804476,0.12138385091055504,3
0.9717457294181282,0.9428789070815327,-0.028866822336595543,3
0.8627895320159893,1.0068035361153094,0.14401400409932008,3
0.5347270131000246,0.7654882144658941,0.23076120136586953,3
0.9445390285612874,1.0276034029668653,0.0830643744055779,3
0.8480408672317643,0.9871453070661194,0.13910443983435505,3
0.8797112449984867,0.824307607406843,-0.055403637591643795,3
1.0217572154721402,0.9651046648979562,-0.056652550574183946,3
0.7716486695126591,1.1210418293155984,0.3493931598029393,3
0.38691447555257746,1.064890542082182,0.6779760665296044,3
0.8624695568686402,1.083153178102761,0.22068362123412077,3
0.9807172995623124,1.0947769285869333,0.11405962902462097,3
0.7653193059396194,1.0735834262298318,0.30826412029021244,3
0.8057207641745936,0.8571560700739592,0.051435305899365624,3
0.6985711310798659,1.0191597132258805,0.3205885821460146,3
0.9130749247894205,0.9503830482629783,0.03730812347355772,3
0.90144372439253,1.067182444570199,0.165738720177669,3
0.18680820297313638,0.7404304797806427,0.5536222768075063,3
0.7940053914956323,0.9841804329427241,0.19017504144709174,3
0.42980030031187616,1.0585807989294025,0.6287804986175263,3
0.38001870267913446,0.47675478264822,0.09673607996908556,3
0.439460238025964,0.9360915350464879,0.4966312970205239,4
0.7609035802219022,0.9625272882698157,0.20162370804791352,3
0.7936554684116488,1.029624126812999,0.23596865840135028,4
0.7429334244744707,1.0410553503709232,0.2981219258964525,3
0.8381977601580528,1.0073150570438745,0.16911729688582167,3
0.850157483842262,0.9368251526329798,0.08666766879071786,3
0.8449421192573598,1.0000516080301831,0.15510948877282327,3
0.41716343610850437,0.7381684400558095,0.32100500394730513,3
0.7755918588798841,0.9285144086425736,0.15292254976268949,3
0.4814552133815773,1.1280616287077436,0.6466064153261664,4
0.8521524133550282,0.975552042786914,0.12339962943188576,3
0.5114389477249741,0.7810502717644888,0.2696113240395147,3
0.8489372538413338,1.1307778085244145,0.28184055468308067,3
0.9463411627299307,0.7250255887387436,-0.22131557399118718,3
1.2426665903519962,0.96301230339638,-0.2796542869556162,3
0.9636508726518066,0.9581748543179905,-0.005476018333816057,3
0.7230171820803573,1.1568056015474477,0.43378841946709046,3
0.20005047041104887,0.2797214479873666,0.07967097757631772,3
0.857698009640089,1.119725672906076,0.26202766326598703,3
0.5632692793604601,0.8742170881159794,0.3109478087555193,3
0.5639524017650425,1.161196087026469,0.5972436852614266,3
0.9081725621570785,1.0294553180115429,0.12128275585446435,3
1.073565843451404,0.9017277161222751,-0.17183812732912884,3
0.715496944138308,1.1137952367698918,0.3982982926315838,3
0.753857392920242,0.9525488733883348,0.19869148046809282,3
0.9501707807352711,1.017920914771866,0.06775013403659491,3
0.7402115398685276,0.7932771221454996,0.053065582276972,3
0.587509214598739,1.1702250289633402,0.5827158143646013,3
0.6182941676441416,0.8523785296456199,0.2340843620014783,3
0.7410627948102522,1.0093504504972375,0.2682876556869853,3
0.7823011899487045,1.1662571211807988,0.38395593123209437,3
0.9867992155371628,1.0093902725117354,0.022591056974572643,3
0.7165122183828223,1.0358675322429087,0.3193553138600864,3
0.751102091864859,0.9724222854187264,0.22132019355386745,3
0.740232021834506,0.9634589620187178,0.22322694018421185,3
0.6999504191127688,0.8173281505332597,0.1173777314204909,3
0.3296882977191354,0.9984860544302375,0.6687977567111021,3
1.0965913020965044,0.8884986545713053,-0.20809264752519907,3
0.9054318502969481,1.0102878364196315,0.10485598612268343,3
0.9633435192597688,1.0444966105547064,0.08115309129493764,3
0.9046026604457592,1.041171204349667,0.13656854390390782,3
0.8942347825143354,1.0192769965662198,0.12504221405188443,3
0.9012126297012854,0.9944583649810775,0.09324573527979219,3
0.846647957555573,0.9546342915150322,0.10798633395945922,4
0.7678951420393225,0.8944715189109484,0.12657637687162593,3
0.3264621840454113,1.1557383035901856,0.8292761195447743,3
0.91379496932262,0.908813822891168,-0.004981146431452088,3
0.5161602608393752,1.016021720924559,0.49986146008518384,3
0.947336326115296,0.9694598291342615,0.022123503018965596,3
0.9387925110050132,0.9816618487684622,0.042869337763449034,3
0.6746234437138494,0.9959462188040344,0.32132277509018503,3
1.0611120933427534,0.9759455361016288,-0.08516655724112454,3
0.7725141758826508,1.0066032832114027,0.23408910732875188,3
0.8261944617272212,1.046791181206988,0.2205967194797669,3
0.9688359839736361,1.006270741583378,0.03743475760974191,3
0.9949049821681548,0.8736018276824229,-0.12130315448573192,3
1.0183840053068722,1.0498104920659053,0.031426486759033034,3
1.0964178361253862,0.9856496643945668,-0.11076817173081943,3
0.44508704679803995,1.025885055233956,0.5807980084359161,3
0.9554711028000676,0.9872722528331712,0.031801150033103576,3
1.0660776259907405,0.983491333354805,-0.08258629263593553,3
0.865156719536095,1.0209380493485012,0.15578132981240622,3
0.7326993311951537,1.0670059334221964,0.33430660222704267,3
0.8045165681644219,1.1252975760316826,0.3207810078672607,3
0.8958605166727038,1.048255531447647,0.1523950147749431,3
0.46930623357832085,0.7092694259651675,0.23996319238684666,3
0.7966820571769174,0.9201081247396381,0.12342606756272068,3
0.8363063003466713,0.9564604157076891,0.12015411536101783,3
0.9844002494359346,1.0224815645586693,0.038081315122734716,3
0.7526677088230039,1.1291215866369502,0.37645387781394624,3
0.7690469322474356,0.9553820799487719,0.1863351477013363,3
0.9285896432940242,1.0487352830040262,0.12014563971000203,3
1.092791285160005,0.9819900403530127,-0.11080124480699227,3
1.0477643826194198,0.9556243520166872,-0.09214003060273268,3
0.5791345019309566,1.1483524029181489,0.5692179009871923,3
0.815809777086476,0.9756103349810304,0.1598005578945545,3
0.9401717053000374,0.9914814267318954,0.05130972143185808,3
0.8469712949227484,1.0102545787254742,0.16328328380272583,3
0.7597461766014136,0.9922292123922922,0.2324830357908786,3
0.752525567306151,1.0457450766560963,0.29321950934994523,3
1.0492889541127164,1.0152608554887017,-0.03402809862401468,3
1.1165897471926525,1.0020734182348545,-0.11451632895779795,3
0.7860829814805236,0.7780877463576009,-0.007995235122922661,3
0.8253565466291999,1.1395160435545257,0.31415949692532585,3
0.6758904672933842,0.9160417482402498,0.24015128094686555,3
0.8732510564474607,1.0584388287487128,0.18518777230125205,3
0.5795229671297472,1.031998679506405,0.45247571237665773,3
0.695766091620786,0.9873550363265252,0.29158894470573926,3
0.4346647696709602,1.1312196704078123,0.6965549007368521,3
0.882086591313389,0.983552622094203,0.10146603078081406,3
0.9075680087421434,1.0285404148036807,0.12097240606153736,3
0.8584790894808597,0.8664971098384724,0.008018020357612676,3
0.9749261356016682,0.9814125480894308,0.006486412487762605,3
1.0256469187199675,0.9389846860633069,-0.08666223265666062,3
0.5953908309934027,0.9512595519321897,0.35586872093878696,3
0.7235875878959401,0.9814129460625287,0.2578253581665886,4
0.3253991601028909,0.6541918679595541,0.3287927078566632,3
0.7429706991586655,1.0400897447465978,0.29711904558793223,3
0.8638922546872031,0.9945914913505151,0.13069923666331196,3
0.9922071363564856,0.9944547826841357,0.0022476463276500658,3
0.9859317414333622,0.9105696283016572,-0.07536211313170493,3
1.0648551113445779,0.9858536652079541,-0.07900144613662374,3
0.0678440043380421,1.015628165635708,0.947784161297666,3
0.8887231530728875,1.0358872776961734,0.14716412462328587,3
0.7282183535083415,0.7827096481757476,0.0544912946674061,3
0.6948416706249309,0.7066405018244133,0.01179883119948244,3
0.9134778998317552,1.1105664978978875,0.19708859806613233,3
0.1818836311192011,0.324146423556078,0.14226279243687687,3
0.8390174122852047,0.93067768431183,0.0916602720266253,3
0.7422982121167574,0.9344467838821158,0.19214857176535838,3
0.7744461185435775,1.1430799641484917,0.3686338456049142,3
0.8915896787221784,1.0393993857131607,0.14780970699098228,3
0.8886704299292872,1.1260706388203503,0.23740020889106306,3
0.6215569619298531,0.62315372431163,0.0015967623817768617,3
0.9268173980198351,0.9502020704135651,0.02338467239372999,3
0.6731224141555884,0.8539921348247671,0.18086972066917872,3
0.8094994054592833,1.093819536187527,0.2843201307282436,3
0.8331116618205008,1.0399539984029211,0.20684233658242035,3
0.24014584202964784,0.46935660377953825,0.2292107617498904,3
1.068134460051786,1.0141834600124109,-0.05395100003937503,3
0.9696782319918632,0.9498131094188262,-0.019865122573036964,5
0.8601900963254376,1.0830377781753209,0.22284768184988324,3
0.681304019751576,0.9805166212079015,0.29921260145632556,3
1.0772175862304962,1.030862297961529,-0.04635528826896729,3
0.09916720213082462,0.37275071721404857,0.2735835150832239,3
0.9770530952144184,0.9885349897293987,0.011481894514980273,3
0.9772811162649186,1.0222415780076728,0.04496046174275414,3
0.927404558541141,1.0024515942938401,0.07504703575269911,3
0.5014136393019751,1.2253711892828105,0.7239575499808354,3
0.7975411253056546,1.0506120688893263,0.25307094358367177,3
0.8584065049979305,0.9975653224487157,0.13915881745078518,3
0.6948213295179323,1.0511368880366054,0.35631555851867314,3
0.8681300533281685,1.0312849351900883,0.16315488186191984,3
0.9150306100462415,1.0150021749668032,0.0999715649205617,3
0.07264974069722789,1.1372055522757967,1.0645558115785687,3
0.8020208210276103,0.9029060117961574,0.10088519076854707,3
0.7565295033651788,1.0314228640350096,0.27489336066983083,3
0.9584750934156595,1.0065211080212042,0.048046014605544696,3
0.9945811310545125,1.0070124587696199,0.012431327715107354,3
0.976780422612378,1.0718316259848533,0.0950512033724753,3
0.8980790884172003,0.9783495578433868,0.08027046942618654,3
1.0874389933569193,1.03902535641647,-0.04841363694044931,3
0.9992475971601086,1.008083690328258,0.008836093168149373,3
0.9964586358451222,1.0748595882110226,0.07840095236590039,3
0.8691061288907809,0.9623344654730343,0.09322833658225338,3
0.8525977600747308,0.9306358999403608,0.07803813986563002,3
1.0542471265718387,1.013627722615201,-0.040619403956637656,3
0.9997507064013046,0.9444190433833983,-0.05533166301790626,3
0.8375241853659328,0.9074274228939144,0.06990323752798167,3
0.9200822796154231,1.1036015278169882,0.18351924820156507,3
0.7688096940606173,0.967109376273785,0.19829968221316774,3
1.0889927818115168,1.0061261795368168,-0.0828666022747,3
0.8999387470954987,0.9113347626824433,0.011396015586944586,3
0.6474216567693275,1.0883230415514136,0.44090138478208607,3
0.8791603491906426,0.981985462823927,0.10282511363328439,3
0.7185448131911079,1.1053750931039388,0.3868302799128309,3
0.3843171292289935,1.0810672392815175,0.696750110052524,3
0.6580613972272453,0.8959777154216206,0.2379163181943753,3
0.6036141097573546,0.7317667274331324,0.1281526176757778,3
0.692590518199478,0.8478444394787993,0.15525392127932125,3
0.9513070805394268,1.0317858110009734,0.08047873046154663,3
0.7324517061749125,1.0954006611380662,0.3629489549631537,3
0.8228027902273788,0.9240468054774436,0.10124401525006477,3
0.6792031912886367,1.0856579134125774,0.40645472212394074,3
0.7715824755153452,1.1133542125381313,0.34177173702278607,3
0.1917903803903896,0.44144672853348854,0.24965634814309895,3
0.5868172252682688,1.0491577373922012,0.46234051212393235,3
0.8068492486591585,0.9598155515170399,0.15296630285788138,3
0.7811078601008491,0.6822493530930352,-0.09885850700781385,3
0.8722324485536225,0.9764234538221309,0.10419100526850844,3
0.8574868974498352,1.0195490818336213,0.16206218438378606,3
1.0230404539557874,1.005551476767572,-0.017488977188215404,3
0.5272297304686542,0.7400688084953381,0.2128390780266839,5
0.4779780117329415,1.0352085391618677,0.5572305274289262,3
0.9682236606685883,0.9777962679556816,0.009572607287093304,3
0.9107472270630438,1.0951211881112626,0.1843739610482188,3
0.7615434453425194,1.0973957634643363,0.33585231812181693,3
0.7472511216771829,1.0035531551688257,0.2563020334916428,3
0.7769763060120654,0.9610983994907226,0.18412209347865727,3
0.9450420548601804,0.9810929863600648,0.036050931499884364,3
0.7036077391538194,0.88700389105708,0.18339615190326064,3
0.8565174775551767,0.8710644953258135,0.014547017770636828,3
0.8733979729097735,1.0770820878464669,0.20368411493669336,3
1.1838579967226253,0.9908496354293621,-0.19300836129326315,3
0.738174623471993,1.06039956262027,0.322224939148277,3
0.7854825533685155,1.0396408016264282,0.2541582482579128,3
0.8400185617025301,0.9069054594151658,0.06688689771263567,3
0.918042927751288,0.9531418679331203,0.03509894018183224,3
0.7593543953213855,1.0522933580351586,0.29293896271377307,3
0.9083926610216491,1.0556265614267553,0.1472339004051062,3
0.9232359071929952,1.015071931558767,0.09183602436577187,3
0.6854298173415688,0.9639641101016633,0.27853429276009445,3
1.0063897426765713,1.0331537458589108,0.026764003182339513,3
0.4446445893295812,0.7608888011167071,0.3162442117871259,3
0.704277523218207,1.038212913440279,0.3339353902220721,3
0.5960499381768245,1.0753346016491263,0.4792846634723018,3
0.498764771079307,1.118466105447942,0.6197013343686348,3
0.6802160267576045,1.0049605748677963,0.3247445481101918,3
0.6965422326820923,0.7037444485102355,0.007202215828143288,3
0.5959859304552796,1.0807315571832998,0.48474562672802024,3
0.1334926559497058,0.37895500349858785,0.24546234754888205,3
0.7549094655137679,0.9747302585222264,0.21982079300845847,3
0.9069466561598016,0.9912335330461179,0.08428687688631631,3
0.9814455616477569,1.0061495190068024,0.024703957359045514,3
0.9994169231500643,0.9315820000195443,-0.06783492313051998,3
0.7151497155300914,1.028099729702843,0.3129500141727515,3
0.8332003102449037,0.7866247150759835,-0.04657559516892018,3
0.8468924043390731,0.9624521386200564,0.11555973428098332,3
0.9625985324440922,0.9768265207566525,0.014227988312560336,3
0.8592669095968017,1.0247451972415627,0.1654782876447609,3
0.8994769533531222,0.8993744890263493,-0.00010246432677285533,3
0.7026777454705462,0.9869807776872781,0.2843030322167319,3
0.4254080221302718,1.0780669332913757,0.6526589111611039,3
1.085014818967895,1.0090845858913067,-0.0759302330765883,3
0.5084875892281372,1.0128756851021066,0.5043880958739694,3
1.0996747537454326,0.9191756668090421,-0.1804990869363905,3
0.8053937837862437,1.0711483741721823,0.2657545903859386,3
0.09444572118884215,0.940620575524043,0.8461748543352008,3
0.36416380304022217,0.593141598700096,0.2289777956598738,3
0.7701669992549893,1.0092078986193855,0.2390408993643962,3
0.9927634048641583,1.1048087980107852,0.11204539314662698,3
0.4843967784498927,1.0798078613864455,0.5954110829365528,3
0.6354333984646542,1.0003355410376302,0.36490214257297604,3
0.7670090524883953,0.9198054396739007,0.15279638718550537,3
1.0351348650179704,1.0092960998646008,-0.02583876515336958,3
0.9102105919039314,1.0034376235600952,0.09322703165616386,3
0.8807738722747944,0.9650918102248841,0.08431793795008968,3
0.9237155607874475,0.9860231254987104,0.062307564711262864,3
0.8760139038390568,0.9552442371038188,0.07923033326476203,3
0.7620397271191446,0.8855804922061973,0.1235407650870527,3
0.7742796678217323,0.9583975870696915,0.18411791924795917,3
0.3064682812769531,0.9003817550264696,0.5939134737495164,3
0.9608856061496531,0.9067481938650866,-0.05413741228456648,3
0.9567360387689922,1.0961913442016937,0.13945530543270157,3
0.8426775117822229,0.995555855537949,0.15287834375572606,3
0.7296181249514029,1.1294888042881832,0.39987067933678033,3
0.5550821447386403,0.8903511406880137,0.3352689959493734,3
0.9196304811399774,0.9577098571950273,0.03807937605504996,3
0.8281029867774441,0.851470011489303,0.02336702471185892,3
0.5195792060618476,0.9940941343857562,0.4745149283239086,4
0.9154981856453933,1.0063659501121356,0.09086776446674227,3
0.8966310997159121,0.9928546312126778,0.09622353149676566,3
0.32188300045289436,0.9858294557881105,0.6639464553352161,3
0.5593582840461984,1.0875773339886883,0.5282190499424899,3
0.795263007177956,1.1201314161023133,0.3248684089243573,3
0.9901713757900739,1.0250141400969686,0.0348427643068947,3
0.9168001040768679,1.034697950431816,0.11789784635494804,3
0.8703857597565421,1.0286554311436258,0.1582696713870837,3
0.9708349079613253,1.011963707943566,0.041128799982240616,3
0.8589998951453635,1.086298668392748,0.22729877324738457,3
0.9181685192397063,0.9485861766122585,0.030417657372552198,3
0.8986653798860095,0.9896647287731242,0.0909993488871147,3
0.6385274629056469,0.8996708849507531,0.2611434220451062,3
0.7927005278397591,1.0044814642334694,0.21178093639371032,3
1.031551495059746,1.0135043339721204,-0.018047161087625607,3
0.9722661362714822,0.9472637475547154,-0.025002388716766744,3
0.9978343757242903,1.0106013044391393,0.012766928714848969,3
0.47502585412675274,1.1318611483756513,0.6568352942488986,3
0.7937854431787164,0.9617289668011175,0.16794352362240117,3
0.9052352452829178,0.992906561142987,0.08767131586006927,3
0.7592806132505048,0.9727782504720693,0.21349763722156456,3
0.8465213650666981,1.0540966739111068,0.20757530884440878,3
0.5592599661542,1.0176245782848155,0.4583646121306154,3
0.6991342039772672,0.7737981969304204,0.07466399295315318,3
0.40363187964493286,0.9554933400859493,0.5518614604410165,4
0.9303219299995278,0.9159274677547378,-0.014394462244790018,3
0.736856971087035,1.1043995544302878,0.36754258334325285,3
0.9778116877943431,1.0798538472686112,0.10204215947426809,3
0.5453057823457035,0.9703968744748104,0.4250910921291069,3
0.9482007455915897,0.7616345848954607,-0.18656616069612908,3
0.9940791246284009,1.0129995719290208,0.018920447300619925,3
0.6794222913070072,1.0386631135389999,0.3592408222319927,3
0.8525102478754414,0.8892513022529954,0.03674105437755404,3
0.5858769607990842,0.9656997181414049,0.3798227573423206,3
0.8590003340472939,0.9829608602926152,0.12396052624532128,3
0.715487565796116,1.0901942068838704,0.3747066410877543,3
0.8422900212883395,0.8784975281317726,0.0362075068434331,3
0.7174388616634346,0.9452889893423124,0.2278501276788778,3
0.7162145129073474,0.9545870380727379,0.23837252516539054,3
0.7607500479864238,1.087531149103275,0.3267811011168513,3
0.8803403667404893,0.9421491300877198,0.06180876334723051,3
0.7269916140550483,0.9732283384548823,0.24623672439983402,3
0.8026989669988667,0.9485674680498466,0.14586850105097993,3
0.6173652079488798,1.005332642317695,0.3879674343688151,3
0.6711519655336387,1.1174304367946095,0.44627847126097087,3
0.6486291209093747,0.8803026208839142,0.23167349997453945,3
0.915278621642225,1.0490016497418524,0.13372302809962744,3
0.9751066417901999,1.0446006887760124,0.06949404698581252,3
0.8344685891224194,1.1447118436105455,0.31024325448812606,3
1.020697085580267,0.9905287766445827,-0.03016830893568434,3
0.9519984439138698,0.9240511228076386,-0.027947321106231215,3
0.5383319118641766,0.7319460836247543,0.1936141717605777,3
0.8347114514234313,1.0418596651598748,0.20714821373644354,3
0.6333248618568524,0.9463599496824512,0.31303508782559875,3
0.7987598556690607,1.1291402482925856,0.3303803926235249,3
0.6531292236117409,0.6946386907838068,0.04150946717206594,3
0.9576446288017976,1.0595252983705306,0.10188066956873298,3
0.8968871304485805,1.0493485276763983,0.15246139722781782,3
1.027990334930769,1.0488017938311005,0.020811458900331425,3
1.0943165157834194,0.9087235723398663,-0.18559294344355304,3
0.4557766764202147,0.7556038026912509,0.29982712627103625,3
0.7393585554264281,1.1027274367519246,0.3633688813254965,3
0.8012757430369845,0.8182311578298105,0.01695541479282603,3
0.829831919005199,0.9694408315959976,0.13960891259079855,3
0.8091351310726481,0.9939914992702125,0.18485636819756435,3
0.7470380689525752,1.075605851674832,0.32856778272225673,3
0.8861581040749646,1.0311172553089014,0.14495915123393677,3
0.2880857945427091,0.7953788480012959,0.5072930534585868,3
0.8394649232886814,1.0162770774438334,0.17681215415515206,3
0.418839103558824,0.6811214577168846,0.2622823541580606,3
0.9113565172276289,0.9372378291616222,0.025881311933993345,3
0.5321761334610229,1.0755524316149285,0.5433762981539056,3
0.7456728460926109,1.0086822477256856,0.26300940163307474,3
1.0166052711339533,0.989397534608037,-0.027207736525916237,3
0.46967022684453175,0.9511434064442019,0.4814731795996702,4
0.8845435993332125,1.0928673480564572,0.20832374872324477,3
0.9923476074850206,0.8989155096951429,-0.09343209778987771,3
0.3854534520016611,1.2711822618733082,0.8857288098716471,3
0.698144781060747,0.9641760602946381,0.26603127923389114,3
0.9300472254091103,1.0167561145932869,0.08670888918417652,3
0.6407760707211265,0.9213605727890505,0.28058450206792396,3
0.9317513467259856,0.9396646933629608,0.007913346636975183,3
0.7406794400741856,1.1275145633303105,0.3868351232561249,3
0.6465841656217608,1.0537298315895138,0.40714566596775303,3
0.9598842698264327,1.0540835654866745,0.09419929566024177,3
0.7337861717761879,1.0090779281389408,0.27529175636275294,3
1.049291720517623,1.0067839692628993,-0.042507751254723836,3
0.8507074606714888,1.0935119287294834,0.2428044680579946,3
0.823532868713424,0.9360157583532567,0.11248288963983266,3
1.1584956061203893,0.9692161307816051,-0.1892794753387842,3
0.7487629166847531,0.97358605895688,0.22482314227212685,3
0.7396580498748099,0.7155900134042785,-0.02406803647053135,3
0.6653598952104726,0.9781585012443939,0.3127986060339213,3
0.9490282674424199,0.9119631503274306,-0.03706511711498928,3
0.7430788727980437,1.0570938422534562,0.3140149694554124,3
0.8478596223074308,1.1069955600214536,0.25913593771402277,3
0.8328027209743918,1.0789727663018533,0.24617004532746156,3
0.9333573394861054,1.00935155598576,0.07599421649965454,3
0.8011306913346766,0.8829444558135953,0.08181376447891864,3
0.8999740753912543,1.0415257066325567,0.14155163124130243,3
0.4036080048236089,0.7090156981477999,0.30540769332419093,3
0.6291991926103822,0.7490117881639794,0.11981259555359725,3
1.014312438913112,0.9576756496514758,-0.05663678926163618,3
0.8043875677968414,1.0555816523523085,0.2511940845554671,3
0.6988633695021693,1.0205726895943197,0.32170932009215036,3
0.9990449225286835,0.9358653038615256,-0.06317961866715793,3
0.20895320133810127,0.5059721861218761,0.29701898478377486,3
0.9458205795446997,0.9913817468051865,0.04556116726048687,3
0.6657627378016131,1.0625486017860395,0.3967858639844264,3
0.9230200627330406,1.0249099093612888,0.10188984662824818,3
0.7443839205331968,0.9442705277333007,0.19988660720010387,3
0.7259637325822144,1.0570684910202222,0.3311047584380078,3
0.49870071175943914,1.1747311624182277,0.6760304506587886,3
0.8752689986858279,1.1101201800382725,0.23485118135244465,3
1.0199233390245672,0.9619207195380964,-0.058002619486470786,3
0.7578712855362155,0.9360622198258557,0.17819093428964017,3
1.1145794885067786,1.0125876109747112,-0.1019918775320674,3
0.7445671244440519,1.0032589495722501,0.2586918251281982,3
0.9639554537284778,0.9963460330926319,0.032390579364154126,3
1.0258567110803867,1.0325185084389514,0.006661797358564758,3
0.6764920859032486,0.9466216898185232,0.27012960391527463,3
0.9980019418055271,1.0803525266133116,0.08235058480778445,3
1.002339751853891,1.048945487069666,0.046605735215774935,3
0.722639389980025,0.8700608185025509,0.14742142852252593,3
0.5068851664056693,0.7824267676039018,0.27554160119823257,3
0.7076486902972301,1.0091716012254506,0.3015229109282205,3
0.6806702651226543,1.020607221240865,0.33993695611821073,3
0.7449884670443696,0.9557502482115448,0.21076178116717514,3
1.0941884150055037,0.9978786681007502,-0.09630974690475347,3
0.9660480263130085,0.9799373752701801,0.013889348957171643,3
1.1013996695821344,0.9659015727985236,-0.1354980967836108,3
0.6845164305346485,0.9511759618426334,0.2666595313079849,3
0.771631867661914,0.9394209969767588,0.1677891293148448,3
0.8979918213529581,0.8790638046983055,-0.018928016654652602,3
0.6289810074407742,1.1534706203994034,0.5244896129586292,3
0.8996479650032946,1.025496673540678,0.1258487085373835,3
0.7811126693006134,1.073077848213619,0.29196517891300555,3
0.8101177379679374,1.033026147477646,0.2229084095097087,3
0.7509061724207975,1.108129781591901,0.3572236091711034,3
0.9099882440423652,1.120166606545117,0.2101783625027518,3
0.34119023627051365,0.7492662551202721,0.40807601884975847,3
0.8100543578372357,1.1089455052957866,0.29889114745855094,3
0.7503377151902954,0.9220798633247884,0.17174214813449307,3
0.8159102786450353,1.081637866163182,0.26572758751814674,3
0.8386735625897419,1.0500384036006858,0.21136484101094388,3
0.5450871097855353,0.7880100166928447,0.24292290690730933,3
0.9413575788859453,1.0277516762922692,0.08639409740632387,3
0.8968706561976634,0.965997232370384,0.06912657617272067,3
0.6584761172537102,0.7497809170901025,0.09130479983639228,3
0.5409807002368267,0.7348820356152689,0.19390133537844223,3
0.6441392662240848,0.9375218297323806,0.29338256350829583,3
0.8392100680116147,1.1139153334271463,0.27470526541553164,3
0.3847677580764157,0.77813174556581,0.3933639874893943,3
0.9816493058440854,1.0337462730756015,0.052096967231516134,3
0.734938723612689,1.0473834817773506,0.31244475816466166,3
0.8985978105079727,0.9616349562377442,0.06303714572977148,3
0.3534739051605385,0.4650533147811838,0.11157940962064528,3
0.8042616902662671,1.114953390741207,0.3106917004749399,3
0.811006160844203,0.9963686555005019,0.18536249465629895,3
0.8534274458962556,1.1120622799339472,0.2586348340376916,3
0.9157487571212232,1.0474110576739721,0.13166230055274897,3
0.6911628164270056,1.0149586143297968,0.3237957979027912,3
0.718570493100515,0.9252413966968218,0.2066709035963068,3
0.8660453494016729,0.8884400923913851,0.022394742989712224,3
0.5758658093881882,0.8716212417018891,0.29575543231370094,4
0.5323505460707094,1.0226228393962538,0.49027229332554434,3
0.9382277447205509,0.9784333682579784,0.040205623537427515,3
1.0154522322700323,0.9896607468898294,-0.025791485380202928,3
0.6925042653114164,0.9285770323335136,0.23607276702209723,3
0.909646869161628,0.8846928310120926,-0.02495403814953534,3
0.9515305840872724,0.9585479769779809,0.007017392890708463,3
1.0092112589285431,0.8971463136189602,-0.11206494530958289,3
0.9932337138707142,0.9985008237609069,0.005267109890192634,3
0.7869555629222537,1.0066065484272315,0.21965098550497786,3
0.917538519754456,0.9561549307227208,0.03861641096826485,3
0.9952821913906242,1.0597471822535165,0.06446499086289226,3
0.8534093158763659,1.002047164587448,0.1486378487110821,3
0.8994185600288549,1.0377371067194114,0.13831854669055654,3
0.7027980630629009,1.0477281643991376,0.3449301013362367,3
0.7880172196999107,1.0634263196591591,0.27540909995924845,3
0.7576161507975385,0.8953675437963169,0.13775139299877837,3
0.9469289884260104,1.0092540154929315,0.06232502706692111,3
0.8915736528495705,0.9947648840841985,0.10319123123462803,3
0.9297007770533315,1.0185851612984151,0.0888843842450836,3
0.7836298778633378,0.8417407986706044,0.05811092080726654,3
0.5494659762667826,1.0767356519930933,0.5272696757263107,3
0.8307163652160688,0.9292210618740576,0.09850469665798878,3
0.5538148957066864,1.0862722645506842,0.5324573688439977,3
0.6457934027547103,0.9188852445796787,0.2730918418249684,3
0.726076796093075,0.8866189117422871,0.16054211564921217,3
1.0444167536964286,0.9918156826112394,-0.05260107108518919,3
0.602200943831916,1.01592304077112,0.4137220969392039,3
0.7678889791040425,0.9288170990616625,0.16092811995762002,3
0.9178931260280335,0.9627283549395512,0.0448352289115177,4
0.7107917532295637,1.036695910334523,0.32590415710495935,3
1.0535385926387693,1.0190475679024094,-0.0344910247363599,3
0.8757565306327749,1.0537417961215723,0.17798526548879734,3
0.6635446611052085,0.8369934615998135,0.17344880049460498,3
1.0160707454052473,0.9728419749823581,-0.043228770422889196,3
0.9543819463749224,1.0064089699660108,0.05202702359108846,3
0.781048738285536,0.7698456053673155,-0.011203132918220504,3
0.7695266436675651,1.0242575594486718,0.25473091578110674,3
0.8542619866964523,0.9931587079248454,0.13889672122839314,3
0.7019713137250553,0.694055032808308,-0.007916280916747231,3
0.7184623384765232,0.929523433047678,0.21106109457115485,3
0.9480068131804887,1.0100799742556439,0.06207316107515515,3
0.886841692044386,0.953204728037212,0.066363035992826,3
0.48216700596548845,0.793293044424942,0.3111260384594535,3
0.8903953042823716,0.9814957117266235,0.09110040744425196,3
0.8804371816111687,1.0425677568082894,0.1621305751971207,3
0.5667359242495256,0.6906656111328213,0.12392968688329575,3
0.9572173165243869,0.9221371555195699,-0.035080161004817034,4
0.83824394661309,1.082855862565621,0.24461191595253107,3
0.8559313142606874,0.9672815910260821,0.11135027676539477,3
0.9985612755918611,0.924555648452522,-0.07400562713933911,3
0.6620125130302328,0.9633075996321903,0.3012950866019575,4
0.9804928544358888,0.9430051523831604,-0.037487702052728444,3
0.5507491352083311,1.1018830836226494,0.5511339484143183,3
0.170900428659575,1.2176140926698005,1.0467136640102255,3
0.4528918291146263,0.8706442638832564,0.41775243476863017,3
0.765385880025546,1.0362070427229897,0.2708211626974437,4
0.8482915720169248,0.9972086711183538,0.14891709910142892,3
0.6345973925833985,0.9528699402911531,0.3182725477077546,3
1.1023136667739017,1.02317302133565,-0.07914064543825172,3
0.5430000999318393,0.8265800572597987,0.2835799573279594,3
0.3129710029687411,0.9627081812002894,0.6497371782315484,3
0.9368425027702396,1.0558757720936418,0.11903326932340219,3
0.970838201294391,0.9677720609997721,-0.0030661402946189353,3
0.9466700194798923,1.025391232853998,0.07872121337410576,3
0.5291805197002685,1.0144123903091675,0.48523187060889905,3
0.9189320895825609,1.051128655825458,0.1321965662428971,3
0.6818945907907455,0.9037740248657906,0.22187943407504507,3
0.841786913957991,1.0234896875642199,0.18170277360622888,3
0.8225830003130328,1.051932096476762,0.22934909616372923,3
0.8145557347252157,0.9116202179589472,0.09706448323373151,3
0.8523302585480282,0.9660108194656536,0.11368056091762535,3
0.7071925919455609,0.8515070428877957,0.14431445094223472,3
0.8818415741820754,1.0725105908192714,0.19066901663719593,3
0.6081907674971485,1.131566103487364,0.5233753359902156,3
0.6916729327961378,1.0039889852065422,0.3123160524104044,3
0.9834098423683895,0.9654869296535196,-0.0179229127148699,3
1.0094824992867746,1.0016938637305557,-0.0077886355562188925,3
0.37096256590119736,1.224768546689703,0.8538059807885056,3
1.0136304105555496,1.0632887259432966,0.04965831538774701,3
0.6623220315152448,0.9822025311738782,0.3198804996586334,3
0.7347052791369278,0.8797640562211146,0.1450587770841868,3
0.7979965374444647,0.9989650020780779,0.20096846463361318,3
0.8238491861730999,1.0926709998373814,0.2688218136642815,3
1.0388947486803861,0.988032391246311,-0.05086235743407508,3
0.49031977703005813,0.8322462290883917,0.3419264520583336,3
0.73210614668347,1.1078042518027715,0.3756981051193016,3
1.0360915258330023,0.9860026195847655,-0.05008890624823681,3
0.9081872381085674,1.0467618887811512,0.1385746506725838,3
0.8625928888746914,1.0122783344168695,0.1496854455421781,4
0.8732585314428045,1.0649792149117026,0.19172068346889803,3
0.6940684581176542,1.0308723869167402,0.33680392879908605,3
0.9215705713598437,1.03634372107295,0.11477314971310637,3
0.5829329594752295,0.9648912756339989,0.3819583161587694,3
1.0353038072667882,1.0198402781215654,-0.015463529145222754,3
0.7068710772766094,1.0813661653915951,0.3744950881149858,3
0.885233779923121,0.9552678172149559,0.07003403729183488,3
0.8458273010887102,0.9992002736116977,0.15337297252298754,3
0.8450089926338966,1.0032277869685433,0.1582187943346467,3
0.8967986374941881,0.9187088088736954,0.02191017137950735,3
0.8632146825982621,0.8174037707049999,-0.04581091189326214,3
0.6012446755725278,0.8688581933656548,0.26761351779312703,3
0.8435954973351738,1.021881650860661,0.17828615352548716,3
0.6378075974801287,0.9972852036691048,0.35947760618897606,4
0.6946854668523206,1.008588976973211,0.31390351012089046,3
0.6574118337119104,0.7436964205348049,0.08628458682289453,3
0.8804730475705876,1.050988784591547,0.17051573702095946,3
0.49542170644256106,0.8772978801436243,0.38187617370106325,3
0.8033647459941294,1.1017043526201782,0.29833960662604875,3
0.42966866828955663,1.1072338874647658,0.6775652191752092,4
0.9218179033835473,1.002220390458621,0.0804024870750738,3
0.8399628938868418,0.9733704042902745,0.1334075104034328,3
0.8276812372778198,1.0379576366005085,0.2102763993226887,3
0.730972292819114,1.1184868656677156,0.3875145728486016,3
1.0003806273084486,1.0525098265166222,0.052129199208173604,3
0.9747064678969126,1.0752199089286596,0.10051344103174698,3
0.6999064699358923,0.8969833582757678,0.19707688833987547,3
0.8896500130780544,1.0811051297239693,0.19145511664591497,3
0.7525908254591445,1.1327814801345386,0.38019065467539415,3
0.543230976341234,0.922819116286831,0.37958813994559704,3
0.9348316267974163,1.0393518451148298,0.10452021831741354,3
0.834772674938281,1.0178805894393772,0.1831079145010962,3
0.8003837690262792,0.9223926090783232,0.12200884005204404,3
0.976957501747765,0.9871852147266783,0.01022771297891334,4
0.9705785999695541,0.9759667590525993,0.005388159083045241,3
1.0347983022220184,0.9550018479779503,-0.07979645424406812,3
0.8612739869038517,1.0396314727696352,0.17835748586578348,3
1.0580041871273562,0.9919402794879522,-0.06606390763940406,3
0.8315853155430895,1.0287782612863015,0.197192945743212,3
0.8230117488136903,1.1151684485139293,0.29215669970023894,3
0.631509609164641,0.8657118447707184,0.23420223560607734,3
0.8515602415744009,0.8836822733442389,0.032122031769837966,3
0.7318601192491414,1.048605068812383,0.3167449495632415,4
0.5631697457252279,0.9567512539666954,0.3935815082414674,3
0.6691900409843168,0.9650046806546292,0.2958146396703124,3
0.6718112153852672,1.0251096616242266,0.35329844623895934,3
0.9545032763116201,0.9622996802844963,0.007796403972876176,3
0.7951219488586818,0.9877119800144104,0.1925900311557286,3
0.8949797234930166,1.0981731717755818,0.20319344828256525,3
0.9471447392181053,0.9590892313863787,0.011944492168273424,3
1.068632867160976,0.9688741808038157,-0.09975868635716023,3
0.8965818320271053,0.8849293541336587,-0.011652477893446589,3
0.5937804601228188,0.724498418382416,0.1307179582595972,3
0.7351612340338062,1.0030513308354296,0.26789009680162346,3
0.6974016032986757,1.0840719775209589,0.3866703742222831,3
0.7999919067758354,0.9893848118512653,0.18939290507542983,3
0.8569398029140511,0.9627533457681746,0.10581354285412348,3
0.7283563702977425,1.0625680564403734,0.33421168614263097,3
1.02657258631042,0.9323961873820362,-0.09417639892838381,3
0.7222008391622285,0.9355094551346044,0.21330861597237583,3
0.8902890213411676,1.0845092945836612,0.19422027324249358,3
0.9416181012020408,0.8750781117931385,-0.06653998940890227,3
0.8286849863037796,0.9412396626710428,0.11255467636726313,3
1.1338407817639697,1.013107221589077,-0.12073356017489267,3
0.6826743215522816,1.071675120786493,0.3890007992342114,3
0.5974730359935588,0.7357557728902258,0.13828273689666692,3
0.7522332892522008,0.992986728966212,0.2407534397140112,3
0.8377516004943204,1.0021426330628027,0.1643910325684823,3
0.4531534604899906,0.9220983079820744,0.46894484749208376,3
0.7910882161477157,1.0898287845925478,0.2987405684448321,3
0.9020507783177021,1.0143771081661095,0.1123263298484074,3
0.9982947273322653,0.9782903078008843,-0.02000441953138099,3
0.8343314918944451,1.0835860878709747,0.24925459597652955,3
0.98081417545265,0.9895023821583544,0.00868820670570436,3
0.967671961652849,1.0778938186981573,0.11022185704530829,3
0.6537350904303952,0.718344996274914,0.06460990584451876,3
0.9078083974640769,1.0752596471962823,0.16745124973220538,3
0.9287507655597267,1.001196701286768,0.07244593572704128,3
1.0197202202588767,1.030649585185673,0.010929364926796303,3
0.6579249799604054,0.9058419342406763,0.24791695428027083,3
0.9038761172615353,0.9699895249293405,0.06611340766780527,3
0.7797672032908861,0.9091014739284444,0.1293342706375583,3
0.7873353557278655,1.1073615031709805,0.32002614744311497,3
0.8776750922371799,0.9687658816830608,0.0910907894458809,3
0.76376392161079,1.1480525590925743,0.3842886374817843,3
0.8804401167190289,0.9912582557503822,0.11081813903135329,3
0.9037820876683667,1.061860018658286,0.1580779309899194,3
0.6641847686957186,1.071156664192617,0.4069718954968983,3
0.9617467749993381,1.0648074730574877,0.10306069805814955,3
0.7851571120083705,0.9187354530554034,0.13357834104703292,3
0.8346800841779093,1.098877461000468,0.2641973768225586,3
1.003389479601525,1.0457354167508284,0.04234593714930335,3
0.6515552334558474,0.6905726729128643,0.039017439457016856,3
0.5220766651419273,1.066168778810832,0.5440921136689048,3
0.6731514116341759,0.8968831902415003,0.2237317786073244,3
0.9690676246270062,1.0320410694582804,0.0629734448312742,3
0.9392270307431854,1.0036907404490556,0.06446370970587023,3
0.5074784284277691,0.9311287497556867,0.4236503213279176,3
0.6656956974699736,0.987218609331025,0.3215229118610514,3
0.9173216885532366,1.0395072884112069,0.12218559985797028,3
1.005647115896407,0.846769300100614,-0.15887781579579308,3
0.5673103127728922,0.8127365481362887,0.24542623536339647,3
0.6417571729962025,0.9804941748357938,0.3387370018395913,3
0.8358965446384896,0.9263963355857268,0.09049979094723715,3
0.5517743416990517,0.7308729038389471,0.1790985621398954,3
0.9718025225296666,1.020647843497194,0.04884532096752736,3
0.9566185845360159,0.993004577106127,0.0363859925701111,3
0.8863214055343721,0.9685006180365715,0.0821792125021994,3
0.8696334151601108,0.9015672159300184,0.031933800769907594,3
0.9044886202721836,1.1141934120062023,0.20970479173401868,3
0.834350274292163,0.9826553812502735,0.1483051069581105,3
0.812007952535605,0.9886833032970113,0.17667535076140628,3
0.8407916427393505,0.9128875186371685,0.07209587589781807,3
0.9566355940038133,0.9858709813258257,0.029235387322012474,3
0.5835347059132104,1.1455129526933379,0.5619782467801274,3
0.7230781856477153,1.1181600036039394,0.3950818179562241,3
0.8916243260910265,0.9226096630102582,0.030985336919231665,3
0.5637869054455923,0.8776641081968911,0.3138772027512988,3
1.0004016531094408,0.9864302998952816,-0.01397135321415921,3
0.8608210370014522,1.0963845242891301,0.23556348728767795,3
0.8470047014833876,0.9654897890105701,0.11848508752718256,4
0.9349799025904975,1.1133784035027414,0.17839850091224396,3
1.09874105576205,1.0175922745845318,-0.08114878117751823,3
0.6332913656227142,1.1812926305192673,0.5480012648965531,3
0.69856859845096,0.787044099153136,0.08847550070217602,3
0.9326311638743794,0.9975332034189541,0.06490203954457474,3
0.9319362751002016,1.042701863219734,0.11076558811953241,3
0.5067213283047044,1.0617116822826067,0.5549903539779023,4
0.8982575133776891,0.716700294873804,-0.18155721850388506,3
0.7363386036614872,1.1123229532993162,0.375984349637829,3
0.056684229557614846,0.2319234437751229,0.17523921421750804,3
0.7983000863243936,1.0358574493923498,0.23755736306795616,3
0.7666334467707361,0.8978852241593609,0.1312517773886248,3
0.8177506272164808,0.9531344968268334,0.13538386961035254,3
0.5989047849081242,0.8830919698217162,0.2841871849135921,3
0.7928986491293848,1.0074655892399094,0.21456694011052457,3
0.7381020399063876,1.0727509886021556,0.334648948695768,3
1.0451997192796711,0.9983652200305144,-0.046834499249156725,3
1.024310193515725,1.0053957550053259,-0.0189144385103992,3
0.3906661929235649,1.1888113812151582,0.7981451882915933,3
1.004641605345882,1.0199388859674368,0.015297280621554776,3
0.6027954882585324,1.0861039471339098,0.48330845887537743,3
0.6586400986154144,1.1912010147119887,0.5325609160965743,3
0.14273309083141017,0.2884636822848672,0.14573059145345701,3
0.7875890993239858,0.9632361520200835,0.1756470526960977,3
0.6004112218332234,1.0105639666277935,0.4101527447945701,3
0.8412377578083341,0.9759039931304943,0.13466623532216015,3
0.7895837222001566,0.9907950497538947,0.20121132755373805,3
0.8524643658760579,1.0086040958469111,0.15613972997085324,5
1.0440301377862125,1.0563520052421567,0.012321867455944213,3
0.7098121809778293,1.1461257538533909,0.4363135728755616,3
0.838857811440334,1.0304933755862127,0.19163556414587868,3
0.8757974440602194,1.0510623084223103,0.17526486436209088,3
1.0022958207638948,1.0494405491618108,0.04714472839791606,3
0.8709248709873283,1.039817599710965,0.1688927287236368,3
0.7102044895515898,1.0248397005037764,0.3146352109521866,3
0.9863399624129171,1.0306309084884637,0.04429094607554662,3
0.7659724495582484,0.9494078663519965,0.18343541679374809,3
0.9803020820585295,1.071369899642804,0.09106781758427451,3
0.7733127596206515,0.9952230598769022,0.2219103002562507,3
0.5866423743946154,0.7707651521363461,0.1841227777417307,3
0.789029411561622,1.084312755733587,0.295283344171965,3
1.0583669970212553,1.0495058180770447,-0.008861178944210568,3
1.0302079906419719,1.0429634122522995,0.01275542161032761,3
0.6253164169953872,1.0337702102604978,0.40845379326511055,3
0.9507026402775884,1.0039545288155787,0.05325188853799023,3
0.8702498476589486,0.9010260480169183,0.030776200357969685,4
0.775018294360643,1.0252846910107238,0.2502663966500809,3
0.9899691800607633,0.9735175387516632,-0.01645164130910004,3
0.7146082342814823,0.9122345924348307,0.1976263581533484,3
0.7519247969728611,1.0821365934254068,0.3302117964525457,3
0.9184212922562244,1.0194466320310347,0.10102533977481032,3
0.18351659288100955,0.3722436587453658,0.18872706586435625,3
0.8799084477228001,0.9242426244921068,0.04433417676930673,3
0.6916001415998022,0.7727120905220414,0.08111194892223916,3
0.5067323662279963,1.0909506109082987,0.5842182446803024,3
0.6248613053018532,1.0433692154311311,0.4185079101292779,3
0.8522991038183141,1.0138520913714355,0.16155298755312142,3
1.0802350084970658,1.031127220226833,-0.04910778827023288,3
0.6468733463842747,0.9321767403083768,0.2853033939241021,3
0.954461478596464,0.9409739426117449,-0.013487535984719079,3
0.9370446383836194,1.0090247236877365,0.07198008530411715,3
0.8751957340490644,1.0715195487069742,0.19632381465790982,3
0.8521007625460979,1.0257686316077426,0.17366786906164466,3
0.8667637355094846,1.059060057351345,0.1922963218418603,3
0.7596074234822296,1.0026268046720497,0.24301938118982003,3
0.7873028485477944,0.9458851019596354,0.15858225341184096,3
0.7773597261392693,1.072936743929438,0.29557701779016865,3
0.6540923047088107,0.8613718798503541,0.20727957514154338,3
0.7494982752024253,1.1161496210899684,0.3666513458875431,3
1.0672737261206202,0.9442487664775309,-0.12302495964308935,3
1.0567130221700618,1.0310380318323193,-0.025674990337742454,3
0.8176285836646543,1.0394398826818905,0.22181129901723617,3
0.8722068677997099,1.0603125317029978,0.18810566390328787,3
0.693350827109174,1.1389556609623879,0.4456048338532139,3
0.6519342235940793,0.8952683501307737,0.2433341265366944,3
1.021323788252625,0.9891406492000588,-0.03218313905256609,3
1.069684013560504,0.9449602411640632,-0.12472377239644072,3
0.24150072975813033,0.7960058782511803,0.55450514849305,4
0.9347734246660282,0.9489988242924241,0.014225399626395907,3
0.6429147616833907,0.9580380825425423,0.3151233208591516,3
0.8220812912073777,1.0119933732961914,0.18991208208881372,3
0.7737570553070182,1.1435578196290859,0.36980076432206765,3
1.036872457488187,1.057035533066339,0.020163075578152112,3
0.8292616324366642,1.0338694834587736,0.20460785102210943,3
0.9030753141389274,1.0526050805274263,0.1495297663884989,3
0.9334816148531986,0.9407708659106152,0.007289251057416624,3
0.5953324790173695,1.0059017064210412,0.41056922740367163,3
0.8820827126528767,1.0337170706036247,0.15163435795074798,3
0.7635446848560031,0.9518063534190345,0.1882616685630314,3
0.6827476703811488,1.0286533619354346,0.34590569155428574,3
0.5158576818356815,0.6123812977933095,0.09652361595762804,3
0.7360919996050472,0.8705246061782768,0.13443260657322953,3
1.0430511810030583,0.9744284732161848,-0.06862270778687352,3
0.7943717483513171,1.048868761939785,0.2544970135884679,3
0.9285183895756532,0.8067686381636783,-0.12174975141197497,3
0.9208282669688715,0.8849820923202429,-0.035846174648628604,3
0.22502929144809072,0.2669719011284463,0.0419426096803556,3
1.0384459939372765,1.0622619647064468,0.023815970769170303,3
0.9935106566948726,0.9227024026589202,-0.07080825403595237,3
0.6184718318024119,0.8826156103205962,0.26414377851818427,3
0.9275568921170587,1.000257666161487,0.07270077404442832,3
0.940070213459602,1.0578897628333035,0.11781954937370154,3
1.0111583666435062,0.8829843335131373,-0.1281740331303689,3
0.4413398656153375,1.0178395598674792,0.5764996942521416,3
0.5384589530282087,0.8577751006904591,0.31931614766225047,4
0.8084848468307881,0.9570063488370074,0.14852150200621927,3
0.9028314850062789,1.0312827834988876,0.12845129849260872,3
0.7608617188462348,0.9865242971048157,0.22566257825858094,3
0.9525897895045273,0.8897471006969822,-0.06284268880754518,3
0.41456537691486806,0.7304557578216588,0.3158903809067908,3
0.957572076700939,0.9575139632145626,-5.8113486376409895e-05,3
0.7758741716646247,1.0397983231808008,0.2639241515161761,3
0.8153321360531144,0.9645673457785964,0.149235209725482,3
0.9754213760999817,0.9993113596347902,0.023889983534808534,6
0.9244168425791666,0.979565530767174,0.055148688188007444,3
1.005587447446779,0.9932476951841347,-0.012339752262644277,3
0.16531622496694226,0.573827384381108,0.40851115941416577,3
0.84682183964054,1.0617922469922103,0.21497040735167028,3
0.7210870184969026,1.0087694939013425,0.2876824754044399,3
0.7126533001390196,0.8107994981287812,0.09814619798976154,3
0.7378924962341025,1.0447080062704324,0.3068155100363299,3
0.9816555234292943,1.0569430822132662,0.07528755878397186,3
0.6982647071743264,0.8452861393765485,0.14702143220222208,3
0.7490300770895738,1.0590113608893623,0.3099812837997885,3
0.5742600828898533,1.111952415261989,0.5376923323721358,3
1.0547745209943409,0.9518583114044594,-0.10291620958988146,3
0.8675198822496091,0.819687658403805,-0.0478322238458041,3
0.9973901661043794,0.9926097958414012,-0.004780370262978173,3
0.9753302524853883,0.9179814436963485,-0.05734880878903981,3
0.7013832966253344,1.1091449408848233,0.4077616442594889,3
0.7659118023907837,0.8966547075864729,0.1307429051956892,3
0.8049673818473587,0.7655291102982728,-0.03943827154908597,3
0.8693538034222433,0.9386742073779407,0.06932040395569739,3
0.8430575015477678,0.9620219676794018,0.11896446613163403,3
0.7648838265725355,1.0301889718885844,0.2653051453160489,3
0.7426203831049256,1.1414441267076068,0.39882374360268114,3
0.5259629023762091,1.2600888495739513,0.7341259471977422,3
0.4742958000719513,0.9202169017177155,0.4459211016457642,3
1.0256653755355578,0.9361283937202817,-0.08953698181527614,3
0.953146133777629,1.071036098491272,0.11788996471364288,3
0.913587017078416,1.0592898764010839,0.1457028593226678,3
0.9168515725391954,1.1156857529121411,0.19883418037294576,3
0.6059561033071474,1.0268840827342054,0.42092797942705795,3
0.12524804496386024,0.4183232688480142,0.29307522388415397,3
0.9618541634716221,1.0207191983355082,0.05886503486388606,3
0.6787963315542425,1.1653709779671628,0.48657464641292036,3
0.7782854966814435,0.8869880484354065,0.10870255175396293,3
0.7113180959532887,1.1173810300688145,0.40606293411552585,3
0.8538837525928034,1.0354613091442093,0.18157755655140595,3
0.8315872777057665,0.9801004749404483,0.14851319723468182,3
0.9235947511445235,1.0094570407320218,0.08586228958749831,3
0.8736428818626112,0.9135768695752553,0.039933987712644115,3
1.0406770879243457,1.0554229064419816,0.0147458185176359,3
0.5632831618343463,0.9806974321378682,0.41741427030352185,3
0.8663000525602165,0.9946659938710318,0.12836594131081536,3
0.772965902811463,0.9176133131106443,0.14464741029918127,3
0.7931779938087198,1.1263592575447068,0.333181263735987,3
1.002027502414765,0.9805806979776331,-0.02144680443713176,3
0.8037772538124911,1.096860395657756,0.29308314184526496,3
0.9488865628098567,0.8777101429506821,-0.07117641985917467,3
0.6249815814067254,0.9784142064490335,0.3534326250423081,3
0.797692158870219,1.121314765729935,0.3236226068597159,3
0.9207787709619306,1.0018473078125776,0.08106853685064697,3
1.0376616941846761,0.9733001532212135,-0.06436154096346258,4
0.8468014172643363,1.005726091413531,0.15892467414919476,3
0.7123685867621351,0.9698095149271554,0.2574409281650203,3
0.6326206046885504,0.8716788912981885,0.23905828660963813,3
0.7189483971727768,0.975796849351774,0.2568484521789972,3
0.9027300239264497,0.8684397449401835,-0.03429027898626624,3
0.6343217407713232,0.7822734128077032,0.14795167203638004,3
0.792115349613248,1.0523583294327212,0.2602429798194732,3
1.0486850594543191,1.0325451246324486,-0.016139934821870483,3
0.2920709911354659,0.6677757688616882,0.3757047777262223,3
0.7752693427975458,0.9824992047363549,0.2072298619388091,3
0.7614038187494752,1.1333900083312705,0.3719861895817953,3
0.9450233415865733,0.8967808684377813,-0.04824247314879204,3
0.8661470690458125,0.978218387504481,0.11207131845866847,3
0.8194570584816914,0.9552883180036059,0.13583125952191455,3
0.7457487090426093,0.9101811293114395,0.1644324202688302,3
0.4602440946543989,0.8326025297524383,0.3723584350980394,3
0.9901598152718291,1.0322190780340248,0.04205926276219574,3
1.0607568973405623,0.9974187224739829,-0.06333817486657944,3
0.9836349693991266,1.0320396922324226,0.048404722833296,3
0.9005964709572881,1.0247931746207695,0.12419670366348134,3
0.8259288089742094,1.0551950910331969,0.22926628205898747,3
0.9464729393754913,1.0541133702538907,0.10764043087839947,3
0.6591863832415146,1.1461682671801137,0.4869818839385991,3
0.7211678054239404,1.0164739465056136,0.2953061410816732,3
0.6044058907268586,1.0141888785233184,0.40978298779645983,3
0.35353800952407743,0.5200773250756799,0.1665393155516025,3
0.9217699979921226,0.9859528669876616,0.06418286899553904,3
0.7637943741680809,0.9681030406292906,0.2043086664612097,3
1.0602320505359626,0.9507244707184098,-0.10950757981755277,3
0.14408032600548476,0.4258488314587579,0.28176850545327314,3
0.7833292705850707,0.9848608287296724,0.20153155814460166,3
1.0100764479791533,1.0923718662639277,0.08229541828477438,3
0.7821229501900593,0.9283586122029502,0.14623566201289095,3
0.8327460934526524,0.9441102714405094,0.11136417798785703,3
0.6117374820579587,0.8727658209151484,0.2610283388571897,4
1.0619524118116836,0.9940982427698867,-0.06785416904179697,3
0.9945259276172312,1.0487364927149427,0.054210565097711494,3
0.7954841827388567,1.0562055496495881,0.26072136691073144,3
0.2628019753087928,0.6941293931807958,0.431327417872003,3
1.0375242792794601,0.9821479355307082,-0.05537634374875189,3
0.8069047486392605,1.1419872267895057,0.33508247815024517,3
0.6486405026539533,0.9827561481340983,0.33411564548014494,3
1.0178686374864847,1.02301983983539,0.005151202348905315,3
0.7779523456472754,0.8212996779702235,0.04334733232294807,3
0.9156238260878828,0.98372386922049,0.0681000431326072,3
0.5850935927336314,1.035082663985118,0.4499890712514867,3
0.7524277823629091,0.8624298857616459,0.11000210339873684,3
0.8088724476216917,0.9984914498097425,0.18961900218805072,3
0.9317002322438456,0.9914163020512394,0.05971606980739386,3
0.652004528999321,0.8286998492127623,0.17669532021344125,3
0.9348163658625563,1.0234796214950996,0.08866325563254329,3
0.4039006691182417,1.023107694201047,0.6192070250828055,3
0.9490139430251306,0.9873456631710467,0.038331720145916015,3
0.8297754423910363,0.963712068572813,0.1339366261817767,3
0.9220544471791956,1.0591931386514823,0.13713869147228674,3
1.0131038313253495,0.9792382943265766,-0.03386553699877293,3
0.9168855990539297,0.9755217102825802,0.05863611122865042,3
0.7387158246665098,1.042756027415305,0.3040402027487952,3
0.6092506283007113,0.9166749276549513,0.30742429935424,3
0.7414743883819513,1.0633495758359277,0.32187518745397636,3
0.8840773619260427,1.0003171652201617,0.11623980329411898,3
0.9056347150303892,0.959736864788467,0.05410214975807781,3
0.9699244286662251,0.9743862165255546,0.004461787859329491,3
0.9075915806142829,1.0576470353768397,0.15005545476255677,3
0.8323085530741299,0.8874669116594825,0.055158358585352674,3
0.9780953641401828,0.9600805222371767,-0.018014841903006173,3
0.3476994702588314,0.47833810834798424,0.13063863808915283,3
0.98527010032495,1.0709820923834348,0.08571199205848479,3
0.8460774891724403,0.9283808009721952,0.08230331179975492,3
0.5771443349953308,1.0056166258559711,0.4284722908606403,3
0.9737362857203967,0.9927413007508129,0.019005015030416184,3
1.0692702179812037,0.9155203880467063,-0.15374982993449737,3
0.8104991803679692,0.886197696125221,0.07569851575725184,3
0.8084065131294603,0.7805251425259859,-0.027881370603474398,3
0.8354267032991428,0.9165389025581009,0.08111219925895807,3
0.7293246716288668,1.0734672109421846,0.34414253931331773,3
0.8595853180586303,0.7616105301759282,-0.09797478788270209,3
0.8536968503558755,1.0936624772189674,0.23996562686309186,3
1.0255873296967686,0.9325589664595503,-0.0930283632372183,3
0.7549987636536741,0.8832733098163692,0.12827454616269507,3
0.8594260075281706,0.9257423461101985,0.0663163385820279,3
0.8960853573837371,0.8984659967469381,0.002380639363200987,3
0.7079813065188094,1.0601572955716232,0.3521759890528138,3
0.9148589846169222,0.9636948184879687,0.04883583387104651,3
0.2623935868256511,0.41030312495417576,0.14790953812852464,3
0.8416034225458893,0.8461665157063709,0.004563093160481646,3
0.8617637498077849,1.0019801390885121,0.14021638928072722,3
0.8519789229775211,0.989178128653755,0.1371992056762339,3
1.0696282666172439,0.984355760817975,-0.08527250579926882,3
0.8666938107511792,0.95170897453047,0.08501516377929075,3
0.6328083740135623,0.9459787835111108,0.3131704094975485,3
0.5061714822723017,0.6826499289139141,0.17647844664161239,3
0.7746174084002355,1.0071567563582462,0.23253934795801068,3
1.0336753755611274,0.9978723385408376,-0.03580303702028986,3
0.7498735705817671,1.1554205404555977,0.40554696987383065,3
0.8985203995728511,1.1061430296756538,0.20762263010280269,3
0.6865378613364296,0.9268108275081546,0.240272966171725,3
1.0272615246604646,0.9642318681465349,-0.06302965651392967,3
0.7935745769190519,1.0293440182811622,0.2357694413621103,3
1.0015198469822382,0.9815078257514109,-0.020012021230827237,3
0.6732862862664366,0.9180067716637657,0.24472048539732905,3
0.8425079792003551,1.0533640307621102,0.21085605156175502,3
0.8341073251331598,0.8640459107206362,0.02993858558747642,4
0.8575498369730172,1.0554365607599552,0.19788672378693795,3
0.46708471970359383,0.9512623679919928,0.484177648288399,3
0.8299709520499233,1.1042586458516017,0.2742876938016784,3
0.8643525718165399,0.9816006632335196,0.11724809141697967,3
0.9035324201666278,0.950813665809705,0.04728124564307723,3
0.925355799799414,1.0446149249976622,0.11925912519824822,3
0.8486441627165118,0.9927573829697826,0.14411322025327078,5
0.5241568882935541,0.9656135255997041,0.44145663730615003,3
0.6457158837152237,1.0680140421777076,0.42229815846248386,3
0.8492739296131684,1.0103074719619394,0.16103354234877099,3
1.0058729935319777,0.9395926681168968,-0.06628032541508089,3
0.9816157627282831,0.877344738667777,-0.10427102406050615,3
0.5628575138539681,0.9059728910486078,0.3431153771946397,3
0.4226726470413713,1.2767026222745463,0.854029975233175,3
0.8365713476602559,1.0598636521997291,0.22329230453947324,3
0.9478956751473187,1.0369646807056925,0.08906900555837383,3
0.8009344890329819,1.0601757110011298,0.2592412219681479,3
0.5687515938965347,1.103074450720626,0.5343228568240913,3
0.8290418862076885,1.1346710349333577,0.30562914872566926,3
0.8837048609965773,1.0935121858273231,0.20980732483074582,3
1.0801778064458372,1.0359485493832221,-0.044229257062615046,3
0.7041939742286364,0.8365249603081096,0.13233098607947325,3
0.6762201124126583,0.8944284447035104,0.21820833229085201,3
0.5750503162817271,0.9904804185459565,0.4154301022642294,3
0.6705707787434241,0.7791581725280871,0.10858739378466298,3
1.055507236787589,1.0437305402588002,-0.011776696528788877,3
0.7741761973682377,1.068959026325634,0.2947828289573964,3
0.5051730915852733,0.9338647496691473,0.428691658083874,3
0.7402525847690893,0.8038897411254112,0.06363715635632194,3
0.9996636154739171,1.0457934412606813,0.04612982578676417,3
0.28034772959147364,0.8568728561736086,0.576525126582135,3
1.1773811164359789,0.8981250310349362,-0.27925608540104263,3
1.061499080914158,0.9755799001680462,-0.08591918074611182,3
0.5943178709140016,1.0398597362284092,0.44554186531440765,3
0.7100128147095932,0.8624286589681185,0.15241584425852528,3
1.0043212134678938,0.918005934872539,-0.08631527859535482,3
0.8363131431563765,1.0122625532210807,0.17594941006470421,3
0.9454019830471339,1.0039287819668838,0.05852679891974999,3
0.6343746334180957,1.031614969362631,0.39724033594453534,3
0.7761996568948002,0.9040467103318368,0.12784705343703662,3
0.6207829279446925,0.8905758255336732,0.26979289758898073,4
0.9608628316232279,0.9601827213666525,-0.0006801102565754391,4
0.7420095344600299,0.9679167917444402,0.2259072572844103,3
0.6234713232669729,0.6978752094787463,0.0744038862117734,3
0.6106550334551377,1.1765532376548082,0.5658982041996705,3
1.0167322874664881,1.0220550842087621,0.005322796742273983,3
0.6353841521312212,0.9766717224246522,0.34128757029343093,3
0.737336007900067,0.9667197088316785,0.22938370093161142,3
0.7049024821794442,1.072958513322428,0.3680560311429838,3
0.8592315805293795,1.0571703472501244,0.19793876672074484,3
0.834857883715188,1.0508201791383247,0.21596229542313672,3
0.7902854397715278,1.0358748070458264,0.2455893672742986,3
1.0489837092044554,0.9971858188231396,-0.05179789038131577,3
0.36913838649232894,0.8039642578960917,0.4348258714037628,3
0.6983818044268945,0.9720005059229846,0.27361870149609013,3
0.7947018369290513,0.9482584400995249,0.1535566031704736,3
0.7166024899437234,1.0215313239511334,0.30492883400741,3
1.01511404114845,1.0501723841524135,0.03505834300396349,3
0.6809019733706185,1.0092901311823756,0.3283881578117571,4
0.9346938831980929,1.0157236933624467,0.08102981016435384,3
0.6938408915040437,0.6926300632123474,-0.0012108282916962754,3
0.8134994456838586,0.8701340941184361,0.05663464843457755,3
0.8740237118143901,1.0061355821462472,0.13211187033185712,3
0.5691392714317034,1.047845942937404,0.4787066715057007,3
0.3107580250273345,0.4226874630037651,0.11192943797643057,3
1.0599118699984516,0.9262236377383231,-0.1336882322601285,3
0.8839638189035012,0.9463848695832286,0.062421050679727474,3
1.032441525417524,0.947426715804695,-0.08501480961282915,3
1.0230493690074949,1.007322912986761,-0.01572645602073397,3
1.0348941137647856,1.0242084193603271,-0.010685694404458435,3
0.8194471549219905,1.0796564417522936,0.2602092868303031,3
0.5676475716343774,1.0840341861363876,0.5163866145020102,3
0.6211537425326396,0.5142819434812361,-0.10687179905140343,3
0.8990819023495271,0.9617196155923322,0.0626377132428051,3
1.0172181668628446,1.069985031899427,0.052766865036582455,3
0.8578553187313644,0.9399912207604878,0.08213590202912335,3
0.6917253557857302,0.9489292404338231,0.25720388464809285,3
0.9319964233585825,1.0846954869231384,0.15269906356455598,3
0.8969822722481793,1.0266386632324827,0.12965639098430337,3
0.9737136509286359,1.0144670768679083,0.040753425939272336,3
1.2173261431892988,0.9734786655506238,-0.24384747763867498,3
0.7897201427384968,1.0344223495609766,0.24470220682247978,3
0.7270317804040856,1.0609519382768535,0.33392015787276796,3
0.4484090501163663,0.9730497792167253,0.524640729100359,4
0.6354971338393298,1.0628203056355272,0.4273231717961974,3
0.995541609395219,1.0095256407950908,0.01398403139987181,3
0.6477602855754963,1.0187258927780205,0.37096560720252425,3
0.839375442326763,1.0006846631200743,0.16130922079331134,3
0.7450754213191166,1.0482413159497221,0.3031658946306055,3
1.0907666026408807,0.9903227415640524,-0.10044386107682823,3
0.6539068641980151,1.1278286307083256,0.4739217665103105,3
0.6248177508851624,1.0624358848438202,0.4376181339586578,3
0.8189918626296946,0.939876208447288,0.12088434581759344,3
0.6515889786978121,1.0335910242400501,0.38200204554223804,3
0.7597796696697445,1.0396383538124099,0.27985868414266535,3
0.3612719768836501,0.48351829454601686,0.12224631766236677,3
0.6998080615901914,0.8586063729185145,0.15879831132832312,3
0.9397530062959296,0.8290348908481718,-0.11071811544775778,3
0.7522805160724125,1.028787079114079,0.27650656304166643,3
0.8368698452260936,0.9930591456222956,0.15618930039620194,3
0.7840228739131089,1.0398501998150615,0.2558273259019527,3
1.0812790612938703,1.0335876623272138,-0.04769139896665653,3
0.7641849689206118,1.1132818295494893,0.34909686062887746,3
0.8419985910993397,0.9982368314386877,0.15623824033934797,3
1.0525819307078024,1.0166360613620011,-0.03594586934580124,3
0.42939551389791447,1.0875842640204516,0.6581887501225372,3
1.0306456376833428,1.0358710660869597,0.005225428403616839,3
0.1578489370999626,0.7087073623016636,0.550858425201701,3
0.8420963513136088,0.9755554048246087,0.13345905351099985,3
0.8002889507450679,0.9286884479004094,0.1283994971553415,3
0.9977425184920089,1.0480326227475116,0.05029010425550273,3
0.7550180387209713,1.046070787988078,0.29105274926710667,3
1.1131852707110814,0.9825998633030667,-0.13058540740801472,3
0.9305921771055977,1.0422187481281133,0.11162657102251561,3
0.8206299934075683,0.8800456405958235,0.059415647188255205,3
0.6994011599531417,1.1386308783891972,0.4392297184360555,3
0.07335669958013116,1.1033702718408975,1.0300135722607664,3
0.4732761425700457,0.8898860475473017,0.41660990497725603,4
0.7477763047586194,1.1156720709745898,0.3678957662159703,3
0.9143687696789384,0.8794049404111124,-0.03496382926782604,3
0.7932191276558458,0.9284855546714553,0.13526642701560954,3
1.0235851289480973,1.0571791087663864,0.033593979818289155,3
0.5971078750705663,0.9590088582704348,0.3619009831998685,3
0.8697387256611722,1.0466203988155818,0.1768816731544096,3
0.9336001995365588,0.9159627639562398,-0.01763743558031905,3
0.7252326517588916,1.0801306853264712,0.35489803356757954,3
0.732465822609043,1.085667933609272,0.353202111000229,3
0.984308682165196,0.9924736639415895,0.008164981776393576,4
0.7232779069424762,0.9525202913928139,0.22924238445033773,3
0.8894964626537787,0.8574603291528027,-0.032036133500976005,3
0.9185309436594318,0.9557535005573008,0.03722255689786902,3
0.6304004158540211,0.7886293392917891,0.15822892343776807,3
0.7761681280402547,1.0923824735119645,0.3162143454717098,3
0.7852028052479528,0.9430657909100675,0.15786298566211465,3
1.0215242380609242,0.9409305371015302,-0.080593700959394,3
0.6661638625455469,1.1502317485319655,0.4840678859864186,3
0.834561721018656,1.0055822602168254,0.1710205391981694,3
1.0012075876929547,1.0480830130968157,0.046875425403861026,3
0.9436886937054219,1.0606043913994525,0.11691569769403065,3
0.960626601612486,0.9160187374467597,-0.044607864165726374,3
0.4227844852611293,0.7269616109633422,0.30417712570221295,3
0.8659947066342917,1.0002687449666303,0.13427403833233864,3
0.46562073916990226,0.6699047109503306,0.2042839717804283,5
0.909248273234553,1.0406160774853253,0.1313678042507722,3
1.092659106129956,1.032045116951719,-0.060613989178236904,3
0.9091247806103158,1.0187988064792024,0.10967402586888664,3
0.7358786173495924,0.8452566734181841,0.10937805606859174,3
0.9126569301794748,1.088051457283318,0.17539452710384318,3
0.8372866747596555,1.035238971506802,0.19795229674714654,3
0.8251040612448471,1.0109545737517298,0.18585051250688267,3
0.8945134030785122,0.9758743472279153,0.08136094414940309,3
0.6655089410422341,1.0459631039121502,0.38045416286991607,3
0.8421996022723045,0.9191290182824218,0.07692941601011727,3
0.8418799359926933,0.9020980934635849,0.06021815747089165,3
0.734798671371997,1.035879513490454,0.301080842118457,3
0.5503630993126807,1.0635567836338518,0.5131936843211711,3
0.9179668618019053,0.9293445546861049,0.011377692884199542,3
0.10976748091337014,0.5386636963019632,0.42889621538859307,3
0.7755312473337322,1.0987228703361527,0.32319162300242044,3
0.982887775267713,0.8957052198857088,-0.08718255538200415,3
0.7814921565247458,1.081087843033493,0.2995956865087471,3
0.8786209385252831,0.9783204507571863,0.09969951223190321,3
0.7865935496698182,0.9647765947953355,0.1781830451255173,3
0.8945665696867158,0.971780743270231,0.07721417358351523,3
1.101962020808867,1.0371555118756492,-0.06480650893321771,3
0.7860802939641953,1.135116090814586,0.34903579685039077,3
0.9011137119457431,1.0321936622804775,0.1310799503347344,3
0.4627133664736822,0.8340933544444864,0.3713799879708042,3
0.8574720661253876,1.050932080270482,0.1934600141450944,3
1.0564182946789333,0.9851042165291721,-0.0713140781497612,3
1.062843303930241,1.0472257724379779,-0.015617531492263081,3
0.8422286845809458,1.0187323096718985,0.17650362509095274,3
0.9283097505893818,0.9993416703442172,0.07103191975483536,3
0.9480336308824706,1.0825882364884603,0.13455460560598964,3
0.6645368766609627,1.1644230977162828,0.4998862210553201,3
1.051446230130218,1.0214640370966621,-0.02998219303355598,3
0.8114797434643699,0.9386217468775808,0.1271420034132109,3
0.8264157648404508,0.9374600004891619,0.11104423564871113,3
0.5220493788559835,0.7148939044710537,0.19284452561507026,3
1.2061152543654743,1.0028034711084588,-0.2033117832570155,3
0.9190027933802869,0.9499345660407087,0.030931772660421797,3
0.9000369433018157,0.9892141476289895,0.0891772043271738,3
0.8131795859349308,0.9429994035188968,0.129819817583966,3
0.5310520136449796,0.8254457093369201,0.2943936956919405,3
0.5828614794885318,1.2332640478365797,0.6504025683480479,3
0.9132441977811603,1.0547090432284523,0.141464845447292,3
0.8017798558495547,1.0057141074254394,0.20393425157588474,3
0.9963943072129856,0.9617993736384245,-0.034594933574561115,3
0.9803286437501247,0.910873970559146,-0.06945467319097876,3
0.8371095805725833,1.0187949511791072,0.1816853706065239,3
0.8433204725473693,1.0140321125103395,0.17071163996297023,3
0.8745458544035898,1.0237067883609285,0.14916093395733876,3
0.8764217469847342,1.0680111214125294,0.19158937442779522,3
1.169625616042775,0.9269536388379948,-0.24267197720478018,3
0.677973686530959,1.0054942310180743,0.3275205444871153,3
0.746130475877532,1.055770322897915,0.30963984702038294,3
0.911496193244955,1.119560603752197,0.208064410507242,3
0.9021307271359724,1.0231019431007637,0.12097121596479132,3
0.8007027874758001,1.0346284969437742,0.23392570946797409,3
0.6715315648816409,1.1348336301586375,0.4633020652769966,3
0.9252862613299765,1.0799641367952795,0.15467787546530298,3
0.8498037174256166,1.0076313649569684,0.1578276475313518,3
0.8033075900934789,1.0614562484758432,0.25814865838236434,3
0.7396448907873723,1.026584542344867,0.2869396515574947,3
0.5427431044397136,0.8637565609442746,0.3210134565045609,3
0.6810108071713108,0.9756800070021038,0.294669199830793,3
0.8951707006941296,0.8683319404001647,-0.026838760293964925,3
0.8108140590781232,1.049463114471699,0.23864905539357584,3
0.9112891564551535,0.953281747481155,0.0419925910260015,3
0.9021483514471628,1.0477521547278354,0.14560380328067268,4
0.6415182991197629,1.0024061531903181,0.36088785407055524,3
0.9920931362118262,1.0220322378146853,0.029939101602859175,3
1.0187906154750326,1.0187041713450686,-8.644412996394735e-05,3
1.0049156770892977,1.082097186348666,0.07718150925936818,3
0.9493020169321184,1.0692637231728532,0.11996170624073488,3
0.9232397928044587,1.110312346636225,0.18707255383176635,3
0.7792959205616262,0.9605088540110558,0.18121293344942957,3
0.8505298672172094,1.0567746009142023,0.20624473369699292,3
0.9199556011375005,0.9675789407686087,0.04762333963110821,3
0.8686194281914708,0.9210637147421984,0.05244428655072764,3
0.7688037278094316,0.8975051688700931,0.1287014410606615,3
0.7984711115050491,0.9004890832516622,0.10201797174661309,3
0.9760570794809034,1.006404790614475,0.03034771113357171,3
0.8322772394793105,1.002240322382701,0.16996308290339046,3
1.006696207599125,0.9618089019228686,-0.04488730567625643,3
0.6220795506891666,0.9410473868050899,0.3189678361159233,3
0.768945574348434,1.0521261082974183,0.28318053394898424,3
0.8188639419763201,1.0130909219873652,0.1942269800110451,3
0.8035615959172346,1.0276570738691635,0.22409547795192886,3
0.9219150337192938,0.9636823009500471,0.0417672672307533,3
1.0199178783224545,0.9758905362257597,-0.04402734209669479,3
0.9874721652097633,1.070374184536024,0.08290201932626062,3
0.3525857149568441,1.0030824655550543,0.6504967505982102,3
0.6931428667729083,0.9030896447461443,0.20994677797323602,3
0.7998032671652213,0.9297217512177072,0.12991848405248585,3
0.6539220714543382,0.8962932380770174,0.2423711666226792,3
0.6010159774697805,0.9904976423926739,0.3894816649228934,3
0.9224634028266492,0.9965246336336044,0.07406123080695526,4
0.6920594527741353,0.6686758741761036,-0.02338357859803164,3
1.0647166108621595,0.9813982474717348,-0.08331836339042475,3
0.8464911050248882,1.046465144155066,0.19997403913017786,3
0.49362303001885766,0.8597437472877392,0.3661207172688815,3
0.8709849463098074,0.9440665014993768,0.07308155518956938,3
0.7731509670146808,0.8367302504421111,0.06357928342743036,3
0.8936117621134755,0.9666832123678004,0.07307145025432493,3
0.9577224498845107,1.023679464065163,0.06595701418065225,3
0.8375157361088754,0.953811301898447,0.11629556578957156,3
1.0192700940486357,0.946593589104445,-0.07267650494419065,3
0.1697800279845326,0.45776923489092364,0.28798920690639107,3
1.0549591253263035,1.0539820327293616,-0.0009770925969418975,3
0.8072158614890852,1.1590799978526927,0.35186413636360747,3
0.8883686878893278,0.9974661714478819,0.10909748355855409,3
0.9028946198296064,1.0417163728173668,0.13882175298776045,3
0.9894710386697385,1.0091925428195596,0.0197215041498211,3
0.9673927816599315,1.059525540651873,0.09213275899194162,3
0.6799399724570612,0.9914342996345157,0.3114943271774545,3
0.9308772484905083,0.9270573315082873,-0.003819916982221061,3
0.7976875869575673,1.0195467636553166,0.22185917669774935,3
0.24276302265934915,0.36782414171294475,0.1250611190535956,3
0.826967695437077,1.0445490513573243,0.2175813559202473,3
0.7737138669366925,1.0782578873655864,0.30454402042889384,3
0.871865625983899,0.8188471618185986,-0.05301846416530043,3
0.5258219056953872,0.753863256842737,0.2280413511473498,3
0.9139712680448064,0.9085974731832538,-0.00537379486155265,3
0.506362139098132,1.0806861274258512,0.5743239883277192,3
0.9016048748152041,1.035605091534187,0.13400021671898288,3
0.5885739541446257,1.0894792449447215,0.5009052908000958,3
0.9640245753648002,0.9977665437793097,0.03374196841450949,3
0.6501289751716944,0.9851905037646255,0.33506152859293103,3
0.47888162454031125,0.7256607325102098,0.24677910796989855,4
0.782397994818307,0.9989057065585024,0.21650771174019545,3
0.5356100513061868,1.1579094064838966,0.6222993551777098,3
0.82600032912234,1.0488073716817459,0.22280704255940587,3
0.9386636348392202,1.0240531057293853,0.08538947089016513,3
0.4433709711777194,0.7312082051216487,0.28783723394392935,3
0.6064233281091755,1.0282433293024331,0.4218200011932576,3
0.5872363039936646,0.9996303821127454,0.4123940781190808,3
0.5973047571583316,1.0424976758777158,0.44519291871938416,3
1.0069310643524867,0.9801907822867151,-0.026740282065771614,3
0.8894287933013009,0.985057167790519,0.09562837448921813,3
0.8238409997634375,1.043975433690355,0.22013443392691756,3
0.9113273761480623,1.014814756831075,0.10348738068301278,3
0.7631214053815439,0.8796873362514388,0.11656593086989486,3
1.0572773856009992,1.0248283097784474,-0.03244907582255174,3
0.6287960300627935,0.9416786494982687,0.31288261943547524,3
0.592597190253231,1.1621326691044636,0.5695354788512326,3
0.43265945302461467,0.5967930448895216,0.1641335918649069,4
0.826172903830215,0.8728224915936726,0.04664958776345762,3
0.8228974331604524,1.0768052276286664,0.253907794468214,3
0.8650510587459078,1.04555073837566,0.1804996796297521,3
0.7458498531948159,0.8350370743854946,0.08918722119067868,3
0.8817977544674835,0.8364138534975032,-0.04538390096998035,3
0.6864086422983011,0.9254391428756078,0.23903050057730668,3
0.8245569868460405,1.015734353297997,0.1911773664519565,3
0.3745050881489281,1.0687829765196337,0.6942778883707057,3
0.99600429648614,1.1080711693112462,0.11206687282510619,3
0.9324154653322778,1.0336702121502133,0.10125474681793545,3
0.5399980653017076,0.9490513743455745,0.40905330904386694,3
0.5548089134371059,0.8920957520522412,0.3372868386151353,3
0.6479923237486059,1.098209708972838,0.45021738522423205,3
0.6891258827007822,0.8919903171461524,0.20286443444537017,3
0.8416435322816549,0.8275203962041422,-0.014123136077512699,3
0.9992036049202732,1.065691027121423,0.06648742220114989,3
0.7155446604596369,1.0285590755305853,0.3130144150709484,3
0.8426649331250364,0.8592165742809174,0.016551641155880925,3
0.7562971152917293,0.9217461818882879,0.16544906659655867,3
0.833712276702034,0.9603037319675968,0.1265914552655628,3
0.9293039856769982,0.9580441076188553,0.028740121941857044,3
0.8394245232493548,1.0406336956051887,0.2012091723558339,3
0.9140380353701383,0.8910865519544204,-0.022951483415717844,3
0.827417827229321,0.989614379001483,0.16219655177216197,4
1.003075240233914,1.0400533415064939,0.03697810127257983,3
0.8138177622106224,1.06848867204306,0.25467090983243756,3
0.9757219195457834,1.0457642857712333,0.0700423662254499,3
0.8624096383505777,0.9825366353821968,0.12012699703161911,3
0.7866606617517398,0.7547784478618964,-0.03188221388984336,3
0.7317697585128422,0.9155435868665306,0.18377382835368838,3
1.0618922884443318,0.9778132176034914,-0.08407907084084043,3
0.7407430441952306,0.8219731307040673,0.08123008650883667,3
0.7844360516402975,1.0145658282992247,0.2301297766589272,3
0.6995529810584122,0.9921468347272631,0.2925938536688508,3
0.8595468463244473,0.9419017206991095,0.08235487437466216,4
0.6222758142383937,0.9996086773241224,0.37733286308572866,3
0.853397784898936,0.9077790074190217,0.054381222520085704,3
0.780357271391226,1.1577982968665168,0.3774410254752908,3
0.7942734968061819,1.011221995550125,0.21694849874394306,3
0.9602333216194909,0.9890150536642353,0.028781732044744324,3
0.728918672741536,1.107976981688049,0.37905830894651293,3
0.9305646803590288,0.9246214605763903,-0.005943219782638565,3
0.9024608932907398,1.065686169017839,0.16322527572709922,3
1.0011741949142783,1.0180774619900497,0.01690326707577139,3
0.6711590721585122,0.8811949156282628,0.21003584346975057,3
0.9115537791699688,0.9956495769541645,0.08409579778419563,3
0.6116712528139857,1.0463527123408942,0.4346814595269085,3
0.5802175477146844,0.940666144779927,0.3604485970652427,3
0.7301417942154624,0.8153267531312081,0.08518495891574562,3
0.640100262335049,1.0923869943502396,0.45228673201519054,4
0.34682565732663506,0.751331468377962,0.404505811051327,3
0.7915905238832625,1.0250833073295733,0.23349278344631086,3
0.7359778661226779,1.0646843101391217,0.3287064440164438,3
0.6829737410905977,1.0041118225474421,0.3211380814568444,3
0.9394144007144525,0.8774863138058218,-0.06192808690863072,3
0.6574876501565616,1.1130477897348172,0.4555601395782556,3
0.958379189410822,1.0437203355434965,0.08534114613267452,3
0.8594925470760194,0.9937250365570606,0.13423248948104116,3
0.9011558844528766,1.011679761540881,0.11052387708800437,3
0.6457251108898079,0.9665670956817424,0.3208419847919345,3
0.18298680804474257,0.2953793656734801,0.11239255762873754,3
0.6076919854865939,0.8361539864335918,0.22846200094699798,3
0.7176632653023605,0.9815358969375709,0.26387263163521046,3
0.9169329575998562,0.9363998918711463,0.019466934271290093,3
0.8683891700334045,1.0362049158295397,0.16781574579613512,3
1.0752969234210408,1.000829689129041,-0.07446723429199986,3
0.8372558986815992,0.9501331938338582,0.11287729515225897,3
1.000697023058649,1.0025524367817862,0.0018554137231372447,3
0.8346189886684064,1.0036679559543877,0.1690489672859813,3
0.769236445853819,0.8751247748304196,0.10588832897660061,4
0.8750541281700424,1.0667398532406147,0.19168572507057235,3
0.7387813491584723,0.7781247892165581,0.03934344005808588,3
1.0221369414369164,1.0555239551312785,0.033387013694362144,3
0.8686981983293434,1.0208656197761916,0.15216742144684825,3
0.9656944018444817,1.0115108418028083,0.045816439958326516,3
0.7882706472909535,1.0733282209025068,0.28505757361155326,3
0.8222810826744029,0.9283460768403682,0.10606499416596527,3
0.9004084524205368,0.9654269157770028,0.065018463356466,3
0.8985450317240956,0.9837942922899596,0.08524926056586402,3
0.7969965881352647,1.0844295047565753,0.28743291662131054,3
0.5677693987751369,0.6497581762143065,0.08198877743916966,3
0.9376366263075742,1.025633521469799,0.08799689516222475,3
0.6257806176369988,0.9221820836015799,0.29640146596458117,3
0.6383108501286067,1.1192157124662854,0.4809048623376787,3
0.4535489029306078,1.0101496015169893,0.5566006985863815,4
0.3172892837345692,1.3046489778046446,0.9873596940700754,3
0.7640644942608404,1.0497794612515012,0.2857149669906608,4
0.8551532947460088,1.1174572705125732,0.2623039757665644,3
0.7668059901520738,1.0896105251016743,0.3228045349496005,3
0.6784110507774378,1.0612117719138636,0.3828007211364258,3
0.9823444511812649,1.0009512910098926,0.018606839828627653,3
0.30831471683978867,0.7599372020158293,0.4516224851760406,3
0.9104142674113741,0.8911300762314044,-0.019284191179969712,3
0.8644506556575918,1.032191956712026,0.16774130105443408,3
0.8136917709484908,1.0511854494569801,0.23749367850848935,3
0.8057493333974022,0.9685086926521909,0.16275935925478868,3
0.7846850118052138,0.8540767268108704,0.06939171500565666,3
0.7822977576260316,1.0262429434330407,0.24394518580700908,3
0.7410378417748541,0.8836609189808594,0.1426230772060053,3
0.939627221882349,1.03165842599133,0.09203120410898091,3
0.829968584809744,0.973803295308357,0.14383471049861296,3
0.7402724805869634,1.0150433715576535,0.2747708909706901,3
0.9917929589974176,1.0544718076962165,0.06267884869879892,3
0.652860440822978,1.042105182232824,0.389244741409846,3
0.8266936092307526,1.047840172125136,0.2211465628943834,3
0.9670141126864044,1.0116389942214614,0.04462488153505706,3
0.802740016415183,1.0059171908875333,0.20317717447235029,3
0.4238108426346704,0.9706516307536827,0.5468407881190123,3
0.8330026767918368,0.9018673725096343,0.06886469571779752,3
0.9926583051284925,1.0045220124098864,0.011863707281393854,3
0.8355471162910432,1.1058535846974935,0.27030646840645034,3
0.9309627972977308,0.8762868308046118,-0.05467596649311901,3
0.8621999954096959,1.0538746225699827,0.19167462716028671,3
0.812777585860835,0.9714406169261818,0.15866303106534674,3
0.9878047770198306,1.0050703224541744,0.017265545434343776,3
0.7947603530326746,1.1007591045831417,0.3059987515504672,3
0.927782964182191,0.9716869423904676,0.04390397820827663,3
0.7409157996172437,0.9405046013470035,0.1995888017297598,3
1.0751684840315892,1.032933125102793,-0.04223535892879626,3
0.6157578246671153,0.8813687904876041,0.2656109658204888,3
0.4811788945150339,0.7378579671996445,0.2566790726846106,3
0.7964088001427747,1.07676673168976,0.2803579315469853,3
0.7688685240548976,1.0110230779341836,0.24215455387928597,3
0.7132547342538573,0.8664655887457077,0.15321085449185035,3
0.6976310909332646,0.9311490832512014,0.2335179923179368,3
0.9209089573371457,0.8924988801591841,-0.028410077177961623,3
0.8737657030857982,0.9415440228301563,0.0677783197443581,3
0.8734235036497998,0.9525122802736676,0.07908877662386782,3
0.4973909346428806,0.8569816717394311,0.3595907370965505,3
0.7837993951694847,0.9336251525698691,0.1498257574003844,3
0.8905458512912132,0.9501692478132245,0.05962339652201132,3
0.6420435686325183,1.0404701381009889,0.39842656946847055,3
0.7670765295738298,0.957879301431911,0.19080277185808125,4
0.6315439115080006,0.93739584409497,0.3058519325869694,3
0.8113744638445083,0.9076332144484291,0.09625875060392086,3
0.859760464921504,0.9918225371979137,0.13206207227640965,3
0.39193936113866945,1.1770395620345762,0.7851002008959067,3
0.7370424297207268,1.0441496415776668,0.30710721185694,3
0.7557801837609877,0.9260760055977542,0.1702958218367665,3
0.7770033636040373,0.9322421756141054,0.15523881201006806,3
0.910461417255358,1.1313192452598257,0.22085782800446774,3
0.6729081206592686,1.0025819476553985,0.3296738269961299,3
0.8851814775763592,0.971611596949068,0.08643011937270872,3
0.9002112205042178,0.8724382085888236,-0.027773011915394163,3
0.9423771997395772,0.9584951435037192,0.016117943764141995,3
0.9518410624482505,0.9705637125005693,0.018722650052318768,3
0.48500757682818324,1.1313257708925273,0.6463181940643441,3
0.8172904064669899,1.0854819412091543,0.2681915347421644,3
0.8762816681027082,0.9139727387363881,0.037691070633679824,3
0.8453855965157032,0.907362439085851,0.061976842570147794,3
0.8203240823526352,1.004197416077906,0.1838733337252707,3
0.7192873870091532,0.8942065479223146,0.1749191609131614,3
0.9606365392126467,1.0038666590332075,0.0432301198205608,4
1.0650437361256486,1.0061976041046854,-0.05884613202096323,3
0.9117561946488129,0.9340005437750406,0.022244349126227747,3
1.0757103769018923,1.0220124886355642,-0.05369788826632815,3
0.8378721248983311,0.9029154838685698,0.06504335897023872,3
0.7687227801467872,1.0718055072961987,0.30308272714941153,3
0.9428242599720044,1.005664538131437,0.06284027815943272,3
0.42351428415668096,1.1308374487118515,0.7073231645551705,3
0.7142489803408687,1.018769990751509,0.3045210104106404,3
0.6083828729505645,0.7284371584473818,0.12005428549681729,3
0.9609113943724701,1.0300749852680864,0.0691635908956163,3
0.7754153931350326,1.0026509397340406,0.22723554659900802,3
0.7375690581315737,1.1439894600464133,0.40642040191483964,3
0.8567530714047802,0.9847695096655306,0.12801643826075038,3
0.8912692527533005,0.9930954058193275,0.10182615306602705,3
0.7528686769061844,1.049114527188814,0.2962458502826296,3
0.9530174205402103,0.9693312490724041,0.016313828532193764,4
0.5224015366767384,0.9298610542672844,0.407459517590546,4
0.9340223607237222,1.0521909569909582,0.11816859626723597,3
0.6979035054999686,0.7770011888543326,0.07909768335436396,3
0.8422477762401006,1.0789945807331087,0.2367468044930081,3
0.918173682600677,0.9633404131057738,0.045166730505096786,3
0.2950726781874167,0.8352156749523182,0.5401429967649014,3
0.9489183577500042,0.9914418195923608,0.04252346184235656,3
0.6953097306746152,0.7321061031457204,0.03679637247110523,4
0.7812939857850001,1.1081918162397772,0.32689783045477716,3
0.7365578740601497,0.8039590500234105,0.06740117596326078,3
0.9015847917069779,0.9119252263719533,0.010340434664975362,3
0.9115991636066738,1.0745003055059683,0.1629011418992945,3
0.9195548319672189,1.084790499812938,0.1652356678457192,3
1.0602406986889854,1.0026825615534787,-0.057558137135506726,3
0.8024151251888463,1.1090727333691763,0.30665760818033005,3
0.9061210598186428,1.0433381459167368,0.13721708609809402,3
0.6510217504186324,1.0481438339839562,0.39712208356532375,3
0.8600063544366116,0.8885074553707151,0.028501100934103518,3
1.007157508027486,0.975914651369259,-0.031242856658226903,3
0.44872508925480814,0.6086678194718456,0.15994273021703742,3
0.8731246341583073,0.9520704355429759,0.07894580138466856,3
0.8146831662563854,0.8389342421471488,0.024251075890763474,3
0.9167295554881822,0.9812924095051617,0.06456285401697948,3
0.7378938751087996,0.8753853984643243,0.13749152335552473,3
0.9330321583566699,0.9506074994049859,0.01757534104831604,3
0.8535478529128441,0.9635051927454086,0.1099573398325645,3
0.8455599520389738,1.1048507879032092,0.2592908358642354,3
1.0647245776588083,1.0472289980917024,-0.0174955795671059,3
0.76179372646393,0.9531015728501397,0.1913078463862098,3
0.5817041655400214,0.9585703764408943,0.3768662109008729,3
0.6106118162860349,1.0007846918778986,0.39017287559186375,3
0.6824398301871011,0.8040591891356689,0.12161935894856779,3
0.7725793369814242,0.9799579233798933,0.20737858639846907,5
0.8532383965221981,0.9682977380178237,0.11505934149562558,3
0.6211771551547196,1.093214203637873,0.4720370484831533,3
0.6436976875749051,0.8919223239704587,0.2482246363955536,3
0.7660463660081103,0.8549258613490979,0.0888794953409876,3
0.7987572180310912,0.9055129660120145,0.10675574798092324,3
0.8173343719421965,1.060927011726562,0.2435926397843654,3
0.9581622810578467,0.8649810875021104,-0.09318119355573629,4
0.8044266689956433,1.0314234407732643,0.226996771777621,3
0.9933395311840841,1.0116783142639385,0.01833878307985437,3
0.9496627806627043,0.9314924662501548,-0.01817031441254946,3
0.818902185986687,1.016278215184945,0.19737602919825803,3
0.9307867183693728,1.0750053489746463,0.1442186306052735,3
1.2510188804416316,1.0355711900414468,-0.21544769040018474,3
1.0888467457017383,0.9803087894516715,-0.10853795625006679,3
0.7502216353050628,0.9650182061320564,0.21479657082699355,3
0.8496866120375062,1.083337705936019,0.2336510938985128,3
0.9993865563925061,1.0103995047363086,0.011012948343802509,3
0.9843728108662348,0.9772336634150524,-0.007139147451182493,3
0.45237521236804423,0.9189199436709412,0.466544731302897,3
0.7572392625422302,0.8804740863965342,0.12323482385430407,3
0.9349462877921174,0.9394422086842257,0.004495920892108263,3
0.8119842054430906,0.92189027566099,0.10990607021789944,3
0.4003084713793688,0.6421392352130668,0.241830763833698,3
0.44070003947032393,0.7009033690673393,0.26020332959701536,3
0.8069689179514764,1.0109025101903857,0.20393359223890928,4
0.82152786519781,0.9205535364554654,0.09902567125765549,3
0.7065419262716638,0.9294784659946543,0.22293653972299055,3
0.6078672756108521,0.979243173581331,0.3713758979704789,3
0.2098977098666953,0.5888392023588805,0.37894149249218523,4
0.7446680637347798,1.0765293891498202,0.33186132541504043,3
0.6819964821348385,0.9512673828704982,0.2692709007356596,3
0.9607506079042841,0.9226695582517295,-0.038081049652554655,3
0.9262167673704518,0.9804356660787044,0.05421889870825258,3
0.7576225851535459,1.1271888017390626,0.3695662165855167,3
0.6087556946821369,0.9629592072153323,0.3542035125331955,3
0.9506886182105762,1.030465490321513,0.07977687211093676,3
0.67041689945087,0.954258184041631,0.28384128459076097,3
0.8533716550517473,0.9037998610006963,0.050428205948949034,3
0.7358555700009063,1.1200336883911584,0.38417811839025207,3
1.1180882864035526,0.9862881700540488,-0.13180011634950384,3
0.8347055600584282,1.0855861260781363,0.2508805660197081,3
0.860868857067973,1.0163038958219346,0.15543503875396159,3
0.9390430728066408,1.0187176611423592,0.07967458833571839,3
0.8844262512316181,1.0089682256489279,0.12454197441730974,3
0.9581677969588122,0.9036338579053883,-0.05453393905342385,3
0.7163061081329304,0.9616293359120142,0.24532322777908377,3
0.8007686550035162,1.0072436600014414,0.20647500499792515,3
0.9396733997281654,1.1267599172649276,0.1870865175367622,3
0.8311547946728948,1.0544572448632674,0.22330245019037265,3
0.9385777481891174,0.9477374315135538,0.009159683324436396,3
0.8351540207617812,1.1382779871852644,0.30312396642348316,3
0.8130175122909844,1.0559068505648852,0.2428893382739008,3
0.8108291910719907,0.9258246567874074,0.11499546571541674,3
0.9978757577992322,1.0476024446891312,0.04972668688989901,3
0.8285555113866299,0.8255945406285884,-0.00296097075804147,3
0.6173189848255929,0.90830957732885,0.2909905925032571,4
0.866884706790165,0.9528801216860012,0.08599541489583618,3
0.8143371939437737,0.8604737327383793,0.046136538794605664,3
0.9059257221545873,0.9601294659487559,0.05420374379416859,3
1.0087541366532637,1.0332583532615927,0.02450421660832891,3
0.7927437789517782,0.857589029033994,0.06484525008221587,3
0.921391115821928,1.0924125311370265,0.1710214153150985,3
0.7685219397491032,0.884050366479304,0.1155284267302008,3
0.7986539826392831,0.9383093059482708,0.13965532330898767,3
0.5857045743389208,0.7682494124017559,0.18254483806283517,3
0.9980739065139773,1.0246662226227305,0.026592316108753233,3
1.1434498223571925,1.0143916106241186,-0.12905821173307386,3
0.6772385110488369,0.836505441133761,0.1592669300849241,3
0.45607091593802584,0.6984712918823335,0.24240037594430763,3
0.9039104077652234,1.0267771414223752,0.12286673365715184,3
0.7913511741178446,0.9208061564478686,0.12945498233002395,3
0.7928306188874997,0.902415290739434,0.10958467185193432,3
0.5902690694287946,0.8098258894524527,0.21955682002365806,3
0.9948687147085851,0.9990252685643817,0.0041565538557966075,3
0.6896964388009185,1.070099419493445,0.38040298069252654,3
0.996115904532004,1.0747226871803275,0.07860678264832344,3
0.801606865446626,0.9315236858041489,0.12991682035752294,3
0.8072824983174041,1.075644354846561,0.268361856529157,3
1.000624997464018,0.9245477343279018,-0.07607726313611618,3
0.7807962165649801,1.012385729433369,0.2315895128683888,3
0.8972252285015805,1.0529806562549158,0.15575542775333528,3
0.7810595307982152,0.900806659718904,0.11974712892068873,3
0.9627468064169284,1.053757851672647,0.09101104525571846,3
0.891046893699611,0.8720262221824331,-0.0190206715171779,3
0.8420860309498853,0.9586952165283424,0.11660918557845712,4
1.1284510451124916,0.9805293071054759,-0.1479217380070157,3
0.8709599734364049,1.0278169579711613,0.1568569845347565,3
1.0025668221598425,1.002056836120691,-0.0005099860391515332,3
0.9521378623706599,0.9176710045462556,-0.034466857824404284,3
0.7116496592431814,0.9471166962329374,0.23546703698975602,3
0.960337451751984,1.1070671010101514,0.14672964925816734,3
0.7483416875508073,1.0352004954522855,0.2868588079014782,3
0.7588514469505604,0.9247824350587281,0.16593098810816775,3
0.3744446723894703,0.8934339144700624,0.518989242080592,3
0.5553963491645207,0.5442094620044085,-0.011186887160112291,3
0.4904566166349853,0.7953144876172035,0.30485787098221817,3
0.6585013469984566,0.9455066887696963,0.2870053417712397,3
0.8527723651832972,0.9154194539417494,0.06264708875845215,3
0.8943653498879617,1.0570273390937983,0.16266198920583663,3
0.5780281299614124,1.1087145985420273,0.5306864685806149,3
0.19863394980178567,0.41384030567197205,0.21520635587018638,3
0.8185415658372996,1.0640869937162802,0.2455454278789806,3
0.6787002501325847,1.0633297787811664,0.3846295286485817,3
1.0744635720921967,1.0331815975405436,-0.041281974551653056,3
0.9291648882191665,1.072024986726871,0.14286009850770442,3
0.6613183047338898,0.9571586459213977,0.2958403411875079,3
0.8213403481621162,1.0516727529473922,0.23033240478527595,3
0.841418907576033,0.9792423697022448,0.13782346212621177,3
0.9832797418757497,1.0315688515720505,0.048289109696300736,3
0.9703274788529257,1.0318162056642333,0.06148872681130757,3
0.8042023723497956,0.8115818785975984,0.007379506247802814,3
0.8482086814597857,1.0242234273730482,0.1760147459132625,3
0.709589768838085,0.8920541865273942,0.1824644176893092,3
0.9705623476690896,1.0283130894083663,0.057750741739276745,3
0.8959933576247192,0.989524325133617,0.09353096750889778,3
0.9478117496988888,0.9957630549754819,0.04795130527659308,3
0.9695618530299701,0.9774586302114351,0.007896777181464976,3
0.6069090034362192,1.0638370567102917,0.4569280532740725,3
0.9215267811571657,0.9572928610150967,0.03576607985793101,3
0.8099577782004053,0.9518387669074769,0.14188098870707166,3
0.8226232135379423,1.0679426058183146,0.24531939228037225,3
0.6961126645805263,1.0042143072346095,0.30810164265408313,3
0.9200405661103124,1.003788770546783,0.08374820443647057,3
0.5524429504005299,0.8412819615070382,0.2888390111065082,4
0.13127694801159007,0.4655073404416522,0.33423039243006214,3
1.0226153819314703,0.8739427010085651,-0.1486726809229052,3
0.5378267049967825,0.6987133233573294,0.16088661836054685,3
0.919536331401239,1.0122450751282983,0.09270874372705928,3
0.7151156251929063,1.0583576533314507,0.34324202813854443,3
0.9436544849699593,0.994657442669433,0.05100295769947372,3
0.8791056911826851,1.0871969257470222,0.2080912345643371,3
0.2230288831304837,0.6286975858314452,0.4056687027009615,3
1.0398185857624687,0.9752130287798988,-0.06460555698256987,3
0.7920461611867037,1.0044126909233004,0.21236652973659675,3
1.1153093705193795,1.0144926791766926,-0.10081669134268689,3
1.0559255061451416,0.8935563054609791,-0.1623692006841625,3
0.7974596283134878,1.0396598427662274,0.24220021445273954,3
0.9716060010828582,0.9987787365649254,0.027172735482067223,3
0.8568251031996893,1.0907085401084071,0.23388343690871782,3
0.9337149279922772,1.101354653333979,0.1676397253417019,3
0.5264243818172528,0.9040649337130114,0.3776405518957586,3
0.5759438348544743,0.967943363091708,0.3919995282372337,3
0.9822395427529452,0.9405289652492396,-0.04171057750370566,3
1.0181586683290693,1.0165600936434456,-0.0015985746856237437,3
0.8634149139903431,0.9918910307179785,0.12847611672763537,3
0.7424437172551176,0.999599986616941,0.25715626936182345,3
0.8564488808360039,1.0998796929770442,0.24343081214104034,3
0.7376412529150064,0.9573480118507248,0.21970675893571845,3
0.960272000675264,0.9607131315506695,0.00044113087540553764,3
0.923320827639339,1.053742337135327,0.13042150949598796,3
0.934779235678622,1.0323426878442128,0.09756345216559081,3
0.7094721750400328,0.9195627441337197,0.21009056909368695,3
0.9608789534091621,0.9493685305499341,-0.011510422859227987,3
0.9284266157566121,0.9869182512607424,0.05849163550413028,3
0.5576740705879197,0.8299509096934349,0.27227683910551514,3
0.14102266790502674,0.27654716700119075,0.13552449909616401,3
0.7568448207050779,1.0180181855302293,0.2611733648251514,3
0.953587284763419,1.0360528797094972,0.08246559494607819,3
0.6882600531822272,0.9512552694929306,0.26299521631070344,3
0.8980278559014603,0.9886619617844639,0.09063410588300358,3
0.6807474358592395,1.0935803520917144,0.412832916232475,3
0.3578063669608748,1.21117705840297,0.8533706914420951,3
0.7295605179384737,0.8228812052583738,0.09332068731990018,3
0.770407501566846,0.7832705183786906,0.012863016811844541,3
0.8101726749248424,1.043436250487574,0.2332635755627317,3
0.8492748173206515,0.8625546416662034,0.013279824345551972,3
1.0083011886815982,1.0675538134161902,0.05925262473459192,3
1.0075025383977358,1.00222740291841,-0.005275135479325899,3
0.8550950613240194,0.9722796298004764,0.11718456847645708,3
0.8568722702853215,1.0847362432653498,0.22786397298002825,3
0.8144459087994699,0.9013093759638382,0.08686346716436832,3
0.49196479351310746,0.9692597075587089,0.4772949140456015,3
0.7024799537422558,0.7722069791688502,0.06972702542659437,3
0.9611074989337411,0.963641639908628,0.0025341409748868005,3
0.5985228917674837,1.147588089417121,0.5490651976496373,3
0.9103333146796391,1.111647390349149,0.20131407566950998,3
0.9213240618792499,0.9266292789955056,0.005305217116255756,3
0.9143608934341733,1.1264580680473162,0.21209717461314292,3
0.17675299951826487,0.8730532276019615,0.6963002280836966,3
0.6688276085270853,1.014748136981891,0.3459205284548056,3
0.4510315049399965,0.6684586399150008,0.21742713497500427,3
0.9630256381443325,1.035754351537141,0.07272871339280851,3
0.3460649549314168,0.8394047665292281,0.4933398115978113,3
0.8891822595400716,1.0561263432375445,0.16694408369747293,3
0.627714416550657,0.7973627151138375,0.16964829856318053,3
0.9046863190741091,0.9511632960139543,0.046476976939845205,3
1.023392735833899,1.0387913121069385,0.015398576273039533,3
0.9277057970822806,1.0433435098276713,0.1156377127453907,3
0.5795837687376021,0.7843769251401134,0.20479315640251128,3
0.8431050963085454,1.0554887157632662,0.21238361945472084,3
0.8556375246555585,1.1021409485923523,0.2465034239367938,3
0.8929236012974917,0.9972293138853219,0.10430571258783017,3
0.8691979898723824,0.9793512858116061,0.11015329593922374,3
0.7506544844712224,1.142141401818276,0.39148691734705365,3
0.9139089710499468,0.8601439104018078,-0.05376506064813902,3
0.8168056985527824,1.0586926590031651,0.24188696045038272,3
0.760165218420914,1.0279946258799026,0.26782940745898864,4
0.9243392190176092,0.9302130753520135,0.005873856334404293,3
0.6766554154987732,1.0084082003233639,0.3317527848245907,3
0.904545455144935,0.9782505765256374,0.0737051213807024,3
0.9878969135713894,0.998524129552842,0.010627215981452554,3
0.925075519418057,0.9225335621544796,-0.0025419572635774212,3
0.8985381520705091,0.9767010162590799,0.07816286418857077,3
0.9254109681612452,0.9981833246396414,0.0727723564783962,3
0.7256983519418165,1.0063294568065546,0.2806311048647381,3
0.8775926423644145,0.9591354429461253,0.08154280058171082,3
0.917931197299856,0.9673919067009662,0.04946070940111025,3
0.7036639461879529,1.0792499304696435,0.37558598428169054,3
0.982022715036277,1.023648456045354,0.04162574100907701,3
0.681538135798664,0.760510518699142,0.07897238290047803,3
0.9144536748228799,1.0818875779005797,0.16743390307769979,3
0.6414991024334352,0.9159921674836027,0.27449306505016746,3
0.8570246591647339,1.0393595420160464,0.1823348828513125,3
1.0688079506460861,0.9868841419615417,-0.08192380868454441,3
1.0089709275337337,1.1043045689113702,0.09533364137763645,3
0.9254951553725417,1.0161297525922948,0.09063459721975309,3
0.8818708329109407,1.0888236825356796,0.20695284962473892,3
0.8762306496918131,0.9272116514591893,0.05098100176737619,3
1.0446832584967107,0.9451431597137064,-0.0995400987830043,3
0.845287428374168,1.065116854378981,0.21982942600481303,3
0.8712159361909395,1.0054404416207627,0.13422450542982323,3
0.9571766295499426,1.0481045624326975,0.0909279328827548,3
0.45343346502830717,0.8383233037934573,0.38488983876515015,3
0.9662260428205065,1.0522958693594524,0.0860698265389459,3
0.6764600317326204,1.0726991497741865,0.3962391180415661,4
0.8690352972543027,0.9913853658912123,0.12235006863690956,3
0.8617429260448641,1.0480352381348323,0.18629231208996822,3
0.8775501871897021,1.0529607169390125,0.17541052974931037,3
0.6331700046986115,1.0734590565738302,0.4402890518752187,3
1.0088115595552913,1.0666729405604596,0.057861381005168244,3
0.632398057983578,0.9333239352847457,0.3009258773011677,3
0.9825414547940736,0.9406411876547903,-0.0419002671392833,3
0.634324268010127,1.122039492993936,0.4877152249838089,3
1.0674157085780553,0.9959857404311977,-0.07142996814685765,3
0.8021634542802216,0.9227719182462412,0.12060846396601954,3
0.782990757448109,1.1276780527260555,0.3446872952779465,3
1.018149229323446,0.9655817240416058,-0.05256750528184018,3
0.8633615118935141,0.9990501423291395,0.1356886304356254,3
0.3274625371644692,0.669082365954913,0.3416198287904438,3
1.0606079240628024,0.9657781538154264,-0.09482977024737593,3
0.5123581231320063,0.6508402778467666,0.13848215471476022,3
0.9529390195558933,1.0107076743697632,0.057768654813869835,3
0.3277543608393003,0.43039899233243734,0.10264463149313702,3
0.585648831116747,1.1747773310267495,0.5891284999100025,3
1.0523697967363297,0.947139916796554,-0.10522987993977573,3
0.7560404743493254,0.8406427392027677,0.08460226485344224,3
0.9079663527880095,1.0989953103496024,0.19102895756159288,3
0.8322069672729813,0.9705279664284356,0.13832099915545437,3
0.8567474085748389,0.9952665890634698,0.13851918048863088,3
0.7782097531459127,1.0120928855345221,0.23388313238860947,3
0.9409150634326056,1.003952961997245,0.06303789856463937,3
0.4754670601697577,1.0669598775507143,0.5914928173809566,3
0.8824701393966228,0.9815227495974058,0.09905261020078304,3
0.8788313268442701,0.8176098935375095,-0.061221433306760664,3
0.7547098572485161,1.054420700229191,0.29971084298067485,3
0.8990818915251533,0.9952708255466852,0.09618893402153195,3
0.7505524871323981,1.084783957366517,0.3342314702341189,3
0.7545466358147914,1.1638661179395968,0.4093194821248054,3
0.9333023962354403,0.8678120236115252,-0.0654903726239151,3
0.7296253531537966,1.0908597894874972,0.36123443633370056,3
0.5456271660833125,0.9550841359212631,0.40945696983795055,3
0.5664779366405666,0.9848137331902762,0.41833579654970965,3
0.5322554626519507,0.8508741371665123,0.3186186745145616,3
0.5763008429916763,0.7318985635100244,0.15559772051834808,3
0.7761125464706815,1.0305795733639427,0.2544670268932612,3
0.8268381400450312,1.0255176779924091,0.19867953794737792,3
1.0044184671497842,1.0614169976932832,0.056998530543499015,3
0.8117366121815197,0.9265864526046459,0.11484984042312618,3
0.9863057797867982,0.9297369228896775,-0.05656885689712077,3
0.6159114464802663,0.989583257662232,0.3736718111819657,3
0.31609691489602276,0.5430706931820547,0.22697377828603194,3
0.9671017808537339,1.1061931600671282,0.13909137921339432,3
0.7809295217920875,0.8803106860770591,0.09938116428497157,3
0.8919762251946741,1.054682502528607,0.16270627733393295,3
0.8603069599540232,0.8860055314656645,0.025698571511641344,3
0.9506744917960479,0.9672699059082248,0.01659541411217691,3
0.6573582091622472,1.0362897850378896,0.3789315758756424,3
0.8068724623796492,1.017968572305859,0.21109610992620975,3
0.6635734264122339,0.8631292665335554,0.19955584012132144,3
1.0090118681092495,1.0124927848107166,0.003480916701467107,3
0.8400749793532082,0.9239301084687833,0.08385512911557513,3
0.6899782847466918,0.9471691561078173,0.2571908713611255,3
0.6596766625873383,1.0057424308904581,0.34606576830311986,5
0.8115563171454754,0.9102526054732845,0.09869628832780908,3
0.8648169550361448,0.9841378746820217,0.11932091964587699,4
0.9480101931099638,1.0583777911521546,0.11036759804219076,3
0.5867727799874872,0.9613950662872758,0.37462228629978855,3
0.6799152257936565,1.1597156349016713,0.4798004091080148,3
0.8611378223480465,0.9941306203041336,0.1329927979560871,3
0.7691587548569493,0.9546798484736535,0.1855210936167042,3
0.6644690587868195,0.8143182082797654,0.14984914949294592,3
0.9389711451242565,1.1232775325025444,0.18430638737828786,3
0.6219732050148493,1.0542191949593775,0.43224598994452823,3
0.7668967562254732,1.1045483689111901,0.337651612685717,3
0.792019050110232,1.0743682468535543,0.28234919674332226,3
0.9251034239852989,1.078630519808694,0.1535270958233952,3
0.7469855194882151,1.0974925141030958,0.35050699461488066,3
0.6536430503176738,1.0187321195646846,0.3650890692470108,3
0.28579115415212186,0.3928040610376108,0.10701290688548892,3
0.5719460748033197,0.5084356329976971,-0.0635104418056226,4
0.8067580394608121,1.0923139796968644,0.28555594023605224,3
0.8326236336689512,0.9365356719609059,0.10391203829195472,3
0.6787764783760977,1.0523355036826119,0.3735590253065142,3
0.9732898509198348,1.0064856461263065,0.033195795206471757,4
0.8003012269291708,0.9786951731590403,0.17839394622986948,3
0.7793154263330329,0.9197500974175827,0.14043467108454988,3
0.7974464909696,1.0451917346752126,0.24774524370561268,3
0.7277635745543747,0.9533353975974102,0.22557182304303547,3
0.8824918745969654,0.9533673192724063,0.07087544467544082,3
0.7938968622051682,1.1410211220860451,0.3471242598808769,3
0.6069038874877434,0.7196848456349593,0.11278095814721589,3
0.8424100557867723,1.0351220868552875,0.1927120310685152,3
0.9076045913944247,1.0324775081300535,0.12487291673562873,3
0.946614630311593,1.0710099492182894,0.12439531890669642,3
0.6664767490608121,0.9187980368347084,0.2523212877738963,3
1.0006273175940739,1.0010881329745926,0.00046081538051878645,3
0.9567364152324004,0.9739988860324156,0.017262470800015195,3
0.8320609426314695,0.8102266869290292,-0.02183425570244024,4
0.9249135842516321,0.9308341649210533,0.005920580669421249,3
0.7600951415849784,1.1170386063713575,0.35694346478637917,3
0.7794184189906342,0.9707819135357693,0.19136349454513502,4
0.7547995560040331,1.0567356790057973,0.3019361230017642,3
0.9010561773849974,0.8235983542951631,-0.07745782308983429,3
0.5516338254004145,0.9447272226730655,0.393093397272651,3
0.7078473120552157,1.0707723973935974,0.36292508533838175,3
0.5398374540844559,1.097841501241519,0.5580040471570631,3
0.8146335531372281,0.8355467659803798,0.02091321284315173,3
0.9398522227841728,0.9125161139897997,-0.027336108794373093,3
0.6888120745526337,0.9876618672055125,0.2988497926528788,4
0.6730617433618927,0.9793188494045652,0.3062571060426724,3
0.8312491590747142,0.894876955112689,0.06362779603797486,3
0.9423035316992423,1.1054269625694546,0.1631234308702123,3
1.049496207817192,1.0226694452712901,-0.026826762545901994,3
0.5350672086021513,1.0284630695277248,0.4933958609255735,3
0.6262477326342005,0.987052971694502,0.3608052390603015,3
1.0128072915167294,1.0378397717339045,0.02503248021717508,3
0.9334278356938055,1.0633610965145421,0.12993326082073664,3
0.9166838899334735,1.0572129600038813,0.14052907007040782,3
0.5622478283414405,1.1516414068154965,0.589393578474056,3
0.6858822697096281,1.0692450246390022,0.3833627549293741,3
1.0092215588294375,1.0338906896889775,0.024669130859539923,3
0.7818087448363482,1.1453878423285204,0.3635790974921722,3
0.7823840026707454,1.014574254333684,0.2321902516629386,3
1.0767715473777892,0.9501177384957522,-0.12665380888203703,3
1.01320227434671,1.0007632501432027,-0.012439024203507287,3
0.9015143283214936,0.9702468249260079,0.0687324966045143,3
0.8835474729358435,1.0348059573035813,0.1512584843677378,3
0.9669293953772832,0.8759134314998743,-0.09101596387740885,3
0.841290028784867,1.092738500753198,0.251448471968331,3
0.7230081521292718,1.0418165223994653,0.3188083702701935,3
0.6618319278110252,1.0385210949598602,0.37668916714883505,3
1.1339611746721907,0.9510537122157281,-0.1829074624564626,3
0.6882784539163527,1.147166036259311,0.45888758234295834,3
0.8536430712201144,1.0130693271595397,0.15942625593942528,3
0.8239577791430936,1.0375916358687338,0.21363385672564017,3
0.8458112573578058,1.0103275070670967,0.1645162497092909,3
0.9513400019182034,0.9278845506492785,-0.0234554512689249,3
0.9109443037388254,1.0556646226946045,0.14472031895577908,3
0.8369455951447806,0.9843882385755063,0.14744264343072566,3
0.7726395479073253,1.0029216441066027,0.23028209619927742,3
0.7347072200560042,0.9236617780931204,0.18895455803711625,3
0.9528564437342044,0.9942112904924368,0.04135484675823242,3
0.7279879848586281,1.122940308048078,0.39495232318944984,3
0.9685750671968323,1.0355406928427149,0.0669656256458826,3
0.9528223033330041,0.9494162173589047,-0.0034060859740994154,3
0.8719084404687498,1.016023033811015,0.14411459334226517,3
0.8061337653127336,0.954071218568222,0.14793745325548835,3
0.9162522101488225,0.9345359873922184,0.018283777243395916,3
0.859013760727324,1.038487462912271,0.17947370218494685,3
0.86122499130485,1.080853574125571,0.21962858282072095,3
0.6818022755903603,0.8832586820561772,0.20145640646581686,4
0.8838675757898353,1.100976916130962,0.2171093403411266,3
0.7552052971245198,0.9673657850990676,0.21216048797454778,3
0.9262980454538623,0.9066909950870116,-0.01960705036685073,3
0.83889540231459,0.8586799968462427,0.01978459453165271,3
0.8555656473777299,0.982322079963137,0.12675643258540714,3
0.6731451533890235,0.870185669742688,0.19704051635366449,3
0.8789529443625741,0.9642943976372124,0.08534145327463827,3
0.9584408437269706,1.0024999382773434,0.044059094550372824,3
0.6368354779133512,0.9818570192185456,0.34502154130519447,3
0.5010061804415041,1.0238400052743877,0.5228338248328835,3
0.877268016392341,1.0057567272952912,0.12848871090295022,4
0.814275900541113,1.1165874500921065,0.3023115495509935,3
0.7251335604995408,1.0058494359789287,0.2807158754793879,3
1.0309366937152782,0.9928238981371702,-0.03811279557810798,3
0.7575577962156076,0.9756493563287175,0.21809156011310993,4
1.0221922707924964,1.026328669935704,0.004136399143207514,3
0.8579752405374206,1.0646869190382977,0.20671167850087713,3
0.6687209598728054,0.8333013154192598,0.16458035554645434,3
0.7951956880035367,1.048190255652286,0.2529945676487493,3
0.7198311726928832,1.0983943078632554,0.3785631351703722,3
0.6844448384935896,0.8959121211763197,0.21146728268273007,3
0.7286038598024269,1.119664277119227,0.39106041731679997,3
0.7327318450301159,0.9375264166010687,0.20479457157095282,3
0.899530565602775,0.9216685262425599,0.022137960639784904,3
0.9966133191396375,1.0708311131845454,0.07421779404490791,3
0.9080324834657236,0.9172111800394296,0.009178696573705958,3
0.9633583099541067,1.0818277870320736,0.11846947707796696,3
0.893912641015979,0.785602658905389,-0.10830998211058995,3
0.7314156941776464,0.8181956053938935,0.08677991121624706,3
0.88080862886738,1.0278770050015775,0.14706837613419754,3
0.4216944802679948,1.115385246992659,0.6936907667246643,3
0.23718677595951776,0.3424883613577446,0.10530158539822682,3
0.7619090498616323,1.0093585639489846,0.24744951408735227,3
0.8648897143496872,0.9731157905808843,0.10822607623119707,3
0.9430117319221366,0.9845107328989258,0.04149900097678916,3
0.23111698041381445,0.9331966317613382,0.7020796513475237,3
0.4415593032048665,0.8576712909569552,0.41611198775208863,3
0.28637302010692145,1.0552898780039452,0.7689168578970238,3
1.0394809355238213,1.0386519373974905,-0.0008289981263307489,3
0.5837258988961739,0.9285160028344249,0.34479010393825105,3
0.7507443777041889,0.8391090100004366,0.08836463229624769,3
0.7748862330443134,1.1227338403018579,0.3478476072575445,3
0.6075169989675513,0.7459440367237172,0.13842703775616594,3
1.0115742763952442,1.0231854813970005,0.011611205001756275,3
1.0342089401423342,1.0220053913126903,-0.012203548829643918,3
0.9061190926249321,1.0773770106675171,0.17125791804258506,3
0.7759870038185506,0.8084036693701309,0.03241666555158029,3
0.8933648557351039,1.1124081943527988,0.21904333861769487,3
0.9996758152946912,1.0524826265251637,0.052806811230472483,3
0.7168845663559171,1.0542815578784803,0.3373969915225632,3
0.679536918889147,0.8380948290840919,0.15855791019494492,3
0.9069316263607081,1.0102263537071847,0.1032947273464766,3
1.0067305522659256,0.9442194410446062,-0.06251111122131936,3
0.5490607970275129,0.9363939143711206,0.38733311734360776,3
0.5060399961013955,0.6719038799885696,0.1658638838871741,3
0.9371991685016097,1.0515516584457731,0.11435248994416347,3
0.7195908121432213,1.0918027910568415,0.37221197891362023,3
0.9492565875728749,0.9727479593846576,0.023491371811782735,3
1.0648490829683914,0.9616656004935301,-0.10318348247486131,3
0.8610775186420208,1.0868570260128176,0.22577950737079688,3
0.33695162556060954,1.1330233447176414,0.7960717191570319,3
0.9000767920796232,1.0088283631497255,0.10875157107010225,3
0.9132400888586703,1.0526772759920169,0.13943718713334663,3
0.18682558249726616,0.35188093383458746,0.1650553513373213,3
0.7746594730044004,1.1124030682473998,0.33774359524299935,3
0.6135331949998332,0.943235819119849,0.32970262412001583,3
0.6547615028990346,1.0067117155565872,0.35195021265755266,3
0.9007395370093875,0.9011377571883307,0.0003982201789431983,3
1.0233541041397005,1.0629862414130002,0.03963213727329973,3
0.13315589940778927,1.0743524050245552,0.9411965056167659,3
0.6996785380711236,0.8116491976024246,0.11197065953130103,4
0.940952932901508,0.9860081198711617,0.045055186969653604,3
0.9758181837718956,1.0370737124993514,0.06125552872745588,3
0.8486894594882659,1.006894701222342,0.15820524173407602,3
0.39562929673371466,0.6604894278672625,0.26486013113354784,3
0.9888479201582905,0.9238461437927544,-0.06500177636553606,3
0.9394409263099468,1.077508982413821,0.1380680561038743,3
0.8901471138212307,1.0362884242175716,0.14614131039634093,3
0.677537785256218,1.0733914933510473,0.39585370809482934,3
0.8468193816410501,0.9844280226354716,0.1376086409944215,3
0.9572179865042793,1.071417770119092,0.11419978361481264,3
0.7187136738750697,0.9169996834222038,0.19828600954713416,3
0.8333954779774894,0.9692666721069798,0.13587119412949045,4
0.8306490285259829,1.0092300913202614,0.17858106279427854,5
0.8775514933368845,1.040994581685813,0.1634430883489285,3
0.8829223364630944,1.0391184207841007,0.1561960843210063,3
0.5108914880565486,1.157071169922233,0.6461796818656843,3
0.9334357440709585,0.9833479291260085,0.04991218505505002,3
0.6302949333267025,1.0754717101809668,0.44517677685426427,3
0.8862363902694417,1.0062045227655396,0.11996813249609795,3
0.9530787611575736,1.0047800444896846,0.05170128333211099,3
0.4208507676599913,0.5992662394848328,0.17841547182484152,3
0.7314725232730259,1.083493867393482,0.35202134412045605,3
0.7771688892032454,1.1360806353112438,0.35891174610799836,3
0.6317966532190104,1.032682206581278,0.4008855533622676,3
0.619565955733365,1.0747733510046897,0.4552073952713247,3
0.8985164124319986,0.9282622720096445,0.02974585957764586,3
0.7837867658926672,0.9978915343816821,0.21410476848901494,3
0.7955321054092093,0.904310996135594,0.10877889072638469,3
0.870100114182164,1.0079848772290823,0.1378847630469182,3
0.7250739637504285,1.0842031327987356,0.35912916904830705,3
0.32780094538138715,0.6704091119153078,0.3426081665339207,3
0.9547777481899385,1.003159171213258,0.04838142302331938,3
0.3560559293500072,0.8180399702909387,0.4619840409409315,3
0.9556527354710026,1.0732085676499024,0.11755583217889976,3
0.5770069431809002,1.1024186696117353,0.5254117264308351,3
0.7162809299637243,1.0592407642188906,0.3429598342551663,3
0.8087795218535558,0.8113607817080781,0.0025812598545222887,3
0.8833968013060578,0.9944805312555811,0.11108372994952331,3
1.0313697812509388,1.010013075516261,-0.02135670573467774,3
0.7613036246711178,0.9803121298366968,0.21900850516557901,3
0.740747286384183,1.0200293816664987,0.27928209528231573,4
0.6959665591696299,0.97040976592568,0.27444320675605005,3
0.8886272089158553,1.0744220507944415,0.1857948418785862,3
0.770900894914734,1.1232742493116958,0.3523733543969618,3
0.769286706585085,0.9687484541603082,0.19946174757522317,3
0.8066361573409598,0.9721908607663439,0.16555470342538403,3
0.9318379220431471,1.0536585292425236,0.12182060719937648,3
0.6641995636606648,0.84678447611439,0.1825849124537252,3
0.872096122877303,0.8900784962761665,0.01798237339886355,3
0.7046176984446095,0.9910421300203286,0.28642443157571906,3
0.6982320923172605,0.8139974478634443,0.11576535554618383,3
0.38958995568943394,0.9256870483852031,0.5360970926957691,3
0.9259569538119652,1.0246421619480794,0.09868520813611426,3
0.769070975532929,0.8361271949741829,0.06705621944125384,3
0.9314186151902343,0.9849454758424541,0.05352686065221979,3
0.8595340005913419,0.997298564111585,0.13776456352024313,3
0.49172239108453863,0.8427859710641348,0.35106357997959614,3
0.6604322801200171,0.6845328854993555,0.024100605379338447,3
0.37337709643325073,0.9615174347809482,0.5881403383476975,3
0.724486939722125,1.0220879242609544,0.29760098453882944,3
0.9891565564231188,0.9473976988424997,-0.041758857580619146,3
0.9385696667546322,1.0309469116544785,0.09237724489984633,3
1.0624194892482017,1.021318035751865,-0.04110145349633676,3
0.674515892857575,0.9337373892918253,0.2592214964342503,3
0.792620566286095,1.0083848086649958,0.2157642423789008,3
0.868902036882198,1.0131398883359255,0.14423785145372747,3
0.5709558854826693,0.5640082380362461,-0.0069476474464231774,3
1.0337378735417435,1.0337357511067626,-2.122434980877941e-06,3
0.7817531302777583,0.8683561645864598,0.08660303430870153,3
0.8831006688306731,1.0403255995588823,0.1572249307282092,3
0.969404937195776,0.9695547498934219,0.00014981269764591243,3
0.6327287378602249,1.072134321437002,0.43940558357677717,3
0.9190554474515982,0.9976793378262718,0.07862389037467366,3
0.8561277650152227,1.0250545725193776,0.1689268075041549,3
0.2514589945370663,0.659142354923639,0.4076833603865727,3
0.7922515826789784,0.814752402833893,0.022500820154914614,3
1.0091644915565343,1.0066138715269946,-0.002550620029539763,3
0.9496385752089362,1.0502487476365365,0.10061017242760029,3
1.002524235355096,0.9067815318242156,-0.09574270353088044,3
0.8317980935538003,0.9138284101350103,0.08203031658120996,3
0.7634699552537196,1.0164899611851954,0.2530200059314758,3
0.9384676378177021,1.0187448788445548,0.08027724102685263,3
0.9420650599454181,1.0310068888611674,0.08894182891574931,3
0.6662809486904371,1.0267693614103401,0.36048841271990306,3
0.8616798998406228,0.9930101051656519,0.13133020532502915,3
0.05512916942828637,0.19067262031034193,0.13554345088205555,3
0.9377133513342294,0.8814567130935472,-0.056256638240682166,3
0.8636526231935839,0.9948186805366567,0.13116605734307274,3
0.621422816631647,0.9339051645150892,0.3124823478834422,3
0.8687937375434074,0.9806457964813469,0.11185205893793948,3
0.6907358014057912,0.8687590358957296,0.1780232344899384,3
0.13973054648259073,0.3751923728777274,0.23546182639513666,3
0.4948119748986917,0.7114490634190167,0.21663708852032498,3
0.8822102421404407,0.8968867181971794,0.014676476056738608,3
0.7787369970080444,0.9368675728290465,0.1581305758210021,3
0.8919236391374754,1.0868796874348345,0.19495604829735913,3
0.7143712226486475,1.1403543597762398,0.4259831371275923,3
0.8762227662032062,1.0438417241199909,0.16761895791678472,3
0.6934637411922565,0.7010702267814642,0.007606485589207734,3
1.1248827404601502,0.9670994308155487,-0.15778330964460152,3
0.8341355806940683,1.0480189360779328,0.2138833553838645,3
0.88828882392558,1.0280950023011335,0.13980617837555354,3
0.5829493587460832,1.1626172075712162,0.579667848825133,3
0.9983535204148375,1.0663697344988174,0.06801621408397995,3
0.6325033664366007,1.074565533243958,0.44206216680735744,3
0.6950405544168798,0.9553972941706601,0.26035673975378026,3
0.9772318990237854,1.0431832042460907,0.0659513052223053,3
0.6254114422758765,0.9401621909847454,0.3147507487088689,3
0.8764036008614862,0.8696500903279294,-0.0067535105335567724,3
0.9487352724230691,1.0290150578009856,0.08027978537791647,3
0.8104582875574625,0.8821903892641311,0.07173210170666855,3
1.0021881836974926,1.0009019132747183,-0.0012862704227742938,3
0.08358092240815969,0.4116041881973584,0.3280232657891987,3
0.8182403780245827,0.9922939199955548,0.17405354197097211,3
0.9033475113732574,1.1101858149248727,0.20683830355161525,3
0.8567078419371486,1.0124514545777117,0.15574361264056313,3
0.43905503964079895,1.1398963717250246,0.7008413320842256,4
0.9358105894324049,0.9322009393693916,-0.003609650063013281,3
0.6043188705478216,0.9413217193635388,0.3370028488157172,3
0.6502782623066674,0.9784614682393933,0.3281832059327259,3
0.9232852786155001,0.87110734474293,-0.05217793387257019,3
0.8729929416970166,0.9813127073691618,0.10831976567214519,3
0.6491157225979406,0.8615352363977061,0.21241951379976554,3
0.8174879538209447,1.0798663200587781,0.2623783662378334,3
0.9811071619335809,0.9677789746811885,-0.013328187252392487,3
0.8600688484317429,1.0055023361165927,0.14543348768484976,3
0.854738549910718,0.9051387618626506,0.05040021195193267,3
0.9414210194395325,0.8471802581475091,-0.09424076129202341,3
0.886170146105827,0.9842035994308566,0.09803345332502955,3
0.2877319557353094,0.44961587923201873,0.16188392349670933,3
0.42791037424434625,0.6980124123442257,0.2701020380998795,3
0.5997852238766233,0.8786824475984508,0.27889722372182757,3
0.9078980248939098,0.9951431729239635,0.08724514803005368,3
0.6503924429927589,1.0309306655278914,0.3805382225351325,3
0.6709078510198743,1.0617092378463637,0.39080138682648946,3
0.9221874296981198,0.968373037551865,0.04618560785374515,3
0.8472097913481803,1.0599287320730877,0.21271894072490738,3
0.7766110558411634,0.8375414894577082,0.06093043361654482,3
0.7514371724092173,1.0338848059797927,0.28244763357057545,3
0.9473303395253866,1.014559548655892,0.06722920913050545,3
0.5594725729115659,0.6140124064796505,0.05453983356808456,3
0.44720257442335765,0.8392180592762115,0.39201548485285387,3
0.9712932455561596,0.8581903124913831,-0.11310293306477648,3
0.9132705894129686,1.0259039721133496,0.11263338270038104,3
0.993946150140358,0.9879288791336291,-0.006017271006728886,3
0.800157485348884,0.8471331510399278,0.04697566569104383,3
0.7217607449786358,0.8941124222828489,0.17235167730421308,3
0.9234926413064044,1.0312542711525539,0.10776162984614945,3
0.45085999251438974,0.8556293335257025,0.40476934101131273,3
0.6971478888874096,1.0814197667937928,0.3842718779063832,3
0.5936561754153947,0.9461335700256082,0.35247739461021343,3
0.8807985895141625,1.0766934615406523,0.1958948720264898,3
1.0021400237271032,0.9445162546260925,-0.05762376910101075,3
0.9643246978552427,0.9939346322426793,0.029609934387436643,3
0.3029308125429007,0.3958977390954559,0.09296692655255517,3
0.8494673718435499,1.031775320608236,0.18230794876468615,3
0.6751223384687672,0.8788033432158991,0.2036810047471319,3
0.0631432337910268,0.8155304063401413,0.7523871725491145,3
0.8939656570206718,1.0709443775554255,0.17697872053475372,3
0.6060840962630756,0.8494886824135218,0.24340458615044624,3
0.8072838316217897,1.0051293023067704,0.1978454706849807,3
0.6578996506203072,0.999080925924708,0.3411812753044008,3
0.8726123480570402,0.9551739465230389,0.08256159846599864,3
0.9693151760103211,0.914466364743328,-0.05484881126699315,3
0.4693985947011208,0.6904167931801101,0.2210181984789893,3
0.8521668953728838,0.9487051422893128,0.09653824691642898,3
0.6395246700332791,1.0605141347926301,0.42098946475935106,3
0.816590718959244,0.971391829123786,0.154801110164542,3
1.071674620316675,1.0220750174443465,-0.04959960287232845,3
0.5346134052819086,1.0173063261699304,0.48269292088802185,3
0.8801361036828881,1.0393335719036692,0.15919746822078107,3
0.9210464974894073,1.0006479385599856,0.07960144107057832,3
0.8201132410855317,1.0061663491832857,0.186053108097754,3
1.0934632568629625,1.0017013266027794,-0.09176193026018309,3
1.0860216759553085,1.028441678554034,-0.05757999740127451,3
0.9251726162142556,1.0369324014065417,0.11175978519228613,3
0.9403516104843613,1.0310531368291802,0.09070152634481887,4
0.8471283647624683,1.022846157307827,0.17571779254535858,3
0.8619451181547559,1.060918091563881,0.198972973409125,3
0.855660735613367,1.05005646101267,0.19439572539930294,3
0.8261136422326557,1.0283908771843622,0.20227723495170646,4
0.7900011350630688,1.0090589356934119,0.21905780063034308,3
0.6408264222609624,1.0847595288702225,0.4439331066092601,3
0.8895302020141254,1.0282449206953834,0.13871471868125806,3
0.9761587680437627,1.0279175423568148,0.05175877431305209,3
0.8828152592763905,1.068753533122493,0.18593827384610262,3
0.6462879226115235,1.0563501657462229,0.4100622431346994,3
0.8705755846274081,0.9081126303225971,0.03753704569518901,3
0.6365136148839813,0.7341302904544241,0.09761667557044285,3
0.6701050900646562,0.9530117643504972,0.28290667428584093,4
1.00773272131017,0.9597196909937373,-0.04801303031643278,3
0.9607373363723127,0.936704585473481,-0.024032750898831723,5
0.8607192433187374,0.95171993982471,0.09100069650597264,3
0.6614915831060681,1.1041602283229257,0.44266864521685756,3
0.8709641228787046,0.9349199454931868,0.06395582261448218,3
0.07214467848132104,0.35071380534955354,0.2785691268682325,3
0.6341675806949745,0.8661073386111507,0.23193975791617627,3
0.7052303828859521,1.0095196797465684,0.30428929686061634,3
0.802521585935162,0.9989310153856474,0.19640942945048545,3
0.9496095541889433,1.0091605949423188,0.05955104075337547,3
0.5069195291701493,1.1342269684873918,0.6273074393172425,3
0.747410495651613,1.012065490145369,0.26465499449375596,3
0.6183910671174215,0.7600289845218376,0.1416379174044161,3
0.8291976603633492,1.1344754973612905,0.3052778369979413,3
1.0073589603946604,1.0138742559037606,0.0065152955091001274,3
0.9685939300749569,1.0456901954859212,0.07709626541096437,3
0.9975428255749998,1.0190909191228494,0.02154809354784959,3
0.9405615197940237,1.0446417935557375,0.1040802737617138,3
0.9195296653018887,1.1092650120468595,0.18973534674497072,3
0.8474342981209951,1.081030210495369,0.23359591237437394,3
1.0130759436960524,1.0144571766237855,0.001381232927733178,3
0.9382582769041152,0.9054262464283325,-0.03283203047578276,3
0.6281867155616109,0.9257361616756947,0.29754944611408385,3
0.8556600510268227,0.9789304058575297,0.12327035483070692,3
0.48608490443407776,0.7361207588917184,0.2500358544576406,3
0.8803624147434137,0.9473863409120066,0.06702392616859287,3
0.9055650128529824,1.059676042779182,0.15411102992619963,3
0.43642422195947145,0.9862097164283332,0.5497854944688618,3
0.7646743461548391,1.115803334121852,0.351128987967013,3
0.5529387687120364,0.7953065665089534,0.24236779779691697,4
0.9701469692157466,0.998523348714978,0.02837637949923144,4
0.6598743596032124,0.90449397296025,0.24461961335703764,3
0.7219598109075526,1.10581752671717,0.38385771580961736,3
0.8156114014997162,0.9453152846694776,0.12970388316976134,3
0.7168447748664902,0.9286839032541042,0.21183912838761398,4
0.7250917657589828,1.176824543911495,0.4517327781525122,3
0.7883232506053084,0.9508304447827953,0.16250719417748694,3
0.6389781904776557,0.8646345208038515,0.2256563303261958,3
0.6896926535287898,1.0138011799961493,0.32410852646735944,3
0.9136453245348088,0.9683310200621844,0.054685695527375566,5
0.5231773461049144,0.9515463793745411,0.4283690332696267,3
0.5921636166922963,0.8074161697822358,0.2152525530899395,3
0.9762582783446693,1.0414156045395004,0.06515732619483117,3
0.5795435775222774,0.9930467070999763,0.41350312957769897,3
0.7629313914556086,0.9841830494505934,0.2212516579949848,3
0.317505563441085,0.47938363466507167,0.16187807122398667,3
0.7476701555495282,0.9632753989069864,0.21560524335745823,3
0.8334518773809065,1.0624436173126541,0.2289917399317476,3
0.8863436892312371,1.0086536590881496,0.12230996985691256,3
0.6680213741823504,0.9573358797191744,0.28931450553682403,3
0.728685178895854,1.0185261930914262,0.2898410141955722,3
1.047997089047671,0.9541458107293577,-0.09385127831831341,3
0.8346963153121418,0.9910359617367629,0.15633964642462106,3
0.9021192214581517,0.9876281770061123,0.08550895554796056,3
0.4598452863705027,0.9936689371486115,0.5338236507781088,4
0.6831256847142603,1.1332850062435134,0.4501593215292531,3
1.0233781646239708,1.011879157062567,-0.011499007561403873,3
0.8445126565830007,0.9583106230923774,0.11379796650937668,3
0.8341140488273829,1.0784022041729198,0.24428815534553683,3
1.0447167528723673,1.005094778856631,-0.039621974015736416,3
0.3104585717243664,0.47009896386913813,0.15964039214477171,3
0.7203139696652857,1.0480488804669743,0.3277349108016886,3
1.0260733343591717,1.0081778261671253,-0.01789550819204644,3
0.7070149152851033,1.0272959847225194,0.3202810694374161,3
1.2238026158078594,0.8997125051009788,-0.32409011070688065,3
0.8546904860647122,0.9809274637176145,0.12623697765290232,3
0.9957136309618831,1.008068839756671,0.012355208794787909,3
0.7671951363948032,1.0932937546909947,0.32609861829619147,3
0.8636287959321807,1.0839707840538133,0.22034198812163264,3
0.8873756836690097,0.8913054321183917,0.003929748449382098,3
0.9399399563173202,0.974306168847249,0.034366212529928775,3
0.7217835272272124,0.9849210829601336,0.2631375557329212,3
0.6473223259973571,1.0410652228277635,0.3937428968304064,3
0.8194567878453642,0.7877959162999955,-0.031660871545368785,3
0.8487094856937102,1.0478298121705003,0.19912032647679012,3
0.8889072619636019,0.923012518563026,0.034105256599424094,3
0.9771066395908331,1.0287006216062786,0.051593982015445516,3
0.932975295637088,0.9216391250327147,-0.011336170604373308,3
0.6903709567410017,0.9097513166750261,0.21938035993402438,3
0.902194622676828,0.8148976440611732,-0.08729697861565489,3
0.7950124079884291,1.0624722796594874,0.26745987167105834,3
1.1262531491247256,0.9341058319886804,-0.19214731713604527,3
0.16655223061546484,1.0817039256368142,0.9151516950213493,3
0.8050645868113651,0.7929287753549529,-0.012135811456412182,3
0.5772915069244262,1.0743533019202423,0.49706179499581604,3
0.8068619906580942,1.1245055177323835,0.31764352707428933,3
0.9894334034564496,1.0319274376473075,0.042494034190857954,3
0.9746853207775019,1.0398831127912447,0.06519779201374276,3
0.8044375847921623,0.9733174375386253,0.168879852746463,3
0.720870233817767,0.8864688425483624,0.1655986087305954,3
0.571964612747971,0.6472377165345596,0.07527310378658869,3
0.5586947157994279,0.9683525209131529,0.40965780511372507,3
0.6865734443210632,0.7647743874874028,0.07820094316633963,3
0.8578512095471504,1.1162830050292318,0.2584317954820814,3
0.9793719212915554,1.0402628564098388,0.060890935118283473,3
0.9238433822020131,1.0760179437342097,0.15217456153219655,3
0.7498528448596311,1.03610691402961,0.28625406916997886,3
0.8694729822957761,1.0070286037562137,0.13755562146043765,3
0.8532778482757968,0.9481949486520971,0.0949171003763003,3
0.8377282213279342,0.9969663016527932,0.15923808032485898,3
0.8414518533198034,1.0487038129530601,0.2072519596332567,3
0.8392675481294232,1.0078087787990682,0.168541230669645,3
0.9271791319831382,0.9741027294486896,0.046923597465551414,3
0.6978927681905299,0.8924503041901168,0.19455753599958692,3
0.59561894193926,0.7900991684277062,0.1944802264884462,4
0.9126720939448518,0.8837892136629918,-0.028882880281860035,3
0.8517462414734864,1.0984247281325508,0.24667848665906433,3
0.48136084378460176,1.0087286002728906,0.5273677564882888,3
0.6600794352153265,1.032171320444347,0.3720918852290205,3
0.9806351961379821,1.0025283333063364,0.021893137168354282,3
0.9289473431358808,1.010211497590326,0.08126415445444524,3
0.7259144363558245,0.9868506461498147,0.2609362097939901,3
0.15727297175730892,0.6336329211574986,0.47635994940018966,3
0.6567456715686559,1.0922129882975666,0.4354673167289107,3
1.0401786305931662,0.9995343403463165,-0.04064429024684968,3
0.9761779530222761,1.0422223445187888,0.06604439149651276,3
1.091058998864638,0.9548311236202744,-0.13622787524436353,3
0.5587044971522601,0.8844661501743009,0.32576165302204074,3
0.8808935623409452,0.9876355345669147,0.10674197222596948,3
0.6173286544466018,0.7606428676817796,0.1433142132351778,3
0.9804010744502716,1.0579676174666308,0.07756654301635924,3
0.8561807842470062,0.9313233647793947,0.07514258053238854,3
0.9737021922862146,1.067318267381383,0.09361607509516845,3
0.9697255250390744,1.0549099657364198,0.08518444069734543,3
0.9904768565736253,0.914504000256016,-0.0759728563176093,3
0.9632127994278163,1.1005975942636517,0.13738479483583532,3
0.6786330041616002,1.0530895201192743,0.37445651595767404,3
0.903116992218992,1.0058145177337827,0.10269752551479072,3
0.8194162975485875,0.9940370383215642,0.17462074077297673,3
0.803707777815463,0.8888519328591339,0.0851441550436709,3
0.7592643920892106,1.0821239506254043,0.32285955853619375,3
0.6586217294202105,0.9426285873682919,0.28400685794808145,4
0.508755185525039,1.1481879706622455,0.6394327851372066,3
0.9858180053149077,0.9587473696178973,-0.027070635697010403,3
0.9572518526246244,1.0889324358064691,0.13168058318184472,3
0.0935390175783248,0.5504063564491002,0.45686733887077535,3
0.7282670172880007,0.9497321349632838,0.2214651176752831,3
1.0426386032026378,0.9075320317614508,-0.13510657144118698,3
0.7851738281815684,0.9901650108245833,0.20499118264301486,3
0.5108677976184295,1.180526314720149,0.6696585171017195,3
0.9406648572005132,1.0124201197152847,0.07175526251477149,3
0.7314133709677798,0.8178544716584866,0.08644110069070676,3
0.7190792770364314,1.0714933075011461,0.35241403046471476,3
0.5168722146307998,0.8868334068523204,0.3699611922215206,5
1.0067222432615415,1.0110786697744694,0.004356426512927891,3
0.8716573317885044,0.8233109575879153,-0.04834637420058907,3
0.7404479314476586,0.9504714559681149,0.21002352452045625,3
0.867895111702647,1.0546529899643637,0.18675787826171675,3
0.7559669821526521,0.8374580457451964,0.08149106359254432,3
0.2539307958473251,0.622108440074166,0.3681776442268409,3
0.6418966112008283,0.8051317058593301,0.16323509465850183,3
0.6786111562241534,0.8865121837409194,0.2079010275167661,3
0.7247812760271688,1.0156708759083615,0.2908895998811927,3
0.7550437088352645,1.0215260083524185,0.26648229951715396,3
1.0416470834207243,0.8937357253182503,-0.14791135810247402,3
1.0511963849630939,0.9720027217277576,-0.07919366323533628,3
0.9636416451197558,0.9735627101341251,0.00992106501436929,3
0.6311592871315107,1.052616900540572,0.4214576134090614,3
0.46129967327989874,0.9831183951573486,0.5218187218774498,3
0.6754942286690806,0.9988695005068541,0.3233752718377735,3
0.9389994442910315,0.9900559679779637,0.05105652368693214,4
1.037107426164062,1.0008589233691403,-0.036248502794921755,3
0.7862417380896876,1.0965330609703867,0.31029132288069916,3
0.3491766642165145,0.834053588259644,0.48487692404312954,4
0.9979959869396975,0.9744947490785705,-0.02350123786112701,3
0.8616081109460041,0.9200389593039059,0.0584308483579018,3
0.8370122379334539,0.8452836463079081,0.00827140837445417,3
0.6577864230817874,0.8904150133285877,0.23262859024680038,3
0.9599454611639846,0.9976353505280768,0.03768988936409223,3
0.8705035712332272,1.0011391316433509,0.1306355604101237,3
0.8175079541353574,0.9841936700450988,0.16668571590974146,3
0.7006186445183219,1.0105364216235873,0.30991777710526536,3
0.9149400519472138,1.1002811633136755,0.1853411113664617,3
0.9853861805609793,0.9775908699264061,-0.0077953106345731715,3
0.5385150651804281,0.608531389516285,0.07001632433585692,4
0.8423338058435834,0.9584816244638855,0.1161478186203021,3
0.9722780742082997,1.036101122120386,0.06382304791208626,3
0.9454961311036099,1.0250946456244727,0.07959851452086286,3
0.7795854436666446,1.0493383600000603,0.2697529163334157,3
0.7442604684107078,0.8882175898070527,0.14395712139634487,3
1.0395724468674066,1.0245199223585635,-0.01505252450884309,3
0.6047285573623389,0.9565551005168578,0.3518265431545189,3
0.8748760295603621,1.0896556691215071,0.21477963956114499,3
0.8765488704182584,0.8457933867268077,-0.030755483691450647,3
0.9381348214986949,0.8190950843039901,-0.11903973719470473,3
0.6525820792729853,0.886398399336762,0.23381632006377673,3
0.7421391289266376,0.9039754407439884,0.1618363118173508,3
0.5547989601566671,1.1038871059396655,0.5490881457829985,3
0.9504994002841958,0.999965964478825,0.04946656419462925,3
0.6923207068701258,1.1642121142013575,0.4718914073312317,3
0.8173898929689303,0.9321843388237706,0.11479444585484033,3
0.8287883687788085,1.0160463385977596,0.18725796981895115,3
0.6639944666073027,1.067248042315102,0.4032535757077994,3
0.7332580141785372,1.0060866110881548,0.2728285969096176,3
0.5101201623601195,0.6888347719344459,0.1787146095743264,3
0.7608792141063284,1.0474766840453305,0.28659746993900204,3
0.9533055702028383,1.0590223245885004,0.10571675438566208,3
0.5988284297761814,0.9178927108225,0.31906428104631857,3
0.49052009266513125,0.6859080388584866,0.19538794619335537,3
1.0777381087524969,1.0421006290020505,-0.0356374797504464,3
0.5647995871055251,1.077811695401687,0.5130121082961618,3
0.9577285276737038,0.9963899765184225,0.03866144884471878,3
0.9282444088928834,1.0285479749462876,0.10030356605340418,3
0.9132422607329979,0.842352416156077,-0.07088984457692082,3
1.0471277107747223,1.0019194587732376,-0.045208252001484706,3
0.6406320026253916,0.951296572825882,0.31066457020049043,3
0.6673376212136035,0.9247756239992059,0.25743800278560236,3
1.0128854512866186,1.0509138973223426,0.038028446035724084,3
0.9157208676288573,0.9406148412518294,0.024893973622972076,3
0.917541583046535,0.9085773818050511,-0.008964201241483893,3
0.6100143573778585,1.2021876280359822,0.5921732706581238,3
0.9745982315620392,0.9940622356053185,0.019464004043279304,3
0.8207060702904782,1.1152961978154416,0.2945901275249635,3
0.803538920700985,1.0781175681904067,0.27457864748942173,3
0.7878939593458831,1.1538578698038202,0.3659639104579371,3
0.9211944640562189,0.9685110588242472,0.0473165947680283,3
0.9164465204242085,1.0767115161064964,0.16026499568228791,3
0.5091907625463855,0.7716656210730874,0.26247485852670194,3
0.720615768412181,0.9511697979963476,0.2305540295841666,3
0.6620211274012653,1.0652235881760497,0.4032024607747844,3
0.9778921759745829,0.8795546483789796,-0.09833752759560332,3
0.5043531559544275,0.6450600842074042,0.1407069282529767,3
0.7869258194388473,0.9644306506113199,0.17750483117247262,3
0.4303102284873768,0.6488047129457452,0.21849448445836833,3
0.8166215147094511,0.990697302206579,0.17407578749712793,3
0.8137178555777729,0.817069617034293,0.0033517614565201637,3
0.8812350849666858,0.9760615835266696,0.09482649855998382,3
1.0037697341580103,0.9707670623223686,-0.03300267183564165,3
0.7964422238508921,0.8952022661892789,0.09876004233838676,3
0.8975552294645093,1.0074984865095173,0.10994325704500807,3
0.7088567582903863,0.6751744573457809,-0.03368230094460545,3
0.7018072350188842,0.8837778612173379,0.18197062619845372,3
0.9284358532465296,0.9320136921267697,0.003577838880240103,3
0.9106181478799795,0.950145367196703,0.03952721931672343,3
0.7524635656032576,0.9064296379878942,0.15396607238463667,3
0.6358266923539254,1.1262147974657681,0.4903881051118427,3
0.6789940873782531,0.7346180118690671,0.05562392449081399,3
0.6617920333057752,1.072112212630004,0.4103201793242288,3
0.9779898659816719,0.996207878321,0.01821801233932807,3
0.9234307593316019,1.0104127403963494,0.08698198106474753,4
1.0474291119143089,1.0053051913501108,-0.042123920564198114,3
0.4601001100733893,0.9209537259909217,0.46085361591753243,3
0.8640375659970199,0.9914144973242953,0.12737693132727546,3
0.7921696613094321,0.9988556963278583,0.2066860350184262,3
0.5996445581278397,1.0009490870010118,0.40130452887317214,3
0.9052592424712815,0.9641797057385512,0.05892046326726963,3
0.8022551009630445,0.8515045698041861,0.049249468841141564,3
0.5805288923289459,1.0198687998566234,0.4393399075276775,3
0.6667309079190838,1.0002906709085224,0.33355976298943857,3
0.9010101405810609,1.0001567682494066,0.0991466276683457,3
1.0046189485125514,1.0677598100683063,0.06314086155575493,3
0.7003890603915884,1.0319884484254336,0.33159938803384514,4
0.8383146287719745,0.9418451615136991,0.10353053274172463,3
0.8605832717301882,1.0112271553330816,0.15064388360289338,3
0.7376216197418839,0.869810447405391,0.13218882766350715,3
0.39618236060344697,0.8555489573076259,0.45936659670417895,3
0.6789949614586369,0.6964458131451807,0.01745085168654381,3
0.922768251768924,0.9889668318309578,0.06619858006203383,3
0.7268229562007322,0.945394691951304,0.21857173575057176,3
0.9512142092449838,1.073677747934149,0.12246353868916526,3
0.5279115784126952,1.0258818256470128,0.4979702472343176,3
0.8220488730757834,1.099804871956205,0.2777559988804216,3
0.7808588584038707,1.0810169689402964,0.3001581105364257,3
0.8745687569051489,0.9709376484448476,0.09636889153969874,3
0.9670560163852635,1.0206986402144864,0.05364262382922291,3
0.7479381418802057,0.9046552598012404,0.1567171179210347,3
0.8283111076009029,0.9107771396366633,0.08246603203576042,3
0.5610247989409661,0.9296683654625829,0.3686435665216168,3
0.5975611383267984,0.7806880194387502,0.18312688111195186,3
0.9437710180364811,1.0208970484832809,0.07712603044679978,3
0.7867677081294335,1.037446466417921,0.2506787582884875,3
0.739900753482369,1.0229022839160549,0.2830015304336859,3
0.8066145034852816,1.0044941030395516,0.19787959955426992,3
0.9210379039907948,1.0780542012713232,0.15701629728052846,3
0.9335488765649806,1.0227383614936376,0.08918948492865697,3
0.8372095756090723,0.9377382369216936,0.10052866131262128,3
0.6737659496784065,0.8098845406685935,0.13611859099018697,3
0.8896082486481778,0.9824292998682627,0.09282105122008488,3
0.7867484987222182,0.9333959614296915,0.1466474627074733,3
0.8398545105745244,0.8743304410623071,0.034475930487782636,3
0.6774338070010022,0.9210146290127595,0.24358082201175735,3
0.8353416820641761,0.8495579761962899,0.014216294132113783,3
0.6152927786579176,0.8888320821472814,0.2735393034893637,3
1.0677845421532908,0.9846920290852601,-0.08309251306803067,3
0.5960801381862127,0.9194146823460426,0.3233345441598299,3
0.6186197902479611,1.2104526001054134,0.5918328098574523,3
0.8957147965180915,1.0122704686144437,0.1165556720963522,3
0.7668180083452754,1.1100328894356848,0.34321488109040943,3
0.8998648200312879,0.88355652980604,-0.016308290225247823,3
0.5587710463574238,1.0957601756142135,0.5369891292567897,3
0.926906161746001,0.9646712204998232,0.03776505875382219,3
0.8776378207462242,1.0494066783148497,0.17176885756862548,3
0.8912817358718998,0.9639575338871431,0.07267579801524326,3
0.62694176595274,0.9137655922223532,0.2868238262696132,4
0.5181269887408512,1.0956078453296225,0.5774808565887714,3
0.6937874399700154,0.7737833161387914,0.07999587616877601,3
0.9991281974352143,1.0469061675242017,0.04777797008898743,3
0.8779626434611191,1.0388008074037074,0.16083816394258832,4
0.8720946996949873,1.027900540316081,0.1558058406210937,3
0.9010055206937228,0.9922362365151465,0.09123071582142372,4
0.6114028138079075,0.9913050755690191,0.37990226176111164,3
0.5381500409357372,0.6285674609802223,0.09041742004448516,3
1.0527040334944278,1.00258141743624,-0.0501226160581878,3
0.5260503284058052,1.0450341470254163,0.5189838186196111,3
0.8031409071680542,1.066355182106696,0.2632142749386419,3
0.8733806593011509,1.0541274297404375,0.18074677043928655,3
0.6667290781083419,1.085180591686446,0.4184515135781042,3
0.5321917764673042,0.7858602290827742,0.25366845261547,3
0.8556963080437361,0.9640685736754986,0.1083722656317625,3
0.8929813621642662,0.8933773409968051,0.0003959788325389457,3
0.6998919349192898,1.0453089684654735,0.3454170335461837,3
0.7737654876685102,1.1469195653625879,0.3731540776940777,3
0.8500196816928955,0.8549814439965736,0.004961762303678063,3
1.0203157589967025,1.0707180904041795,0.050402331407477075,3
0.5696057679435097,1.1072861564797154,0.5376803885362057,3
0.7736677263934101,0.9334148275699574,0.15974710117654733,3
0.8312130744501472,0.9381247365050394,0.10691166205489211,4
0.8322644437130229,1.0910739371181273,0.2588094934051044,3
0.913081341744548,1.0128415958324868,0.09976025408793876,3
0.38558306707650153,0.8668090246790264,0.4812259576025249,3
0.5046888451298797,1.1020184175814074,0.5973295724515277,3
0.6558262836870395,1.1522734078951389,0.49644712420809933,3
1.0770379011700517,0.9269365160314289,-0.1501013851386228,3
0.9317827658438156,0.9741823081794511,0.042399542335635476,3
0.9096382571972944,0.9567856159224561,0.04714735872516174,3
0.6473452025059198,0.928818205838172,0.2814730033322522,3
0.95993008769667,0.7924652346736218,-0.16746485302304814,3
0.9006192187797657,1.109391191912327,0.20877197313256124,3
0.9035757572272558,0.9594736617149227,0.05589790448766685,3
0.5417918962240007,0.6887516787350435,0.1469597825110428,3
0.8020218089564162,0.7204854318099558,-0.08153637714646034,3
0.983810237834307,0.9590842604086035,-0.024725977425703483,3
0.5125538270655312,0.77779143693829,0.2652376098727588,4
0.7544564390424684,1.0619106847377382,0.3074542456952698,3
0.7599270591842395,0.9685159128474137,0.20858885366317415,3
0.9248896857381887,1.1128620351677632,0.18797234942957441,3
0.9153053230418339,1.0549005742399955,0.13959525119816163,4
0.6840171840150804,0.9685204198710577,0.28450323585597737,3
0.9133735610139966,0.9993713616136801,0.08599780059968354,3
0.7806298325922132,1.1320375608294007,0.35140772823718747,3
0.8007477411270187,1.0162337678823867,0.215486026755368,3
0.9012867401052405,1.1140857492656147,0.2127990091603742,3
0.9080703530002512,1.0592037849393199,0.1511334319390687,3
0.8642960357216705,0.9911086738702795,0.126812638148609,3
1.0841404904647955,0.9768126008064355,-0.10732788965836004,3
0.6236768525254375,1.036175422311652,0.41249856978621446,3
0.8843618676257687,1.066315410541441,0.18195354291567223,3
0.6358129617614094,0.9723822631190497,0.3365693013576403,3
0.8836097619517128,0.8845211246910025,0.0009113627392897117,3
0.6166923033175848,0.9756004343484113,0.3589081310308264,3
0.8615776956788337,1.052099260609579,0.19052156493074524,3
0.7688177641254672,0.929823603023954,0.16100583889848674,3
0.8585887355010962,1.0781241226364886,0.21953538713539245,3
0.7943361560786195,1.0111810152810512,0.21684485920243168,3
0.892940143455369,0.9973001499669779,0.10436000651160893,3
0.7701657061574183,1.0061336408979848,0.23596793474056654,3
1.068771946954965,1.021827352691454,-0.04694459426351094,3
0.8670475555969337,1.0074099011522029,0.14036234555526916,3
0.8533238766546283,1.0952018359200273,0.241877959265399,3
0.8762692990602449,1.0488565491273678,0.17258725006712294,3
0.881566688966154,1.0450427852625193,0.16347609629636528,3
0.6122876794292238,0.9391233773977499,0.3268356979685261,3
0.6243153937637778,0.7874025188326063,0.1630871250688285,3
0.41753354018592853,0.8009130491057306,0.38337950891980205,3
0.6107342077581808,0.8471780464054838,0.236443838647303,3
0.8642320740987943,0.9362556787107531,0.07202360461195878,3
0.5605945556090522,0.8980593630839176,0.3374648074748654,3
0.7247644943203995,0.9539089759975121,0.22914448167711265,3
0.8473953801680908,0.9237163865074856,0.07632100633939476,3
1.018594568698156,1.044385253934448,0.025790685236292132,3
0.2525735492707005,0.4975125011957255,0.24493895192502496,3
0.6818767889856516,1.112896648180439,0.43101985919478736,3
0.7369391662556886,1.1160817807215702,0.3791426144658816,3
0.5189276790890962,0.703042140266348,0.18411446117725183,3
0.8659657562320714,0.9499398217565951,0.08397406552452369,3
0.47497840006969844,0.6206768951208832,0.14569849505118476,3
0.7865510112947479,0.8811611240342374,0.0946101127394895,3
0.6802034240466448,1.190450030896373,0.5102466068497282,3
0.7451571142105928,1.0347340235875369,0.289576909376944,3
0.6804228717701928,0.9331948647756144,0.25277199300542164,3
0.5447607106356217,0.8741402628743467,0.32937955223872495,3
0.833537076209812,0.9500727123364641,0.11653563612665208,3
0.9373531111520771,0.9928292676791892,0.05547615652711213,3
0.9247680182449365,0.9908028814473667,0.06603486320243024,3
0.8210804950228769,0.9461579542476188,0.1250774592247419,3
1.0093652051350457,1.0002360589564672,-0.009129146178578518,3
0.4163072477108236,0.6371910548052535,0.2208838070944299,3
0.9069522708571888,0.9386715495086871,0.03171927865149837,3
0.9350454073040528,0.9539237820391937,0.018878374735140868,3
0.6953737618530027,0.9201328810267336,0.22475911917373093,3
0.24184232228264294,0.4588315057131573,0.21698918343051435,3
0.6968814937165829,0.899688508546674,0.20280701483009111,3
0.7943797145826483,0.848607723132508,0.05422800854985965,3
0.9211378446755768,0.9831610292188511,0.06202318454327427,3
0.8175514855773887,1.0473291402067604,0.22977765462937172,3
0.5369584792763383,0.9289398118349752,0.3919813325586369,3
1.029139432714556,0.9843908297222776,-0.04474860299227834,3
1.014018362303743,1.0237823170921962,0.009763954788453155,3
0.6509120100682122,1.0582908254140988,0.4073788153458866,3
1.1240018222828185,1.0639403438983186,-0.06006147838449993,3
0.6919685837034888,1.0125269486454411,0.32055836494195233,3
0.9329163588892253,0.9277777830660066,-0.0051385758232187495,3
1.01960203585562,0.9721662658671955,-0.04743576998842447,3
0.9509028614250883,0.9848687907587761,0.033965929333687805,3
1.052832478207008,1.0572653041936058,0.004432825986597777,3
0.9759126412812873,1.038682913524112,0.06277027224282472,3
0.9759055665565561,0.9587253215036731,-0.01718024505288307,3
0.8710406600522107,0.738809124352447,-0.13223153569976365,3
0.9791503598889428,0.9380602693589634,-0.04109009052997947,3
0.9248658038548826,1.0074877347615627,0.08262193090668013,5
0.826209890921116,1.1069239949299967,0.28071410400888075,3
0.5819276119537594,1.0248825331348017,0.4429549211810423,5
0.857753716001687,0.9762371993758109,0.11848348337412384,3
0.7684784194661818,1.033162188241565,0.26468376877538313,3
0.21350365596845855,0.5156419172869424,0.30213826131848387,3
0.8075021957931007,0.9706324889570876,0.16313029316398697,3
0.8642550536891904,0.8680174614458505,0.0037624077566600356,3
0.830120082555857,1.1223514560761407,0.2922313735202837,3
0.9465475446337657,0.9723422197199675,0.025794675086201813,3
0.8865733544706893,1.0771592672884547,0.19058591281776538,3
0.9350972136085152,1.0131396431569402,0.078042429548425,3
0.8497466493843294,0.9910600807020101,0.1413134313176807,3
0.5894990645108343,0.6704993247445984,0.08100026023376405,3
0.6500735568747735,0.9501551024632698,0.3000815455884963,3
0.8652943226907546,1.0771264750683702,0.21183215237761566,3
0.8825964797373851,1.024774356197941,0.1421778764605559,3
0.9447968357028836,0.8286648489012824,-0.1161319868016012,3
0.7808269951347604,0.8638884547309253,0.08306145959616495,3
0.9365551409771118,0.9414186647495162,0.004863523772404399,3
0.8573691499455678,0.9100982694237765,0.052729119478208686,3
0.7220988898521243,1.1453185082340558,0.42321961838193145,3
0.8732035164152248,1.0560787591380392,0.1828752427228144,3
0.942602910247725,0.9025518808934898,-0.04005102935423521,3
0.8005707775972211,0.8739373550423626,0.07336657744514152,3
0.8739148814111426,0.7352193293242562,-0.13869555208688644,3
1.0005361828893005,0.9338617751484192,-0.06667440774088129,3
0.07231924691343054,0.3625017062949119,0.29018245938148135,3
0.8958231617614936,1.012742394850163,0.11691923308866947,3
0.9169205731351888,0.9720637588507195,0.055143185715530674,3
0.8213714828300611,1.018121861914934,0.1967503790848728,3
0.52700504427602,0.9360969659454345,0.40909192166941444,3
0.8602085683740406,1.045443132719639,0.18523456434559837,3
0.6306045945046355,0.806870165478607,0.17626557097397155,3
0.9652284560849709,1.0597198338481342,0.0944913777631633,3
0.26712779600217823,1.2335988134841753,0.966471017481997,3
0.8030974486199152,0.8451497380006435,0.04205228938072836,3
0.9470251381993471,1.067499914880863,0.12047477668151596,3
0.3303308159894972,0.7367311801013283,0.4064003641118311,3
0.5983698015469362,0.7759389353117223,0.1775691337647861,3
1.0552680612937162,1.0069785097722828,-0.04828955152143344,3
0.8535411536544752,1.0217633586604589,0.16822220500598362,3
0.9677494915732586,0.9889688225502236,0.021219330976964934,3
0.6604038393730789,0.9374497424108906,0.27704590303781174,3
0.5392693216350082,1.1064810529008304,0.5672117312658222,3
0.7769063649041136,0.8140274813011896,0.03712111639707605,3
0.9811947194986107,1.0542080991627576,0.0730133796641469,3
0.7026952832040296,0.9639264092770634,0.2612311260730338,3
0.7710009282498966,1.0261198774841187,0.25511894923422207,3
0.5769467565789282,0.8620613591032074,0.2851146025242791,3
1.031913850823642,1.0045226624032135,-0.027391188420428536,3
1.0088409997823966,1.0636657293549052,0.05482472957250861,3
0.9787113419301412,0.9932640323314266,0.014552690401285373,3
0.4993054360423522,1.1362116288882569,0.6369061928459047,4
0.7421657556040326,1.025352094160461,0.2831863385564284,3
0.4051734574459875,0.8837218862854836,0.47854842883949616,3
0.8955060896430662,1.0808534864300972,0.18534739678703094,3
0.7114060720381749,1.0683062032720443,0.35690013123386943,3
0.8942403360473815,1.117171619013592,0.22293128296621056,3
0.8495558783634247,1.0593947422150465,0.20983886385162176,3
0.5852398507753785,0.9905464137698289,0.40530656299445034,3
0.7530768042050102,0.8231546027585475,0.07007779855353724,3
0.8739352078759828,1.0339681992646743,0.16003299138869154,3
0.85691921680467,0.9373624701602946,0.08044325335562463,4
0.8589514397632918,1.0538930514353697,0.1949416116720779,3
0.959332771696428,1.020779710219042,0.06144693852261385,3
0.8234809641929204,1.0096906049374492,0.18620964074452884,3
0.6157012089329931,1.0055632368232807,0.3898620278902877,3
0.8442886049961182,0.9150702858932842,0.07078168089716597,3
0.6996426461051191,1.0747819019396219,0.3751392558345028,3
0.6863256868956598,1.0435746763614706,0.35724898946581085,3
0.46396348285619315,0.7819384674249233,0.3179749845687302,3
0.9617567534740592,1.0787144217205742,0.11695766824651499,3
0.9094640371691022,1.012074143964859,0.10261010679575688,3
0.9231760046907371,0.9626524237954923,0.03947641910475519,3
0.6933289980845119,1.048144988957898,0.3548159908733861,3
0.8893346104934431,1.0675987894180303,0.17826417892458724,3
0.10385536612419916,1.0568200122018014,0.9529646460776022,4
0.7235160519522097,1.1377658484994275,0.41424979654721783,3
0.6330300330634206,1.0440264496359566,0.41099641657253594,3
0.9874567757544599,0.9838461613921335,-0.0036106143623263476,3
0.6712521225010118,0.8637429254462579,0.192490802945246,3
0.3957394545203173,0.5725363638614415,0.1767969093411242,3
0.8352489242583824,1.0421829607249757,0.20693403646659336,3
0.9796980541107827,1.0062084946478573,0.02651044053707463,3
0.691909120796547,1.0557691881609244,0.36386006736437737,3
0.478030123982338,0.9155337099513504,0.4375035859690124,3
0.8459180587426571,1.0383976419862524,0.19247958324359526,3
0.7997016218962641,1.0402543108812268,0.24055268898496263,3
0.6975436542786928,1.0845661999577012,0.3870225456790084,3
0.8283735159230381,1.1168898642685083,0.28851634834547024,3
0.8907446254316064,0.9357986361939515,0.045054010762345165,3
0.8062205489333234,1.1358426232175955,0.32962207428427215,3
1.003121432450789,1.008670179182083,0.005548746731293797,3
0.8328767336645977,1.0606721796476068,0.22779544598300916,3
0.9957405024607217,0.978193117211062,-0.017547385249659708,3
0.9289817611573562,0.9896535703562701,0.060671809198913906,3
0.8954496349972438,0.8852720928048706,-0.010177542192373212,3
1.049258720841637,1.0392284690768236,-0.010030251764813425,3
0.5056210736713362,0.7475442037042426,0.24192313003290633,3
0.7513951772833478,0.9478389077091949,0.19644373042584706,3
0.8757125542528033,0.950153039008591,0.0744404847557878,3
1.0064042438275744,1.091345021254694,0.08494077742711958,3
0.6013321086398467,0.8406635482725603,0.23933143963271364,3
0.6644575408391802,1.103100392583619,0.43864285174443873,3
0.9790944958335018,1.0157684846686528,0.03667398883515094,3
0.7808336610568266,0.7727811009583102,-0.008052560098516404,3
1.054309720088629,0.9188391510400743,-0.1354705690485548,3
0.6861181765587864,0.9393695321893523,0.2532513556305659,3
0.8561409619824236,1.067129953184013,0.21098899120158943,3
0.6236468292198871,1.1443314149219066,0.5206845857020195,3
0.934128309991206,0.9648795832874549,0.030751273296248938,3
0.9159861590745508,0.9261468161817115,0.010160657107160631,3
0.7742461166564362,0.900094685564326,0.12584856890788987,3
0.5564966555900271,0.7123472587055278,0.1558506031155007,3
1.0443786731151359,1.0388953212971703,-0.005483351817965554,3
0.8770516387385716,1.0012822178092275,0.12423057907065593,3
1.1160852687324874,0.9657042540065124,-0.15038101472597498,3
0.6411134689099437,0.9954821717429089,0.3543687028329652,3
0.6794901219659356,0.9465459596958228,0.26705583772988717,3
0.9670944378424422,1.0725433864266727,0.10544894858423048,3
0.5828384394119464,0.9787961006162431,0.39595766120429676,3
0.5921054254429032,0.757301471233342,0.16519604579043878,3
0.8753171079328625,1.0816614241193736,0.20634431618651106,3
0.5248231508405884,0.8353084202643114,0.310485269423723,3
1.0019392234049276,1.010232301050984,0.008293077646056357,3
0.6310746180045754,1.1407922876084409,0.5097176696038654,3
0.8679435884194172,0.849503880487711,-0.01843970793170624,3
0.8988551591784377,1.0012701577683218,0.10241499858988412,3
0.6242909759055166,1.180760403043639,0.5564694271381223,3
0.9934651817954441,0.8679875107256467,-0.12547767106979735,3
1.0200502420795614,1.0483538163207895,0.02830357424122809,3
0.9586829039192074,0.9350743105092674,-0.023608593409940037,3
0.6591406164062967,1.085792028370735,0.42665141196443823,3
1.0043223702204498,0.9591938452726195,-0.04512852494783026,3
0.725529494784986,1.045744601682872,0.320215106897886,3
0.87658396868702,0.9742076705602974,0.0976237018732774,3
0.9520987537055156,1.0091492684809058,0.05705051477539025,3
0.68837677214521,0.9539612157001317,0.2655844435549217,3
0.8712354085742677,0.9499894000124858,0.07875399143821804,3
0.9268161297802231,0.951236886940027,0.024420757159803852,3
0.9361580168969827,1.0637475798593719,0.1275895629623891,3
0.7834485541050631,1.0744940725627798,0.29104551845771676,3
0.7711289407338522,1.0438458234304113,0.27271688269655914,3
0.9212448462762086,1.0229847745745637,0.1017399282983551,3
0.7008761634644893,0.9418448471684139,0.24096868370392455,3
0.8643349815822972,0.9244607747651585,0.060125793182861376,3
0.7792199528237451,1.0267805639439944,0.2475606111202493,4
0.9901064503768903,0.9793093996324241,-0.01079705074446613,3
0.6251429275074295,0.9999592412459474,0.37481631373851787,3
0.9332314684789017,1.1210960938583703,0.18786462537946857,3
0.5547341004953044,1.0412090098067381,0.4864749093114338,3
0.7017272113543673,0.8672936000309319,0.1655663886765646,3
0.7991362366251845,1.0612527690193112,0.2621165323941267,3
1.0031493540257146,1.0654179839012357,0.062268629875521064,3
0.9030326801776783,0.9889907647670975,0.08595808458941911,5
0.6599540183819271,0.9215085499467625,0.2615545315648353,3
0.9118395927420732,1.032575680233909,0.12073608749183584,3
0.9114438525192678,0.9502411317025163,0.03879727918324849,3
0.752123463187422,1.0215218389787384,0.2693983757913164,3
1.001404030534145,0.9650048523788062,-0.036399178155338774,3
0.9184503210187932,1.0889155091777503,0.17046518815895706,3
0.9118303494947576,1.0103004719738053,0.09847012247904774,3
0.8617574980216879,0.9971344485724648,0.13537695055077692,3
0.21930188417605503,0.4914386227945091,0.2721367386184541,3
0.4917877218695108,0.8444315562531551,0.35264383438364433,3
0.7288658210986867,0.7940666577259436,0.06520083662725695,3
0.7888804764166981,1.0560137588895275,0.2671332824728294,3
0.9112817558326964,0.9994707709261117,0.08818901509341526,3
0.9003730020724884,0.848259025706306,-0.052113976366182424,3
0.5474511254712257,0.9288451307694734,0.38139400529824774,3
0.8117725431439773,0.9628946462268274,0.15112210308285012,3
0.33323938522502394,0.8365280056459253,0.5032886204209014,3
1.1356341003455894,0.994452938371184,-0.14118116197440544,3
0.8528330259171693,1.0318103025743488,0.17897727665717955,3
0.7332486581749755,1.0581062927211868,0.3248576345462113,3
0.6664696368292266,0.9182579118774664,0.25178827504823986,3
0.6841885668840787,0.9521252201149267,0.26793665323084803,3
0.7500845505978682,0.9840918056320496,0.2340072550341814,3
0.7394473488858955,0.9707640239836945,0.23131667509779907,3
0.5238738186260926,0.8017506239208909,0.2778768052947983,3
0.9588123599236449,0.9859007930134102,0.027088433089765274,3
0.7469282000343095,1.04097416554734,0.2940459655130304,3
0.7596938670271834,1.0447252461184355,0.2850313790912521,3
0.34682436905109165,1.1777427405864205,0.8309183715353288,3
0.6609162298335419,1.0632027957484493,0.4022865659149074,3
0.41399854540757547,0.7620572481481335,0.348058702740558,3
0.976928135019262,1.0229388028040125,0.04601066778475049,3
0.6900444785308455,0.7861762251741877,0.09613174664334223,3
0.6227133717877099,0.5849085293845753,-0.03780484240313464,3
0.8996858942669037,0.9885585434882408,0.08887264922133709,3
0.8870040728745954,0.9951363228610448,0.10813224998644944,3
0.7941157017320568,1.0800489895607046,0.2859332878286478,3
0.5810115776742091,0.9034095791963164,0.3223980015221073,4
0.708016569076661,0.961037725866141,0.25302115678948,3
0.8558201349023632,0.8983696512287822,0.04254951632641901,3
0.7518644806162196,0.8226377771701227,0.07077329655390308,3
0.9162541011328658,1.034272858219396,0.11801875708653031,3
0.8587439745435058,0.9098964909750313,0.05115251643152552,3
0.8514321463157277,0.898659278108566,0.04722713179283833,3
0.8338023598881632,1.0932033531544427,0.2594009932662795,3
1.0694810101852954,0.9569720396394544,-0.11250897054584097,3
0.7651574503880284,1.1269192521429927,0.3617618017549643,3
0.8136391570309776,1.0136505447230701,0.2000113876920926,3
0.8155952026730524,1.0544681396064481,0.23887293693339573,3
0.86312327006577,1.1468091797460063,0.2836859096802362,3
0.6683953298030882,1.1149116023898213,0.4465162725867331,3
0.7427191121748753,1.0891708136228007,0.34645170144792536,3
0.7250404660745844,0.9096208396904375,0.1845803736158531,3
0.9020113432107927,0.9142511423282871,0.012239799117494399,3
0.9235635208754474,1.044595788657484,0.12103226778203657,3
0.5807823189999393,0.9593858335289033,0.378603514528964,3
0.929635689857285,1.0386656446823601,0.10902995482507516,3
0.8170278078448702,0.9858879852076716,0.16886017736280146,3
0.932948791423367,1.0227118023818111,0.08976301095844419,3
0.8018207156653642,1.1008985120243664,0.2990777963590022,3
0.9310407524132759,1.0315918514419133,0.10055109902863746,3
0.6789267859738533,0.7658181375465204,0.08689135157266714,3
0.8326579590796944,0.889837443042589,0.05717948396289463,3
0.7477000147270649,0.7959841035714821,0.04828408884441715,3
0.9015485259852546,0.8391229838737375,-0.062425542111517074,3
0.7704038111489826,1.0672013189336242,0.29679750778464165,3
0.8196565747947269,1.1153584027553645,0.2957018279606376,3
1.0302869117138154,0.9531729911032649,-0.07711392061055045,3
0.6841497093101137,1.0387783277611327,0.354628618451019,3
0.8987374114501958,1.0324882532704005,0.1337508418202047,3
0.8707478154296319,1.04629202779066,0.17554421236102813,3
0.5289022966503666,1.018529887712942,0.4896275910625755,4
0.8662843420401397,1.0914091517744504,0.2251248097343107,3
0.58534820744597,0.9465194386966421,0.3611712312506721,3
0.7329005844976404,0.9418900986653899,0.20898951416774947,3
0.8749278525342561,1.029824882192516,0.1548970296582599,3
0.7829013483701408,0.8102850757256114,0.027383727355470566,3
0.7083215903823987,0.8377623771884448,0.1294407868060461,3
0.6665435800299182,1.0232938242091925,0.35675024417927426,3
0.5188864065658582,1.1698166193359298,0.6509302127700717,3
0.8287079789426698,0.8115731156498938,-0.017134863292776026,3
0.7095992362788195,0.935825376847617,0.22622614056879753,4
1.004585409112372,1.054196390301988,0.04961098118961593,3
1.0524742558638776,0.993238741310117,-0.05923551455376053,3
0.979499711887444,1.1205469442642981,0.14104723237685413,3
0.7568372431989833,0.802079879795475,0.04524263659649175,3
0.7766816918492306,0.883550202695343,0.10686851084611237,3
0.9193805991420155,1.0824292610763868,0.1630486619343713,3
0.9401790963676638,1.0492132804656547,0.10903418409799082,3
0.9132608139872324,1.0046293858045374,0.09136857181730507,3
0.7801991510442658,1.1151740369754075,0.33497488593114166,3
0.8733576741135733,0.9411323155506602,0.06777464143708689,3
0.746448591996902,1.1167389521981055,0.37029036020120354,3
0.983948725471397,0.9785324176417491,-0.0054163078296478595,3
0.8869429231007212,0.8625174717606792,-0.024425451340042037,3
0.5101953764024483,0.8206477184179389,0.31045234201549066,3
0.8776085388725791,1.0159559625566508,0.1383474236840717,3
0.936436565316774,0.9766288446178125,0.040192279301038525,3
1.062247884358532,0.9992021035914653,-0.06304578076706657,3
0.8489076207496958,1.030868630835571,0.18196101008587517,3
0.9592129706474962,1.0099970982765814,0.05078412762908513,3
0.6985548278992496,1.0666165683940645,0.3680617404948149,3
0.710446139443077,0.9716096784151411,0.2611635389720641,3
0.7956792677744163,1.015863435052554,0.2201841672781376,3
0.7192039362113901,0.852348130598802,0.13314419438741187,3
1.0069167484947366,1.0238377060683719,0.01692095757363532,3
0.047613576793333015,0.23737013635608525,0.18975655956275223,3
0.9651082480132321,1.002718165775392,0.03760991776215994,3
0.9710031817169532,0.9387549595972453,-0.0322482221197079,3
0.4607392913954773,0.7061122560819948,0.24537296468651748,3
0.7963473216540664,0.9461399482313375,0.1497926265772711,3
0.3875980888358061,1.0599325955751993,0.6723345067393931,3
0.9657415672233101,0.9092420273779631,-0.05649953984534695,3
0.2865739054950771,0.947815401814559,0.6612414963194819,3
0.8495791167898584,1.0243377936039764,0.17475867681411794,3
1.21248828100537,1.0037999853094726,-0.20868829569589753,3
0.5048567695810952,1.0704966154624826,0.5656398458813875,3
0.8717379084362321,0.9173824627723155,0.04564455433608339,3
0.931370953861381,1.0373579903085743,0.10598703644719332,3
0.719980950927405,0.9661550560171593,0.24617410508975435,3
1.020343690578866,1.0274948134158088,0.007151122836942747,3
0.8179833938784301,0.9510466134779456,0.1330632195995155,3
0.5348400453455088,0.6441413164041342,0.10930127105862542,3
0.7941734413358384,0.9054467156847472,0.11127327434890877,4
0.6362242496101969,1.081525176050024,0.4453009264398271,3
0.557343595220282,0.842201427227282,0.284857832007,4
0.42270849304929486,0.8947292319976978,0.47202073894840296,3
0.4203165605204496,0.7623613468091751,0.34204478628872553,3
1.091801944922345,1.0509517817431697,-0.040850163179175336,3
0.9984583275876772,1.0246605565242697,0.02620222893659252,3
0.7565723086853369,0.9614254585445046,0.2048531498591677,3
0.9715821524379202,0.9532030863581568,-0.018379066079763473,3
0.6273021303400415,1.155727934488607,0.5284258041485654,3
0.9063043695227165,0.9516488213078782,0.045344451785161666,3
0.6090867905317463,1.1086259562923098,0.49953916576056345,3
0.6225925328488812,0.9411198479950211,0.31852731514613997,3
1.0288121322093493,0.9063269649331238,-0.12248516727622549,3
1.0321422185435116,1.0284892159043797,-0.0036530026391319304,3
0.560785895265899,0.9007383040301962,0.3399524087642972,3
0.912524792768109,0.9101603798685012,-0.0023644128996078706,3
0.7233998682676925,1.1120340453615103,0.38863417709381776,3
0.7601980933555621,0.9935080349559285,0.23330994160036644,3
1.0474835572538557,0.9809899166162254,-0.0664936406376303,3
1.0313920548704845,1.0036302063730895,-0.027761848497394936,3
0.861199782741546,1.0089191132761859,0.14771933053463993,3
0.8309423410328547,1.1626592716128306,0.33171693057997587,3
0.8270471550629412,0.8704240904975679,0.04337693543462662,3
0.8736005859465168,0.9168105580934458,0.04320997214692901,3
0.961394465241196,0.950654093735374,-0.010740371505821966,3
0.8401195158967744,1.047646284130797,0.2075267682340226,3
1.0870441631915244,1.0318411246045738,-0.05520303858695064,3
0.5412433827730424,0.8563931102443106,0.31514972747126824,3
0.6863452337666232,1.00190248755561,0.3155572537889868,3
0.9976685500009644,1.0553143188715746,0.057645768870610126,3
0.571956653080941,0.8774837248826899,0.3055270718017489,3
0.8914804862206938,1.135258650272692,0.24377816405199826,3
0.638397921398042,0.7920404907765549,0.15364256937851295,3
0.7295090585016563,0.8670419823137415,0.13753292381208526,3
0.9140015453044641,0.9308300584307047,0.016828513126240563,3
0.9698960153525042,1.0827294687966957,0.11283345344419149,3
0.718146905872707,1.0181326348312705,0.29998572895856346,3
0.8175538308139313,1.047049259802004,0.22949542898807274,3
0.9077528955906933,1.0142578491606655,0.10650495356997225,3
0.6214948704933084,0.9590882138084179,0.3375933433151095,3
0.8873324728223939,0.935882283871158,0.0485498110487641,3
0.8734444631346576,1.0079589737329933,0.13451451059833563,3
0.8121331673336414,0.9963917462347917,0.18425857890115027,3
0.9457595276045718,0.8971220417603872,-0.04863748584418459,3
0.97856523105332,1.0971169316253147,0.1185517005719946,3
0.6334476908241403,0.9631117280270093,0.32966403720286896,3
0.7056795329258098,0.7953787962745165,0.0896992633487067,3
0.7402641998226475,1.1339825349757067,0.3937183351530592,3
0.8353372184769429,0.9216187630946017,0.0862815446176588,4
0.7665622489161077,0.9938731032344001,0.22731085431829245,3
0.9165806887949857,1.0518108453603439,0.1352301565653582,3
0.831269097054532,1.0342560968098164,0.20298699975528445,3
1.0452256122270391,1.0008953365373496,-0.0443302756896895,3
0.7114496046755517,0.9333381053075678,0.22188850063201604,3
0.8826276227931358,0.8212739033691709,-0.061353719423964836,3
0.8955465617173821,1.0636417388167536,0.1680951770993715,3
0.8003904816745139,1.0853976453278704,0.28500716365335654,3
0.8516155831740244,1.0847999760208795,0.2331843928468551,3
0.8242194634726796,1.1468032216343698,0.32258375816169016,3
0.6488587250410132,0.8613069669341794,0.21244824189316625,3
0.5064763172984548,1.0462246394094905,0.5397483221110357,3
0.8715164037670862,1.0484596013107725,0.17694319754368637,3
1.1439514012888798,1.0492591813336534,-0.09469221995522648,3
0.8856990695162019,1.129829494900529,0.24413042538432705,3
0.841244634670779,1.114697439836577,0.27345280516579795,3
0.6971887766563682,1.0520520948157508,0.35486331815938255,3
0.8852448536601155,0.8700966992717519,-0.015148154388363588,3
0.6103288811321035,0.7516068853420077,0.14127800420990422,3
0.9950406718855145,0.9844465171309247,-0.010594154754589802,3
0.9230072888375043,1.0328699911715873,0.10986270233408302,3
0.8430269884128878,1.0770188670954624,0.23399187868257454,3
0.8138013796503639,0.992112823466431,0.17831144381606712,3
0.8589256022652539,0.8144965628919851,-0.04442903937326881,3
0.9279320585604459,1.0665481227570852,0.1386160641966393,3
0.7770950116035404,1.0793388465651341,0.3022438349615937,3
0.7623602362968014,1.0893876144110295,0.3270273781142281,3
0.7973349561921628,0.9052672957342583,0.10793233954209558,3
1.0579445428204626,1.0655508899873989,0.007606347166936311,3
0.869294130372369,0.9801022596473443,0.1108081292749753,3
1.0351191795772063,1.0483769469548618,0.013257767377655494,3
0.5451956838560643,0.7897092799140503,0.24451359605798595,3
0.9519579224103055,1.0539464653258104,0.10198854291550485,3
0.9575569432415119,1.0574169644672404,0.09986002122572857,3
0.9709781246562699,0.9902950730269169,0.019316948370647014,3
0.7025890030172569,0.745419260720435,0.042830257703178054,3
1.0278308166727377,0.9263282375965819,-0.10150257907615579,3
0.6730418161339036,0.6884411223807165,0.01539930624681296,3
1.080684377525746,0.9250855132165225,-0.15559886430922343,3
1.0922718844303987,0.9768785943629883,-0.11539329006741039,3
0.7912116617898024,1.1004294700302617,0.3092178082404593,3
0.6099578062035396,1.188435663572812,0.5784778573692724,3
0.8642707442068238,1.0715743479999298,0.20730360379310597,3
0.4116065995562449,0.617797901397279,0.20619130184103407,3
0.3916623754101768,0.7898749410759347,0.3982125656657579,3
0.6359626982077906,1.010404687046748,0.3744419888389574,3
0.5270121781946957,1.0937429624344588,0.5667307842397631,4
0.9427849700837093,0.991490601249149,0.04870563116543969,3
0.6144153057344844,1.0302306406119315,0.41581533487744704,3
0.9229103430776214,1.0771930250897155,0.15428268201209405,3
0.4094189390735663,0.8745126025313049,0.4650936634577386,3
1.0077059067115957,1.0412261056636758,0.03352019895208014,3
0.5905767134366798,1.1073947919544276,0.5168180785177477,3
1.4923907715124374,1.0121384173501473,-0.48025235416229006,3
0.626830512651495,0.7790017428514538,0.15217123019995882,3
0.8375637682900028,1.023580816113957,0.18601704782395423,5
0.8014381092800485,1.110443946121308,0.3090058368412595,3
0.8248570899190383,1.0291284541292378,0.20427136421019954,3
0.3594698930658013,0.8886158567865159,0.5291459637207145,3
0.4748323967196802,0.871525440794668,0.3966930440749878,3
0.7065682442027407,0.8667400092380643,0.1601717650353236,3
0.8990930959476721,1.0591718660581522,0.1600787701104801,3
0.8511022565795014,0.9131053480723089,0.06200309149280747,3
0.8039942851412849,0.8519418897714715,0.04794760463018655,3
0.6508489684590861,1.1725555763860456,0.5217066079269594,3
0.3995784858001769,0.5834611059586731,0.18388262015849616,3
0.8047386121599175,1.118641630150038,0.31390301799012044,3
0.8757261819294291,0.9743336231930216,0.09860744126359255,3
0.6727347239662602,0.9948926802356681,0.3221579562694079,3
0.43508926144815924,0.9370986958030835,0.5020094343549242,3
0.9380613749186114,1.0937632633800176,0.1557018884614062,3
0.1447364744188234,0.49995795829905354,0.3552214838802301,3
0.6387392910279849,1.0285316057656388,0.38979231473765397,3
0.9155491700954878,0.9178887345429594,0.0023395644474716315,3
0.6199009181957227,1.130554953642487,0.5106540354467644,3
0.41659243840306576,1.0858418552827536,0.6692494168796879,3
0.8697247080992059,1.1056213636858576,0.23589665558665174,3
0.8976001721368119,0.9279509777911645,0.030350805654352664,3
0.6152498634918011,1.1318173802455278,0.5165675167537267,3
0.8075018078070306,1.033601446749569,0.22609963894253848,3
1.0008323510165718,1.0761176088020432,0.07528525778547146,3
0.9985700759351714,1.0429217946492144,0.044351718714042976,3
0.3595490338300266,0.816257607547648,0.45670857371762136,3
0.8081377403228355,1.1274614850992655,0.31932374477643,3
0.6088682655504667,0.73786320331251,0.1289949377620433,3
0.6865873314523998,0.8657946961941746,0.1792073647417748,4
0.8233951326253425,0.9947280390083343,0.1713329063829918,4
0.7517680863500775,1.1368015428726657,0.38503345652258814,3
0.8351234257334939,1.1310889556591035,0.29596552992560965,3
0.9746819375248413,1.0435346682914874,0.06885273076664611,3
0.6002254914552909,0.9386336381723865,0.3384081467170956,3
0.7066504546447474,0.9391398005116974,0.23248934586695003,3
0.8385599129410777,1.0285217965566678,0.18996188361559008,3
0.7467370326763716,0.8589876641148827,0.1122506314385111,3
0.9585172468305335,1.030697966215461,0.07218071938492743,3
0.5308706944064986,1.1227565403957638,0.5918858459892652,3
0.712235897457012,1.0298268773423795,0.31759097988536755,3
0.7517557837483917,1.1293926195710529,0.37763683582266117,3
0.8886517648273601,1.1052269813378595,0.21657521651049938,3
0.811727871941698,1.0727631119457546,0.26103524000405653,4
0.46423912062720357,0.7691545927275362,0.3049154721003326,3
0.8226543288333692,0.8463134685440343,0.023659139710665134,3
0.8506114347826471,1.1159544486572455,0.26534301387459835,3
0.7613691201053394,1.082759348773095,0.3213902286677557,3
0.9866042079521916,0.9489396330322607,-0.037664574919930915,3
0.45364469090108417,1.068111485895358,0.6144667949942738,3
1.0050206394124515,0.9559776510725942,-0.04904298833985721,3
0.8266834594168153,1.022468906011546,0.19578544659473063,3
1.0608095180183135,0.9310018371513447,-0.1298076808669688,3
0.7139825234575927,1.0078501018565516,0.29386757839895883,3
0.8491243640811414,0.9074304160368658,0.05830605195572436,3
0.9344289143792072,0.8016963305014911,-0.13273258387771603,3
0.46493938226845377,0.9684703448808009,0.5035309626123471,3
0.8652284502553699,0.9888728494995768,0.12364439924420689,3
0.7995579362575393,1.0781954379480236,0.2786375016904843,3
0.8194478538615528,1.001755238369356,0.18230738450780315,3
0.9332665274490761,1.0067994507793283,0.07353292333025219,4
0.8380056666649961,1.0932650097521637,0.2552593430871676,3
0.9803605850824,0.8983231538169438,-0.08203743126545615,3
0.7362488007995248,0.9628373640369242,0.2265885632373994,3
0.89475350452053,1.0366397626928343,0.14188625817230427,3
0.6832889409098672,1.1439141875001042,0.46062524659023696,3
0.5851753398648596,1.0095074739724743,0.4243321341076147,3
1.0129988302733084,1.075878337788494,0.06287950751518556,3
0.07784647247160612,0.3028024565615043,0.22495598408989817,3
0.8027457251724333,1.0958412405548585,0.2930955153824253,3
0.9625982832030957,0.9863255509631506,0.02372726776005485,3
0.7102950899104264,0.9537152698406987,0.2434201799302722,3
0.946843811006423,0.958634889842358,0.011791078835934998,3
0.878684810244553,1.104494021932101,0.22580921168754808,3
0.7586885816296512,0.983141466405753,0.2244528847761017,3
0.9165576113470694,1.0439926299841997,0.12743501863713036,3
0.9940778058457951,1.0086435527576543,0.01456574691185919,3
0.832485447811641,0.8909155344150228,0.05843008660338178,3
0.9144288310044563,1.0530289854122976,0.13860015440784135,3
0.9817885537666564,0.9863706887975618,0.004582135030905432,3
0.817939007040445,0.9855228882186797,0.16758388117823475,3
0.6628676682303491,0.7662210088937464,0.1033533406633973,3
0.6218356992996524,0.7761826146755663,0.15434691537591383,3
0.5103350164839617,0.966159451452536,0.4558244349685743,3
0.7950445767027863,1.0588372855469204,0.2637927088441341,3
0.76843797027249,0.7030281247621095,-0.06540984551038043,3
0.840520754250857,1.1014064992151373,0.2608857449642803,3
0.9611418951023484,1.085228854621793,0.1240869595194446,3
0.9324007704640161,1.013161620509382,0.08076085004536593,3
0.7706987787852091,0.992402706037179,0.22170392725196986,3
0.7858938382180432,0.9146084209753099,0.12871458275726677,3
0.4331794552391671,0.7901148699079299,0.3569354146687628,5
0.9222874747609935,1.04244584074549,0.12015836598449647,3
0.934265657331786,0.9064535504371621,-0.027812106894623878,3
0.6517824697093137,1.014288874329513,0.36250640462019934,3
0.2424295947551233,1.2058891580414537,0.9634595632863304,3
0.6657115424346958,1.1060326248930354,0.4403210824583397,3
0.8515364611412264,1.0519288183506295,0.20039235720940307,3
0.10373143476072766,0.9557085722068188,0.8519771374460912,3
0.7583804426951773,0.8852374056513345,0.12685696295615712,3
0.7979872197979893,0.8441742804745629,0.04618706067657363,3
0.8758804824376629,1.0614481921632528,0.1855677097255899,3
0.861456636874688,0.9912422233577395,0.1297855864830515,3
0.8313945908191926,1.0346198840803742,0.20322529326118155,3
1.0818479791253486,0.9761925967126569,-0.10565538241269168,3
1.0086070218974612,1.0733818514035292,0.06477482950606794,3
0.9959783474273395,0.991220161373014,-0.004758186054325431,3
0.9886935371479534,0.9862515000085157,-0.0024420371394376916,3
0.8230798760826136,0.9635491955593949,0.14046931947678132,3
0.8481172310560415,0.8213214447863999,-0.02679578626964163,3
0.9228765070629494,1.0205487240291409,0.09767221696619144,3
0.9210407303485507,1.017677638591156,0.09663690824260518,3
1.0217179103502856,1.014251229844359,-0.007466680505926693,3
0.49751931572714764,0.8204230482309604,0.3229037325038127,4
0.647658079262269,1.0013446826804044,0.3536866034181354,3
0.5951809026878244,0.6006924630587008,0.005511560370876412,3
0.821691791966614,1.0646329751061445,0.2429411831395305,3
0.7421477409018356,0.9359414112663841,0.19379367036454853,3
0.8715921520015972,0.9442533372809023,0.0726611852793051,3
0.972225458339522,1.043701603962917,0.071476145623395,3
0.8340642164009132,0.9742651545527918,0.14020093815187862,3
0.8678959765995484,0.8166174740760488,-0.051278502523499636,3
0.7880528677067262,1.0248532882852952,0.23680042057856898,3
0.579977954491701,0.9404418917583235,0.3604639372666225,3
0.8281321347471717,1.0040237974370747,0.17589166268990297,3
0.6927056213261816,0.9739412412095557,0.2812356198833741,3
1.0180617856826875,0.9250169388547229,-0.09304484682796454,3
0.7992586759288032,1.119355674632621,0.3200969987038178,3
0.6644991312422779,0.9410050177236858,0.27650588648140795,3
0.49967019463205337,0.9153095202115853,0.4156393255795319,3
0.7258037193530376,1.094993915373736,0.36919019602069847,3
0.47201053191880504,0.6517086513303154,0.17969811941151037,3
1.0285248943193124,1.0172500539511777,-0.011274840368134642,3
0.9677471513486368,0.9806792873977846,0.012932136049147891,3
0.8841127693285642,1.0629113437112139,0.17879857438264968,3
0.8346104886427352,1.0329954971070106,0.19838500846427531,3
1.0768729857152683,1.0032981602340205,-0.07357482548124783,3
0.7209697000657003,1.1101343772880483,0.38916467722234804,3
0.9421273005988655,0.889652582583017,-0.052474718015848465,3
0.9588713625282148,0.9044879626304101,-0.05438339989780472,3
0.7802643953629216,0.9307635804177119,0.15049918505479032,3
0.9801731806722439,1.0739837619004453,0.0938105812282014,3
1.0156557284630272,0.9929104915310459,-0.022745236931981272,3
0.7007675259712423,0.8544419056982614,0.15367437972701914,3
0.9500178385892135,0.9526545714764962,0.0026367328872827223,3
0.8755652822881146,0.9058100954528155,0.030244813164700957,3
0.5765590476570179,1.0419250035776424,0.46536595592062446,3
0.9715772221790581,1.0703817547257273,0.09880453254666921,3
0.3728653613166359,0.7436367374111733,0.3707713760945374,3
1.0310556634431285,1.0124254511254436,-0.018630212317684913,3
0.8786808876178127,1.069608728053549,0.19092784043573618,3
0.8549472546809398,1.0107966093341987,0.1558493546532589,3
0.980933425441217,1.0980974360266313,0.11716401058541437,3
0.6952991230481405,0.9593164831576847,0.26401736010954424,3
0.8665977016637509,0.8217690457767709,-0.04482865588698004,3
0.6970443792040427,0.8291308994138301,0.1320865202097874,3
0.7688970527793654,1.2299292401707915,0.46103218739142615,3
0.9860946404602929,0.9767185039624392,-0.009376136497853738,3
0.7940281412055246,0.9954311695474102,0.20140302834188561,3
0.5808833592309155,1.047055871737126,0.4661725125062106,3
0.8526515226622011,1.0755339512349944,0.22288242857279328,3
0.9006620838595829,1.010421484253694,0.10975940039411114,3
0.683574576513858,1.1816376865141358,0.4980631100002778,3
0.9423292271749445,1.0687480397979332,0.1264188126229887,3
1.0045267539913947,0.9576560714273693,-0.04687068256402538,3
0.4944765714464463,1.0254648484105842,0.5309882769641379,3
0.7944992047344064,1.0996220166941486,0.3051228119597422,3
0.8875082269503615,0.8794001165834459,-0.00810811036691561,3
0.5555133770679528,1.0256622272006468,0.47014885013269403,3
0.7572446825306136,0.8739010949325193,0.11665641240190572,3
0.5044422704992296,1.1070425620290774,0.6026002915298477,3
0.8727489534170563,1.007512957989749,0.13476400457269277,3
0.9055781271168638,0.892443399185218,-0.013134727931645829,3
0.8487692021051263,1.0695062516112683,0.22073704950614204,3
0.900595262028688,1.0701034915149117,0.16950822948622368,3
0.5901644013821916,0.7497847739852534,0.15962037260306183,3
1.0260438549995021,1.0194135810985583,-0.006630273900943839,3
0.9778609799083471,1.0186420929879592,0.040781113079612075,3
0.3689664002989845,1.2288613986153598,0.8598949983163753,3
0.6347513651777795,1.0793577600113522,0.44460639483357267,3
0.8513253343000742,0.961785477475783,0.11046014317570885,3
0.9642655737376643,1.0059609740174598,0.04169540027979546,3
0.7912952415267718,0.9685343162119363,0.17723907468516453,3
0.9542037889004151,0.9558481047047488,0.0016443158043336625,3
0.924841183547144,1.1481763049015885,0.22333512135444455,3
0.6060866651956068,0.9221539146825709,0.3160672494869641,3
0.9600695058865842,0.9626065619649437,0.002537056078359412,3
0.9427047925397182,0.9656808187954425,0.02297602625572437,3
0.7851887631545064,0.8043029919563995,0.019114228801893174,3
0.1141008687811757,0.27406995994927497,0.15996909116809926,3
0.738298107205106,0.9285429634991684,0.1902448562940624,3
0.8541793852942481,0.945680533691283,0.09150114839703494,3
0.46057156853856257,0.7423969057501772,0.2818253372116147,3
0.23027594013910893,1.0526351908143845,0.8223592506752756,3
0.7903008438811034,0.9013597281552792,0.11105888427417576,4
1.0121823203751816,1.0193285446938591,0.007146224318677508,3
0.6884660172407598,0.9095673816163532,0.22110136437559336,4
0.7522977745853062,1.100314086200856,0.3480163116155498,3
0.8308949411828295,1.1161921791743368,0.2852972379915073,3
0.6430688124138232,0.9097677737766826,0.2666989613628594,3
0.8353669352553152,1.1055530663068605,0.2701861310515452,3
0.977431417911685,1.0886955931673685,0.11126417525568355,3
0.8319597796533864,0.9889316916126196,0.1569719119592332,3
0.634941379041069,1.0884812100459347,0.4535398310048657,3
0.8873407159891424,1.037433045257544,0.15009232926840155,3
0.9260405947208894,0.9509252795920679,0.024884684871178453,3
0.6983806969195516,0.8947995300178896,0.19641883309833796,3
0.8688296949608012,1.0111290155049164,0.1422993205441152,3
0.9004755547272509,0.8793843256354045,-0.021091229091846464,3
0.8319081990672805,1.0864301006586503,0.2545219015913698,3
0.6124819362748483,0.816435994989788,0.20395405871493977,3
0.8478504707241439,1.0634301524015495,0.2155796816774056,3
0.9487036058112324,1.0215813137806773,0.07287770796944493,3
0.745639330329831,0.8664836445519253,0.1208443142220943,3
0.7618668273040782,0.9130878998029452,0.15122107249886707,3
0.9601571927303314,1.002090732941119,0.041933540210787656,3
0.859195955982551,0.9989123489062506,0.13971639292369953,3
0.8380857645482969,0.9019841873143551,0.06389842276605828,3
0.8511077621229242,1.0987307570286942,0.24762299490577,3
0.8695908366106571,0.9993359696559894,0.1297451330453323,3
0.6844247217521504,1.0550465355282548,0.37062181377610437,4
0.5456369094542216,0.8011286714555833,0.2554917620013617,4
1.000826537293382,0.9698564187996878,-0.030970118493694243,3
0.6688887175914507,1.067136463559039,0.3982477459675883,3
0.44046394483516355,1.123460735756026,0.6829967909208625,3
1.0243549475004874,1.019098611925696,-0.0052563355747914375,3
0.4344870508966319,1.0457255161460393,0.6112384652494074,3
0.6849808576926031,0.9128715061241002,0.2278906484314971,4
0.671969953674772,0.7179618906459754,0.045991936971203407,3
0.989000396029835,0.9984166628661338,0.009416266836298814,3
0.7316458563849304,0.9194622054234489,0.18781634903851852,3
0.32924882609511785,0.7517952993748535,0.4225464732797356,3
0.7574173239149634,1.0202335446696265,0.26281622075466304,3
0.8093182725358662,1.0321186360617816,0.22280036352591537,3
0.6962459468778454,0.963309303637658,0.26706335675981263,3
1.042069579264734,1.0081780267158433,-0.03389155254889076,3
0.7079984658121634,1.1002214189586987,0.3922229531465353,3
0.8999172743561559,1.097412610133979,0.19749533577782308,3
0.936749602215438,1.0092218411320117,0.07247223891657373,3
0.8274819709544947,0.9586008207728078,0.13111884981831312,3
0.7249250724618737,1.0776869074068356,0.35276183494496194,3
0.8795402596615474,1.0420190305188184,0.16247877085727103,3
0.5069567388716558,0.7096543587946817,0.20269761992302593,3
0.9114590413376655,1.060807822978491,0.14934878164082543,3
0.8412760933852811,1.0982021019779726,0.25692600859269155,3
0.8901013136680238,1.0844108530866026,0.19430953941857876,3
0.99032376603525,1.0593673163676374,0.0690435503323874,3
0.5776760398409931,0.864201227136561,0.28652518729556786,3
0.794681419475195,0.9880550158180631,0.1933735963428681,4
0.6677224488081985,0.9362534507143143,0.2685310019061158,3
0.8036824014366448,1.0142687355021505,0.21058633406550564,3
0.8069431604395729,0.9959869550994721,0.18904379465989918,3
0.9180858764232389,1.0132389612286545,0.09515308480541562,3
0.8233705020998379,0.9724375210933293,0.1490670189934914,3
0.668977777175953,0.7947109283749267,0.12573315119897377,3
1.0346319452859118,0.9218071456331112,-0.11282479965280068,3
0.8379376924045269,0.931957757138227,0.09402006473370017,3
0.948445512409045,1.0029036503056799,0.054458137896634895,3
0.8083573790066542,1.1094412196146004,0.30108384060794624,3
0.6732242081315898,0.8230997723615333,0.14987556422994353,3
1.0791783241054043,1.030606196448973,-0.04857212765643126,3
0.9344009338829347,1.0363822434835521,0.10198130960061746,3
0.78797369253728,1.071817771317483,0.283844078780203,3
0.8252289665628612,0.9969177575071321,0.17168879094427092,3
1.0884458140912376,0.9985431355063256,-0.08990267858491208,3
0.8555039883811671,0.994062779480534,0.13855879109936686,3
0.6383515754898906,0.9763510166985192,0.33799944120862857,3
0.5823311758105906,0.8606763573220056,0.2783451815114151,3
1.1276641471168993,0.9498578019318616,-0.17780634518503768,3
0.7678938439214036,0.9972421293015508,0.22934828538014718,3
0.5641998590418548,0.9582967350042457,0.39409687596239096,3
0.5643791420707253,1.0180806731868948,0.4537015311161695,3
0.7834957700382558,1.0592804641154336,0.27578469407717787,3
0.6568699390793274,0.8032451389184134,0.14637519983908598,3
0.5036320984094409,0.6564659762150136,0.15283387780557267,5
0.8389965310312152,1.0235475335290252,0.18455100249780998,3
0.8848890961709388,1.0987708408112151,0.21388174464027632,3
0.42393404623295033,0.854343642883622,0.43040959665067163,3
0.8768727425706583,1.1144148010532935,0.2375420584826352,3
0.8393995530267402,0.950267272169292,0.11086771914255178,3
0.9686895612115457,1.0519086495924799,0.08321908838093417,3
0.7228740116550094,0.8603829339441726,0.13750892228916323,5
0.8779392902504827,0.9776926005443654,0.09975331029388268,3
1.0078978449837819,0.9128520879583142,-0.09504575702546769,3
0.6880504456578427,1.1582952941404376,0.47024484848259496,3
0.8695347401946669,1.112851340606712,0.24331660041204506,3
0.7921181274298972,0.8928713241220108,0.10075319669211358,3
0.8900650641606476,1.112441229001527,0.22237616484087952,3
0.7825033733156898,1.1712557945952642,0.38875242127957443,3
0.9805503495300887,1.0595679979673398,0.07901764843725112,3
0.9318669970180944,1.026538126178485,0.09467112916039055,3
0.9741312960037024,1.0400804203768126,0.06594912437311018,3
0.8659086790928949,1.0279690339351588,0.1620603548422639,3
0.8478956054270631,1.003167843092572,0.1552722376655088,3
0.9679414995500003,1.01757454245733,0.049633042907329616,3
0.8878375791678883,1.032148422388471,0.14431084322058263,4
0.7865835531705403,0.9284851444077779,0.14190159123723756,3
0.6701685808777007,1.0172825727831243,0.3471139919054236,3
0.8710084698635853,0.9796038024343814,0.10859533257079612,3
0.9175441780597487,0.9070186259736268,-0.010525552086121936,3
0.898653356598529,0.8351568714012475,-0.06349648519728146,3
0.9179593349771438,1.1217259434814386,0.20376660850429484,3
0.7366579650840317,0.8678271881538357,0.13116922306980405,4
1.0073601037908024,0.9778481578149961,-0.02951194597580631,3
0.765754553076641,1.1633942157741712,0.39763966269753026,3
0.9640973937147732,0.9928245875012008,0.02872719378642763,3
0.9155785477744536,0.9498716960524339,0.034293148277980356,3
0.8815336131507397,0.9401513869033064,0.058617773752566604,3
0.8842745291059202,0.8887431641727055,0.004468635066785298,3
0.8975098124283509,1.071447762340331,0.17393794991197997,3
1.016535779021769,1.0061227938777557,-0.010412985144013343,3
1.0181485470613652,0.9418853402033603,-0.0762632068580048,3
0.7641442503260879,0.9391017132471683,0.1749574629210804,3
0.7729434644540689,1.063096407318966,0.290152942864897,3
0.8003577320704374,1.1156559592682591,0.31529822719782175,3
0.9599859369572359,1.0261827104205121,0.06619677346327624,3
1.0526460684207184,1.0482102262398718,-0.004435842180846583,3
0.9692877663685742,1.0714373987307857,0.10214963236221153,3
0.5327000297202639,0.8602211879640832,0.32752115824381933,3
0.8479087112772999,0.9525583484578665,0.10464963718056652,3
0.8731253898623149,1.0719245084956877,0.19879911863337274,3
0.6570855173601968,0.9538474886037918,0.29676197124359494,3
0.5288087202380791,1.1686130329769815,0.6398043127389024,3
0.9587415969268627,0.9051241985282635,-0.053617398398599136,3
0.882560316543866,1.0483128473578713,0.16575253081400532,3
1.0779663505411605,1.0247123970341552,-0.05325395350700535,3
0.9653382640164111,0.892757683342304,-0.07258058067410711,3
0.8529769369128242,0.9429677562083928,0.08999081929556862,3
0.6091286203086853,0.9590367517432073,0.34990813143452204,3
0.7922923166005236,0.9863713838582487,0.19407906725772517,3
0.8346835410081571,0.9435817226211378,0.1088981816129807,3
0.8972928607972782,0.7971461956340973,-0.10014666516318094,3
0.8222801616631419,1.0684402764288963,0.2461601147657544,3
0.6441907485313433,0.9644745923578905,0.3202838438265472,3
0.7842641068482383,1.0530530162872014,0.26878890943896305,3
0.7302483085785135,1.137384338519087,0.4071360299405734,3
0.6493799473644217,1.0254938393643935,0.3761138919999718,3
0.7143297580375448,0.9647982947319805,0.2504685366944357,3
0.6599577752174175,1.1293180817892283,0.4693603065718108,3
1.031063770502569,1.0761165351747624,0.045052764672193435,3
1.0382967134911147,1.015047266223823,-0.023249447267291723,3
0.8852233990786251,1.043790740065095,0.15856734098646985,3
1.1425519013061955,0.9883745720125798,-0.15417732929361572,3
0.8613342956435508,0.9871545320256063,0.12582023638205553,3
0.8284450892237326,0.928440589353006,0.09999550012927338,3
0.5804678595051298,1.1305039634543594,0.5500361039492296,3
0.9115209164901619,0.9947486275844621,0.08322771109430027,3
0.5170947030327528,0.953454437646767,0.4363597346140141,3
0.9701175800139372,1.0074506160963281,0.037333036082390914,3
0.818674410006007,1.0514401276107213,0.2327657176047142,3
0.7843514221062585,0.9692751977200202,0.18492377561376172,3
0.8382051083631449,0.9342863856378754,0.09608127727473048,3
0.837232686357489,0.9092896197391089,0.07205693338161989,3
0.7207598518566802,1.0570299679866866,0.33627011613000635,3
0.559508980290122,0.9242282013616383,0.36471922107151633,3
0.4455012012256255,0.5852870980139202,0.13978589678829473,3
0.5787253975977072,0.7636423668461466,0.18491696924843937,3
0.5867863622930336,0.7572866208858687,0.17050025859283513,3
0.8662873060151095,1.0509114523739425,0.18462414635883295,3
0.9995183385662687,0.9961416985062245,-0.0033766400600442337,3
0.6339341636928033,1.0887113307122251,0.45477716701942184,3
0.8483376913593783,0.9991029891240852,0.15076529776470693,3
0.8640602039141699,1.0053185244995775,0.14125832058540755,3
0.8376559761837379,1.0602754895776525,0.22261951339391461,3
0.6673268259878679,1.1263327212444534,0.4590058952565855,3
0.07287460899690189,0.3752248286785039,0.302350219681602,3
0.9323265641698103,1.0345355013029167,0.10220893713310641,3
0.6945081600880403,0.992738248316542,0.2982300882285017,3
0.9068426459362313,0.9670014103224176,0.06015876438618628,3
0.9764115580382332,1.0497359627953218,0.07332440475708857,3
0.8329667189203737,1.0291697088390257,0.19620298991865204,3
0.613554706147744,1.0423579471085087,0.4288032409607647,3
0.8257029678020603,1.0123125069814651,0.18660953917940482,3
0.5704051202208635,1.2008356887492833,0.6304305685284197,3
0.9170945921272166,0.9804359812608411,0.06334138913362453,3
0.8079987978984756,1.1124711168109698,0.30447231891249416,3
0.868031170506104,1.0214453170767497,0.15341414657064567,4
0.23448146472487755,0.70472274531299,0.47024128058811243,3
0.08251513108775518,1.2724997324591838,1.1899846013714286,3
1.0658018697751044,1.0749737736976333,0.009171903922528868,3
0.8933839115620771,0.9968207456330322,0.10343683407095516,3
0.5787593603243317,0.9903962765490253,0.41163691622469356,3
0.8283738440428894,0.948155218511831,0.11978137446894166,3
0.21885396256999984,0.5582150752189834,0.33936111264898355,3
0.9113310145646789,0.939926651752297,0.02859563718761804,3
1.101657545526763,0.9604895847733488,-0.1411679607534142,3
0.9249250613979417,0.9885636481826243,0.0636385867846826,3
0.8719008781427281,1.125100399722352,0.253199521579624,3
0.9344073419614214,1.0177948334612628,0.08338749149984137,3
0.8805350946769936,0.8979591450445257,0.01742405036753203,3
0.964445868115007,0.965590096682258,0.0011442285672510488,3
0.9104169984210029,0.937712945619328,0.027295947198325177,3
0.3685401703420903,0.7901052459439949,0.4215650756019046,3
0.8683324816166689,1.0591210501695107,0.19078856855284188,3
0.7938420995129509,1.0273483649295998,0.23350626541664887,3
0.9989346814410673,0.9576466623734141,-0.041288019067653225,3
0.30523360240184305,0.40214639901429994,0.09691279661245689,3
0.9108590172924935,0.960066998590176,0.049207981297682446,3
0.9727185226116984,0.9388393506883302,-0.0338791719233682,3
0.5937538950021899,0.6313009894306862,0.03754709442849635,3
0.8022431167874609,0.8687478630182026,0.06650474623074176,3
0.7867054419601547,0.9515702180370891,0.1648647760769344,3
0.5602116367028056,0.9782314706278143,0.41801983392500874,3
1.1161297866731439,0.9588858484980971,-0.15724393817504678,3
0.6837384896850941,0.9408048969982008,0.2570664073131067,3
0.9430797556697097,1.002896480028714,0.0598167243590042,3
0.9857661120977473,1.037800919529872,0.05203480743212474,3
0.955520521023175,0.9106316316794143,-0.044888889343760674,3
0.6293119237223014,1.1218969944507122,0.49258507072841085,3
0.8389191582990483,0.9434859384267126,0.1045667801276643,3
1.0210897754711374,1.0046063306232462,-0.016483444847891215,3
0.9949368730637259,0.9367973280337927,-0.05813954502993324,3
0.7991654693712738,1.047448203085081,0.24828273371380716,3
0.9152188299791719,1.0202389354149493,0.10502010543577733,3
0.9241000729831527,1.0408360154985035,0.1167359425153508,3
0.6057050857813884,0.7673892217026166,0.1616841359212282,3
0.7805267894398504,0.9549755456476449,0.17444875620779443,3
0.634935903721508,0.8578520386535988,0.22291613493209084,3
0.42517144901995,0.634904660450156,0.209733211430206,4
0.8592658448032315,1.0267621224369479,0.16749627763371633,3
0.9149508334842089,0.9493457452974653,0.03439491181325638,3
0.9023784371907999,0.9115189893296197,0.009140552138819813,3
0.2928859094775383,0.6986516112009608,0.40576570172342247,3
0.8931897884771764,1.023915930889311,0.13072614241213465,3
0.761319891636813,0.947642874251326,0.18632298261451297,3
0.9609946297380964,1.0857475026130143,0.12475287287491799,3
0.9480925473189292,1.0522166030135391,0.10412405569460992,3
0.6283379065567075,1.0556290742130703,0.42729116765636277,3
0.9371346642241759,0.9822081333738313,0.045073469149655376,3
0.7063020893987314,1.035973248938648,0.32967115953991655,3
0.6753618978731427,1.0926372095380645,0.4172753116649218,3
0.9048206542934635,0.9921661160130825,0.08734546171961899,3
0.7072641690745685,0.9954101667072169,0.2881459976326485,3
0.4423063212901499,0.7101098881398289,0.267803566849679,4
0.6077490176542478,1.0055124829247013,0.3977634652704535,3
0.9563820292358478,1.1020603689205888,0.14567833968474098,3
1.017649998573516,0.9753749977065242,-0.04227500086699165,3
0.6537057086967104,1.0232325703294562,0.36952686163274584,3
0.8337117940433181,1.0244089175210613,0.19069712347774326,4
0.3597541475899637,1.2787408339416604,0.9189866863516967,3
0.9880554353990072,1.1073815063680847,0.11932607096907755,3
0.8826403889460445,1.1213489315762861,0.23870854263024166,3
0.4704245469561618,1.0862280010266459,0.615803454070484,3
0.5957458799181203,0.9511213910206654,0.35537551110254506,3
0.9427037464428656,1.0818675684317651,0.13916382198889954,3
0.6390318444334474,0.8041803115855772,0.16514846715212983,4
1.121153103185274,0.9698026860765301,-0.15135041710874386,3
1.1070439241582957,0.9511573465944474,-0.15588657756384827,3
0.8117362878828154,0.9921078923100299,0.18037160442721456,3
1.0498207387299534,0.9657733254376121,-0.08404741329234133,3
0.7396899283424936,0.9890614012394549,0.24937147289696127,3
0.8674882214234951,1.0805124335146448,0.21302421209114963,3
0.9703431435835083,1.0265540944907179,0.05621095090720962,3
0.8754269579984653,0.9999141744130335,0.12448721641456828,3
0.8029603389991685,1.0568105387680486,0.2538501997688801,3
0.5570411936280644,1.0694458972442202,0.5124047036161559,3
0.10562873683332108,0.9939993958929663,0.8883706590596452,3
0.15693227856645053,0.8740257989261172,0.7170935203596667,3
0.6400048740607891,1.0304460068220465,0.39044113276125736,3
0.8541394473695265,1.0899164804278685,0.23577703305834197,3
0.9285843102514367,0.954856070007757,0.026271759756320234,3
0.838549672441055,1.118858060311785,0.28030838787073,3
0.5240644160089001,0.8428023941202408,0.31873797811134075,3
1.0344644107020964,1.0385147558502426,0.004050345148146173,3
0.8307551642294491,1.0073372225866657,0.17658205835721663,3
0.8511402133247343,1.0522732660704353,0.20113305274570092,3
0.7848683829775571,1.1021883929178073,0.3173200099402502,3
0.6279317668916465,0.9656349634671614,0.33770319657551484,3
0.6829890694814366,1.0051378810652036,0.32214881158376707,3
0.8320467669762254,1.0614452500709803,0.22939848309475497,3
0.9895757687425135,1.0269242629533888,0.03734849421087527,3
0.8549603459720538,1.0776694306846444,0.22270908471259054,3
0.9813504837580576,0.9140516389586173,-0.06729884479944026,3
0.6922669389146181,1.0926836231164205,0.40041668420180243,3
0.9985246139119036,0.975008668235627,-0.023515945676276573,3
0.42690605992422853,0.8270745873199049,0.4001685273956764,3
0.7306628734785781,0.8933859973035374,0.16272312382495935,3
0.7883292869885724,1.0829667894797659,0.29463750249119347,3
0.5833032561330955,1.0524216372811956,0.4691183811481001,4
0.9679383349661326,1.0611041628469315,0.09316582788079897,3
0.8250941494288955,1.1224919815225318,0.29739783209363635,3
0.5741805455746483,0.9336495354648815,0.35946898989023324,3
0.7802802675377956,0.9783715712877935,0.19809130374999795,4
0.7466415643500246,1.0732583865353482,0.3266168221853236,3
0.8601114165721344,1.123249887118337,0.26313847054620254,3
0.7700302369590712,0.9470591038651629,0.17702886690609165,3
0.9554097171521967,0.9752916501658424,0.019881933013645714,3
0.9528749710352541,0.9839936871023922,0.03111871606713812,3
0.7303012031797835,1.0754253243438265,0.345124121164043,3
0.8710502183589379,1.0476295777265476,0.1765793593676097,3
0.1880305212643239,0.8722416202559035,0.6842110989915795,4
0.7279561335741901,1.1155329249112924,0.3875767913371023,3
0.10381415582978719,0.4211177377178301,0.3173035818880429,3
1.0576748443291932,0.9943319945835288,-0.0633428497456644,3
0.9238915935410743,0.9553597060814587,0.031468112540384396,3
0.8096582258663236,1.0080250086967784,0.19836678283045472,3
0.8529528760981916,1.158517831922959,0.3055649558247674,3
0.8031222204345135,1.136432802523375,0.33331058208886144,3
0.8017425712666052,0.9151790333926042,0.113436462125999,3
0.855995844844093,1.0559233018565417,0.19992745701244874,3
0.5519062157711688,1.0437975157295207,0.4918912999583519,3
0.6014543424887906,0.7686078909808448,0.16715354849205422,3
0.6660229703176862,1.0900859466313304,0.4240629763136442,3
0.680822025562814,1.0954282268462923,0.41460620128347825,3
0.4775555651226961,1.00538792828776,0.5278323631650639,3
0.697898784009297,1.0207617016645512,0.3228629176552542,3
0.9305830196887127,0.8936393531986643,-0.03694366649004843,3
0.8653359530808951,0.9105170690026083,0.045181115921713255,3
1.0475933632880219,1.0186631817512164,-0.028930181536805488,3
0.8172030863609534,0.9179943892555954,0.100791302894642,3
0.9677023827502254,1.0044033042520328,0.03670092150180748,3
0.813080031802765,0.9437460799240298,0.1306660481212648,3
0.7786719030671704,0.9725998523790355,0.19392794931186508,3
0.7334132666390833,0.9256210485957167,0.19220778195663335,3
0.8998466058948267,1.0939291379629774,0.19408253206815074,3
0.9159343030445236,0.8460786137898954,-0.06985568925462826,4
0.7083773367475397,1.0620835027585844,0.35370616601104476,3
0.8755293858745954,0.9700577447161992,0.09452835884160382,3
0.6418034479079513,0.9954270439969746,0.3536235960890233,3
1.1542508908169316,1.0351182129178373,-0.11913267789909421,5
0.9013341587788279,1.0335854235300388,0.13225126475121085,3
0.7573260607247985,0.9070391652263405,0.14971310450154207,3
0.9263689284809903,1.0209858433816215,0.09461691490063118,3
0.7282717965111323,0.8599937206097922,0.1317219240986599,3
0.9749946683320191,1.0422741699714129,0.06727950163939378,3
0.9215627883621214,1.1097115983390657,0.1881488099769444,3
0.9377848084927634,1.0974640399604598,0.15967923146769647,3
0.8948859082551924,1.0412876318214104,0.14640172356621795,3
0.5288051793785704,0.968139701770587,0.43933452239201654,3
0.8652984417800297,1.0791944192847052,0.21389597750467548,3
0.6981130893451372,1.0418791510271366,0.3437660616819994,3
0.6993019155426056,1.1233477179214666,0.424045802378861,3
0.7785230150912155,0.7749513889516086,-0.0035716261396068205,3
0.9289860881775195,1.1050746408392662,0.17608855266174672,3
0.6614461122386075,1.05203156356152,0.39058545132291256,3
0.9755307734143492,0.9678386843394431,-0.00769208907490615,3
0.9258519476334282,1.0452832531642748,0.11943130553084669,3
0.8614913089869338,0.9455264842182685,0.08403517523133464,3
0.8577454519104399,1.125930753117962,0.26818530120752215,3
0.9026213465276014,1.105249529570499,0.20262818304289754,3
0.7695590597598629,1.0864007987588589,0.3168417389989959,3
0.7422100322856215,0.9073847748974471,0.16517474261182552,3
0.9518598634348187,1.0843485903282974,0.1324887268934788,3
0.8787552248695588,0.9182735099303461,0.03951828506078725,3
0.8051906777875222,0.9570142496981233,0.15182357191060114,3
0.872147863093652,1.0712206838518932,0.19907282075824118,3
1.0306853144511554,1.0150978101744859,-0.01558750427666955,3
0.7491723991619483,0.9678250679244667,0.21865266876251832,3
0.7463319535123429,0.90737786257381,0.1610459090614671,3
0.7696428512031331,0.8786465106259692,0.10900365942283607,3
0.6267777956952363,1.0560755142637572,0.42929771856852095,3
0.8409452961162107,1.0334272977324233,0.19248200161621254,3
0.5947613924401908,0.955057845923249,0.3602964534830583,3
0.6838872304978013,0.9877464680811684,0.3038592375833671,3
0.9313966151902322,0.972430795133176,0.04103417994294378,3
0.9023294418634709,0.9275831734227321,0.02525373155926125,3
0.7624522227283603,1.068145105426367,0.30569288269800676,3
0.8424363213364354,0.8686913630335169,0.026255041697081483,3
0.977996775365543,1.0285056171834779,0.05050884181793491,3
0.4618027190189551,0.8363824314444167,0.3745797124254616,3
0.832513253309354,0.9800799781143652,0.1475667248050112,3
0.6992075612869457,0.866559960477989,0.16735239919104328,3
0.6376359460262236,0.6663046995803485,0.028668753554124904,3
0.5996373130862828,0.9946205182062137,0.3949832051199309,3
0.5741478422042428,1.0769089435362948,0.5027611013320521,3
0.6518477493980286,0.8461113937421798,0.19426364434415122,3
0.8773156539990952,1.0756750432288382,0.19835938922974305,3
0.6520580271730537,0.9649687893193247,0.312910762146271,3
0.8440251992663652,1.1039141460384823,0.25988894677211705,3
0.9081011623839996,0.9550311012667023,0.04692993888270269,3
0.997964894850441,0.985314072305908,-0.012650822544533091,3
0.7831329716475897,1.0560264870475837,0.27289351539999407,3
0.7448417710419861,1.0568844980011076,0.3120427269591215,3
0.4176910576149714,0.5923854325944423,0.17469437497947093,3
0.7458583218828814,0.9052421938303139,0.15938387194743253,3
0.7864279811908665,1.0105285539788218,0.22410057278795525,3
0.9027007309093855,1.099618171951525,0.19691744104213948,3
0.8719695226396083,0.9636260280810902,0.09165650544148196,3
1.01932724973535,0.9924211049478886,-0.02690614478746145,3
0.8477644046654187,0.9134166881395853,0.06565228347416663,3
0.738368761364663,0.9564558577429109,0.21808709637824786,3
0.6886084487643045,1.0497129412243333,0.36110449246002885,3
0.6550099155583979,0.9877882041582404,0.3327782885998425,3
0.9448122124216238,1.0334743983415087,0.08866218591988484,3
0.9777558946457796,1.0841361820020792,0.10638028735629956,3
0.9440262473869148,1.0663376127303532,0.12231136534343845,3
0.832061065046769,1.0716401259302655,0.23957906088349645,3
0.7068042991906904,0.8705380559408051,0.1637337567501147,3
0.9126766520266564,0.917252960989795,0.004576308963138653,3
0.8682997109849613,0.9126316402530039,0.044331929268042636,3
0.3225757291820921,0.6839269317087346,0.36135120252664255,3
0.581596458216806,1.0889358181398927,0.5073393599230868,3
0.9350883396044692,0.9590737212911127,0.023985381686643437,5
1.050652069982053,1.0749776715103823,0.0243256015283293,3
0.6488336353313129,0.9405739395105679,0.291740304179255,3
0.7998004700823073,1.099602755626994,0.2998022855446868,3
1.0163715257106107,0.9774344556140981,-0.038937070096512594,3
1.0040620807048186,0.9170919093788488,-0.08697017132596985,3
0.953369463580469,0.9393265971436865,-0.014042866436782542,3
0.8338780352231913,0.8691892539833828,0.0353112187601915,4
1.1153205263270705,0.9459174062272153,-0.16940312009985514,3
0.5789753210882171,0.9221697934227828,0.3431944723345657,3
0.6564216004906903,1.0875041822725238,0.43108258178183345,3
0.6296927074975595,1.1810325902153045,0.551339882717745,3
1.0308471710959635,0.9438325791499237,-0.08701459194603978,3
0.6794428845003424,0.9646272513764513,0.28518436687610893,3
0.7999465579888543,1.0790194859096744,0.27907292792082017,3
0.5553005202983775,0.9843946987482035,0.429094178449826,3
1.0212208917548664,0.9755607993562414,-0.04566009239862501,3
0.919112682110524,1.0285612884723014,0.10944860636177745,3
0.4277607963454619,0.8220446430175089,0.394283846672047,3
0.8249140743958658,0.8397306763875593,0.014816601991693434,3
0.9028357970603107,1.020492157225147,0.11765636016483638,3
0.7376226807074379,0.9563416841978283,0.21871900349039042,3
0.6161611454959025,1.0321873113556446,0.41602616585974206,4
0.4968289074985641,0.9654385192718663,0.4686096117733022,3
0.7570126698942587,1.0411346372673944,0.28412196737313566,3
0.5248014356717239,0.6909524338946369,0.16615099822291302,3
0.4761237714418726,1.0254352899039272,0.5493115184620545,3
0.888206886919346,1.0367140309040015,0.14850714398465548,5
1.032447619844016,0.9309598955271523,-0.1014877243168637,3
0.8623673318596035,1.0405753187133633,0.17820798685375983,3
0.8598657197798232,1.0865509373453532,0.22668521756553006,3
0.9045062466964098,1.0240718082029674,0.11956556150655762,3
0.8747151112334395,0.8974071255601528,0.022692014326713306,3
0.45692334893043046,0.8436767412439504,0.38675339231351996,3
0.907057719768826,0.8171974906387811,-0.08986022913004488,3
0.6774567008221113,1.0640127544633213,0.38655605364121004,3
0.9805583026470435,1.0822605128503076,0.10170221020326409,3
0.6258113732241293,0.8586492471164746,0.23283787389234534,3
1.027934094529922,1.0531968952567756,0.025262800726853607,3
0.6739786297478401,1.0820670082900767,0.4080883785422367,3
0.8075528122698896,1.0302703171640686,0.22271750489417896,3
0.9737611072418544,1.0004010360014972,0.026639928759642828,3
0.7921502535581038,1.0639268907285309,0.2717766371704271,3
0.5163089160533878,0.9472337239597035,0.4309248079063157,3
0.47981063153783826,0.8773114270447263,0.39750079550688805,3
1.043076746491573,0.8886941098615333,-0.1543826366300396,3
0.9472379830111486,1.017137421504489,0.06989943849334046,3
0.45566603417453255,0.6340146624968459,0.17834862832231335,4
0.8682519941075054,0.9279194261675991,0.05966743206009373,3
0.8030255691050178,1.1193155418512175,0.31628997274619974,3
0.49348690708602944,1.085033400206952,0.5915464931209224,3
0.7939200068166224,1.003907317632068,0.20998731081544564,5
0.7537396573947044,1.0151188120556895,0.26137915466098516,3
0.775651009270272,1.0111094600953026,0.23545845082503059,3
0.8720399442524156,1.0073083118135404,0.1352683675611248,3
0.9137417554246965,1.01981376861335,0.10607201318865345,3
0.7604460945383328,1.0778329394592394,0.31738684492090663,3
0.562772717297886,1.0064567522138372,0.4436840349159512,3
0.8002314389387187,0.795893418993574,-0.004338019945144711,3
0.7719619485407154,1.0092126613704653,0.23725071282974985,3
0.1678736341616681,1.075211404659302,0.9073377704976339,4
0.9283079238437488,1.0380421690651165,0.10973424522136765,3
0.40624005694373877,0.647362031164373,0.2411219742206342,3
0.8534896877575211,0.9444040856303053,0.09091439787278421,3
0.6637078778708076,0.8918062615759001,0.2280983837050925,3
0.6885007118428954,1.1080280957873327,0.41952738394443734,3
0.9437945657701208,1.0312878015166655,0.08749323574654477,3
0.3577985733594407,0.6782182102650752,0.3204196369056345,3
0.9710345019895743,0.8093070445465527,-0.16172745744302164,3
0.9801043617587194,1.0859454227986378,0.10584106103991842,3
0.9489053301400305,1.0047185124641866,0.05581318232415611,3
1.0049295709044022,1.077976190347873,0.0730466194434709,3
0.923830890274193,0.8913021296830298,-0.032528760591163164,3
0.9737203978221338,1.0951672707499482,0.12144687292781442,3
0.7076497273750443,0.844954246220938,0.13730451884589367,3
0.7150001266021286,0.8435623924332903,0.1285622658311617,3
0.957818587899167,0.8914874499458699,-0.06633113795329704,3
0.8935379997600786,0.9401083014010416,0.046570301640962986,3
1.0362955030915373,1.0407717132574246,0.004476210165887284,3
0.7973614283305517,1.105404229970287,0.3080428016397354,3
1.0489563011962315,0.9311777500099028,-0.11777855118632874,3
0.6192107033010708,1.0612360395268372,0.44202533622576645,4
0.924405522338582,0.9957426824314852,0.07133716009290325,3
0.9322907952963857,0.9890184546251797,0.05672765932879398,3
0.8584670508953932,1.1102669827074703,0.25179993181207705,3
0.733342207203589,0.8854870658321555,0.15214485862856653,3
0.6575075909738959,0.6487991400519074,-0.008708450921988464,3
0.6959131543399195,1.1009528136991298,0.40503965935921027,3
0.7041807356351881,1.2014264344989303,0.49724569886374215,3
0.7401151497880954,1.0093934224337293,0.26927827264563386,3
0.40887868442854475,0.7770886753703975,0.36820999094185275,3
1.043964758615961,0.8962892987303326,-0.14767545988562847,3
0.8011127743697026,1.0691871408860083,0.2680743665163057,4
0.06434428506910904,0.8109000115876829,0.7465557265185738,3
0.6604564965326613,1.0373004644816581,0.3768439679489969,3
0.8794837568366782,0.9135778113708044,0.03409405453412617,3
0.8257321012120893,0.9260502598534417,0.1003181586413524,3
0.8201387636157204,0.9039972061689145,0.08385844255319419,3
1.0334407442338804,0.9564299191468661,-0.07701082508701429,3
0.903756384247083,0.9986689471253714,0.09491256287828831,3
0.8536102814977587,1.0861545221302369,0.23254424063247814,3
0.7955822834462933,0.8089332497114462,0.013350966265152864,4
1.0122613803114502,0.9436684294568025,-0.06859295085464767,3
0.9558776878448487,1.0122521061960155,0.056374418351166744,3
0.8816090048402152,1.0775427761602487,0.19593377132003353,3
0.6037304676907773,0.9116256285919138,0.30789516090113644,3
1.0073308141701856,1.0484517507882145,0.04112093661802896,3
1.0830226264655396,1.0365505430418065,-0.0464720834237331,3
1.1064429610297144,1.0319583827877041,-0.07448457824201027,3
0.5074480352880879,0.8528886769199145,0.34544064163182664,3
0.8932891815419621,0.867282585589229,-0.026006595952733136,3
0.6664875404366758,1.0921878889392775,0.42570034850260174,3
0.8001469974878028,1.0069456929577691,0.20679869546996632,3
0.5611384211743873,1.1160555909306396,0.5549171697562523,3
0.9200414381796119,1.0314254878905447,0.11138404971093274,3
0.8516582566996602,0.9799882181598019,0.12832996146014164,3
0.9691914126715417,0.975323839966108,0.006132427294566312,3
0.6922371178009473,0.9684061159834694,0.27616899818252205,3
0.9260207413429148,0.9873380404201022,0.061317299077187415,3
0.5672064077877379,0.784280651651321,0.2170742438635831,3
0.8341167552283262,0.9386582642052378,0.10454150897691161,3
0.24946471570414863,0.5411811014244298,0.29171638572028114,3
0.7454483988986671,1.0761851142927923,0.3307367153941252,3
0.7324196213727698,0.9805403914720348,0.24812077009926492,3
0.4686432407305145,0.8735014226828782,0.4048581819523637,3
0.433816560550221,0.8118569783206177,0.37804041777039665,4
0.973426538478508,0.9558833376035519,-0.01754320087495609,3
0.7663514631830828,1.137844043747265,0.3714925805641822,3
0.879565583858764,1.0056947940835752,0.12612921022481116,3
1.0016620866675514,1.0370394533371974,0.03537736666964597,3
0.914622531684157,1.0089455532096974,0.0943230215255404,3
0.6157995880612805,0.9990584193914162,0.3832588313301356,3
0.9755885186956263,1.0772683880961371,0.10167986940051077,3
0.4167482377912117,1.0086547855379275,0.5919065477467158,3
0.22110484822898738,0.8680186381914142,0.6469137899624269,3
0.8085249308085054,1.0403027924461485,0.23177786163764313,3
0.40073047008742996,0.615474160833593,0.214743690746163,3
0.9513238428934669,1.0646892464446605,0.11336540355119351,3
0.939224483985606,0.9507298464694746,0.011505362483868575,3
0.9595074112742763,1.0360824151458474,0.07657500387157112,3
0.08111082445688574,0.24977113457107705,0.1686603101141913,3
0.9104400077503391,0.9422212879112589,0.031781280160919856,3
0.9847403954717805,1.0751123843774726,0.09037198890569209,3
0.6570246666935297,1.1756499259555167,0.518625259261987,3
0.7191241171891329,0.9562686918380324,0.2371445746488995,3
0.9843647666216742,1.039927774997966,0.05556300837629191,3
0.8759107933085523,1.033917965818767,0.15800717251021468,3
0.9574471754330349,1.0272241690011337,0.06977699356809874,3
0.7299351113202346,1.1170727833505913,0.38713767203035676,3
0.6561672494200376,0.8428920587035794,0.18672480928354185,3
0.8731246252852058,0.8376835781849259,-0.035441047100279954,3
1.0434231681885282,1.0222231747929127,-0.021199993395615513,3
0.903755033671844,1.084620087080109,0.1808650534082651,3
0.8208182875376715,1.0519572774400574,0.2311389899023859,5
0.29969961528790984,0.3760935283209437,0.07639391303303389,3
0.9173441816178345,1.0104460445852779,0.09310186296744338,3
0.9393346122394507,0.953332623951097,0.013998011711646274,3
0.8224505576199543,0.9623330949871282,0.13988253736717382,3
0.8795386272627546,1.0551561333412642,0.17561750607850968,3
0.9234786322943049,0.8291075847933597,-0.09437104750094527,3
0.14068009359252695,0.5049671549917699,0.36428706139924294,3
0.7994183647779869,1.0420290111154726,0.24261064633748575,3
0.906895765907585,1.0806324014993764,0.17373663559179142,3
0.9004066945718658,0.8202835607405661,-0.08012313383129976,3
0.8472519295308514,0.906265400772542,0.05901347124169065,3
0.8892294949809945,1.1020318549074715,0.212802359926477,3
1.0270239700048756,0.9685886915823639,-0.058435278422511616,3
0.5981765296908998,1.1345851531694886,0.5364086234785888,3
1.0594939119808502,0.8818059306259357,-0.17768798135491448,3
0.7939665679775005,1.0839934804750482,0.29002691249754764,3
0.7841811687408392,0.967302684516997,0.18312151577615776,3
0.7952674664617311,0.9646980541920672,0.16943058773033615,3
0.85043974230646,1.1290346993848686,0.27859495707840853,3
0.9508811155619195,1.0556889215098129,0.1048078059478934,3
0.7800095547769403,1.0954883122596732,0.3154787574827329,3
1.0488278037912584,1.0696277155058178,0.020799911714559416,3
0.7823986066918125,0.884187125873018,0.10178851918120546,3
0.9930904002169842,0.9591875561506068,-0.03390284406637745,3
0.8572898317227345,1.0211357187795107,0.16384588705677616,3
0.977843045095969,0.9328959492052024,-0.04494709589076662,3
0.8103053315173755,1.1128783426004834,0.30257301108310786,3
0.9307734434530135,1.0445754742869469,0.11380203083393337,3
0.9417057218111402,1.0065454457160106,0.06483972390487036,3
1.0442008689210382,1.0595026496899227,0.015301780768884443,3
0.9592099891539172,0.9878133722250428,0.028603383071125643,3
0.7996483143046174,1.0787503999154942,0.2791020856108768,3
0.7968472346688202,1.0002504508403016,0.20340321617148138,4
0.6768798555098586,0.6805516327023161,0.0036717771924574816,3
0.9307951630829597,1.0626883323421765,0.1318931692592168,3
0.7617787858100422,1.0038177705757338,0.24203898476569163,3
1.1366600779899412,1.0013618827455013,-0.13529819524443987,3
0.8801453801712793,0.9747850549315504,0.09463967476027113,3
0.09426141382763502,0.3041523645734667,0.2098909507458317,3
0.8913493125531192,0.9239655107006529,0.03261619814753369,3
1.0199461044934672,1.0223065769777324,0.002360472484265186,3
0.6321844892284116,1.0061283329564361,0.37394384372802447,3
0.7010203156097967,1.042309565652068,0.3412892500422713,3
0.3938805277080615,0.6591456303384247,0.2652651026303632,3
0.5662207442828963,0.7271694152782754,0.16094867099537913,3
1.1402081134633322,0.9980733518060371,-0.1421347616572951,3
1.0069227108796037,0.9047928866128954,-0.10212982426670836,3
0.715364997022385,0.8616921716779034,0.14632717465551837,3
0.9686483739755589,1.0042601380466518,0.0356117640710929,3
0.7665104902065242,1.1521178544102313,0.3856073642037071,3
0.9635590802129614,0.9724901798691826,0.008931099656221186,3
0.9032196392550642,0.9345762374848687,0.03135659822980452,3
0.8835899367423279,0.9176923764093352,0.03410243966700732,3
0.9131251934831237,1.1082170174185524,0.19509182393542868,3
0.9976472029823229,1.072689791156974,0.07504258817465104,3
0.8651115470764457,1.0410766030845546,0.17596505600810897,3
0.9897395492354588,1.0698602648195277,0.08012071558406886,3
0.7503294987492247,0.8411388722529076,0.0908093735036829,3
0.43279640656415885,0.7279424836782865,0.29514607711412766,3
0.9144633476758817,0.9798797988808291,0.06541645120494743,3
0.7567685039681769,0.9253255867698437,0.1685570828016668,3
0.9435504120554405,0.9904481911470194,0.046897779091578884,3
0.8629349241756039,1.021722724132648,0.15878779995704417,3
0.9204341345546402,1.03432940233581,0.11389526778116987,3
0.8498640436388802,1.093170040706045,0.24330599706716471,3
0.91381235581666,0.8497600105893796,-0.06405234522728043,3
0.8119646818729376,1.0599008314034735,0.2479361495305359,3
0.720995978260572,0.9400808630437292,0.21908488478315713,3
0.7524680739591257,0.9059563238808567,0.15348824992173093,3
0.8441896527590056,1.0385134698352778,0.19432381707627222,3
0.6070938483511282,0.9337610639669268,0.3266672156157986,3
0.918710106667693,1.0105806873316043,0.0918705806639113,3
0.9848188383710909,0.9700472661537692,-0.014771572217321616,3
0.6749679226315554,1.0332638717438,0.3582959491122447,3
0.6424451307449623,0.7954486408628663,0.15300351011790392,3
0.9765239672759445,1.0003622022846665,0.023838235008722064,4
0.796619259395882,1.02504664883512,0.22842738943923802,3
0.9169143171291931,0.9742563990349593,0.057342081905766173,3
0.7146452132820156,1.1583702865733998,0.4437250732913842,3
0.7387697807168939,1.0044144039740155,0.26564462325712157,3
1.0610616858831627,0.9867208670776279,-0.07434081880553489,3
0.971700128821013,0.9628172053912595,-0.008882923429753498,3
0.5833806579140615,0.859351291317049,0.27597063340298755,4
0.6939956643673705,1.1140541886673032,0.42005852429993273,3
1.0231991498170159,1.0159218578368345,-0.007277291980181344,3
0.7804450663054534,1.1039421183953955,0.32349705208994206,3
0.8157570950853178,1.016401114091158,0.20064401900584017,3
0.823997896483216,1.0381529725886929,0.2141550761054769,3
0.7937316626168078,1.026980049281071,0.23324838666426317,3
0.9897078194021453,1.004290721180574,0.014582901778428803,3
0.8387221585333671,1.0405473524225404,0.2018251938891733,3
0.7750379163932163,1.0780841962201697,0.3030462798269534,3
0.9172037654802366,0.9731213642217243,0.05591759874148772,3
1.0818091771467873,1.0093867798324214,-0.07242239731436584,3
0.7387384399030382,0.9834454073150556,0.24470696741201736,3
0.9066664541384803,1.080481207116947,0.1738147529784666,3
0.6519881486391845,0.7760844771368457,0.12409632849766117,3
0.6780806398192338,1.14251773629088,0.4644370964716462,3
0.6185031210658624,1.0229216341213123,0.40441851305544996,3
0.928151603742757,0.9727258526042035,0.044574248861446564,3
0.8458275487666043,0.9116437030831784,0.06581615431657417,3
0.8241474587339381,1.0494468204336636,0.22529936169972542,3
0.6562555950039979,0.8978480616418084,0.24159246663781053,3
0.766159990653886,1.0084426253048144,0.24228263465092847,3
0.9115557723370902,1.027510407770694,0.11595463543360385,3
0.8440815234262751,0.9429384621965309,0.09885693877025581,3
0.6561258698869105,0.8888913049030309,0.23276543501612046,3
0.9573989228889219,0.9743901032121018,0.016991180323179922,3
1.1231356761759934,1.017767242850529,-0.1053684333254643,3
0.6694116246166733,0.7646520266440736,0.09524040202740036,3
0.8883588278774068,1.06395895763811,0.17560012976070327,3
1.0136523572198692,0.9583568864528884,-0.055295470766980825,3
0.8781532646733188,1.0878159081299512,0.20966264345663244,3
0.9095149220593566,0.9545005316238487,0.04498560956449216,3
0.4291171510220208,1.0099631793886563,0.5808460283666355,3
0.2765779102337489,0.7529400580987009,0.476362147864952,4
0.3523677841778039,1.020079356720748,0.6677115725429441,3
0.8453006448734571,0.9840459285479335,0.13874528367447636,3
0.7074694910021917,0.7176500443619013,0.010180553359709577,4
0.862469908341734,0.9584317502914566,0.09596184194972257,3
0.7964046750785935,0.9682439233005514,0.17183924822195795,3
0.9299431534800515,1.0240804466289644,0.09413729314891284,3
0.8526485649364629,0.7927167331262799,-0.05993183181018302,3
0.9198616239974042,1.0372365433479984,0.11737491935059419,3
0.6252914139934694,1.0305962587560726,0.4053048447626032,3
0.8653867407166613,0.9547496337718746,0.08936289305521328,3
0.7892318198343086,0.9985516962553972,0.20931987642108862,3
1.0026292572512296,1.0027623874427278,0.0001331301914981875,3
0.46923649366157255,0.8339470351017161,0.36471054144014353,3
0.3836578752330353,0.8483577361720394,0.46469986093900406,3
0.9036456501756597,0.9953554330552947,0.09170978287963505,3
0.9451887605845166,1.0668504661098446,0.12166170552532796,3
0.8016893988902243,0.7409917656272178,-0.06069763326300648,3
0.47946086610373256,0.7700092919740352,0.29054842587030266,4
0.3728965607556691,0.49245543303052014,0.11955887227485101,4
1.0908916672519555,1.0430740659105655,-0.047817601341390015,3
0.6955096269919677,0.9955988806102988,0.30008925361833105,3
0.7650171884487778,1.0153292500149969,0.2503120615662191,3
1.0595478621385466,1.0185275663262818,-0.04102029581226474,3
0.6773177490910459,0.915779361160319,0.23846161206927308,3
1.016808428558104,0.9875652541814489,-0.029243174376655134,3
0.7872723273873066,0.891054441317461,0.10378211393015446,3
0.7305087971342805,0.8770747198353794,0.14656592270109892,3
1.0185018432658823,0.9884679690995843,-0.03003387416629799,3
0.7735078906239016,0.7234119057254023,-0.05009598489849931,3
0.5982328132487299,0.8510409488645666,0.2528081356158367,3
1.0071284400110025,0.979976670606846,-0.027151769404156534,3
0.8956780844968619,1.0335060193874763,0.1378279348906144,3
0.814394984897825,1.0082057558943869,0.19381077099656185,3
0.7915115946834063,1.0417730126744367,0.2502614179910304,3
0.9205485407046714,1.071154066058266,0.1506055253535945,3
0.9582446834028181,1.032771642093862,0.07452695869104387,3
0.5272049455779599,0.9669164841959839,0.4397115386180239,4
0.8864865434399742,1.0670999227570444,0.1806133793170701,3
0.7413085188787436,1.1112349729837796,0.369926454105036,3
1.0121087969132017,1.0290609797466872,0.01695218283348554,3
1.0702162409106752,0.9416584625511424,-0.12855777835953286,3
0.7333084802988121,0.8805001943507069,0.1471917140518948,3
1.0177825982145101,0.9822764075607219,-0.03550619065378824,3
0.9908809271969327,1.0793007817027236,0.08841985450579093,3
0.8412211911814038,1.0643324143541273,0.22311122317272347,3
0.7992405629896155,0.902589490348368,0.10334892735875245,3
1.0854718540803208,0.9471715090830253,-0.1383003449972955,3
0.777591359539579,1.0025676777291903,0.22497631818961128,3
0.7338408466078326,0.9980213006782208,0.26418045407038826,3
0.8076630039099169,0.9954788721324412,0.18781586822252438,3
0.9416237647647068,0.9853653410254456,0.043741576260738824,3
0.7505858421544034,0.9375488512970629,0.1869630091426595,3
0.846181631817007,0.7405859563562942,-0.1055956754607128,3
0.9351230600896453,1.0960723139747073,0.16094925388506198,3
0.4020795936436044,0.4038315197417373,0.0017519260981329055,3
0.799671746711941,1.1163619349282192,0.31669018821627826,3
0.7863806906466033,1.040680035808085,0.25429934516148167,3
0.799422766887302,1.088097727907579,0.288674961020277,3
0.29652130595023835,0.9712098920524235,0.6746885861021852,3
0.6773184583667641,0.9885084332596293,0.31118997489286526,3
1.0050537833448763,0.8941352406169096,-0.11091854272796664,3
0.8009253096684615,1.1476016394881394,0.3466763298196779,3
0.7415191325837178,1.1008737613167217,0.35935462873300383,3
0.7786518217934564,1.0594233694814956,0.28077154768803925,3
0.7828551106046929,1.0555756020441527,0.27272049143945976,3
0.9057746230833934,1.0408591027942893,0.13508447971089588,3
0.9090233757723943,1.01116486053044,0.10214148475804563,3
0.973890628129226,1.024179467447893,0.05028883931866701,3
0.9193610473505127,0.9798668526375017,0.06050580528698901,3
0.5983721424323925,1.132666736647592,0.5342945942151995,3
0.662795972162741,1.0390683498584363,0.3762723776956953,3
0.6588478260658411,1.1112640540035603,0.4524162279377192,3
0.9174202360983105,0.9436413201508934,0.026221084052582944,3
0.9791141029065162,0.83167992997773,-0.14743417292878624,3
0.9307176192744201,0.9563842792084725,0.02566665993405237,3
0.8473513368066085,1.0448971700760161,0.19754583326940767,3
0.745469213808605,0.8959305533064512,0.15046133949784624,3
0.829734486006267,1.021918909561273,0.1921844235550061,3
0.9402883487655904,0.9319249209224724,-0.008363427843118054,3
0.8413037524128234,0.952417410463276,0.11111365805045259,3
0.8885650658319246,1.022676872907584,0.13411180707565928,3
0.891584704639018,0.9134853783071671,0.021900673668149184,3
0.9149076237083382,1.0603081762200695,0.14540055251173123,3
0.9260598492153989,1.0056478220894485,0.07958797287404962,3
0.10076959887512509,0.3574528291163049,0.2566832302411798,3
1.0377374380678592,1.0270188465857846,-0.010718591482074658,3
0.9446470223572727,1.030683548657913,0.08603652630064018,3
0.7851909045358165,0.9959091850849917,0.21071828054917519,3
0.8006799620234543,1.0019577643895279,0.20127780236607362,3
0.49524233239851995,1.112763635651205,0.617521303252685,3
0.9338613993504498,1.0024568447399196,0.06859544538946982,4
0.8438795375866321,1.0377721446859052,0.19389260709927303,3
0.9786452639581367,1.0265815614685454,0.04793629751040873,3
0.6948302477906398,1.048017482981287,0.3531872351906471,5
0.9639030746146344,0.9855344017174248,0.021631327102790365,3
0.8763816574821756,1.0809354200579397,0.2045537625757642,3
0.8842509745679794,1.099308377451151,0.21505740288317154,3
1.051391181711132,0.9517895593435085,-0.0996016223676236,3
0.9729830199317118,0.9065227803096185,-0.06646023962209324,3
0.9174904819514644,1.0103185992937216,0.09282811734225715,3
0.830881855746805,1.0117788914840524,0.18089703573724747,3
0.9479330446976169,1.071000255188293,0.12306721049067604,3
0.7702218026400172,0.9980348723942208,0.22781306975420368,3
0.7262545697182939,0.9636696653835186,0.23741509566522467,4
1.0012809965223666,1.099626067216604,0.09834507069423748,3
0.8920121145920953,0.9002618282052138,0.008249713613118548,3
0.6565300987301803,0.9425465178433093,0.28601641911312903,3
0.48314122160444867,0.8639097947182552,0.3807685731138066,3
0.9372253814984367,0.9342382034638256,-0.0029871780346111265,3
0.8861620732983495,1.0652098040381135,0.179047730739764,3
0.88837525482791,1.103160186752978,0.21478493192506787,3
0.8768957793320672,1.0240520858848208,0.14715630655275358,3
1.0262836339151347,0.9796928456639963,-0.04659078825113838,3
0.6594977851793452,0.9350822066503899,0.27558442147104467,3
0.7262228907987005,0.8815141287419447,0.15529123794324418,3
0.10958419055484846,0.8338856662055727,0.7243014756507242,4
0.8902282344326109,1.0172907644067,0.12706252997408907,3
0.5430210173815357,1.0501354133507803,0.5071143959692446,3
0.9996027232671348,0.9657654717836532,-0.0338372514834816,3
0.9514295852739293,0.972723899750096,0.021294314476166698,4
1.0684873922538936,0.9956728017771155,-0.07281459047677807,3
0.7913647292191244,0.9553657246926175,0.16400099547349312,3
0.6509600997901119,1.0548095433643294,0.4038494435742175,3
0.637655910031652,1.1099003466994737,0.4722444366678217,3
0.8091667509098153,0.9510631969005973,0.141896445990782,3
0.7135577178008115,0.917206290329808,0.2036485725289966,3
0.23070851512176258,1.012382476108496,0.7816739609867335,3
0.7961072508365279,0.9038966151592425,0.10778936432271458,3
0.703650849796927,0.695516593748421,-0.008134256048506039,3
0.849521338619732,0.974734680784341,0.125213342164609,3
0.5595167440949383,0.7456857310361296,0.18616898694119122,3
0.6721134516662175,0.9690933406560548,0.2969798889898373,3
0.8503402135071303,1.0484149728095606,0.19807475930243035,3
1.014896435225379,1.059192342832114,0.04429590760673485,3
0.736454923629998,0.9923982537188213,0.2559433300888233,3
0.8544137286139873,1.0101012621185044,0.15568753350451703,3
0.8395772961371637,0.9765090848612653,0.1369317887241016,3
0.8116635763527806,1.1317272455348026,0.320063669182022,3
0.9388662794518452,1.0617009065024372,0.122834627050592,3
0.9502006152441566,0.9062946055031329,-0.043906009741023655,3
0.9990056851968117,0.9980959765565863,-0.0009097086402253263,3
0.7215738575067836,0.9401903096507152,0.21861645214393155,3
1.108671127202106,1.0044905666244497,-0.10418056057765623,3
0.643524621481063,1.0949652144723756,0.45144059299131256,3
0.7911702847737176,0.9692363037541056,0.17806601898038799,3
1.0011924000358785,1.0566774493212427,0.05548504928536424,3
1.1099050531455903,0.9912483373268877,-0.11865671581870263,3
1.0494768977622333,1.0637032712010703,0.014226373438837037,3
0.9301915821823925,1.0421419411724535,0.111950358990061,3
0.9915213455942046,1.1128681164077185,0.12134677081351397,3
0.5186118009023022,1.1721378326825127,0.6535260317802105,3
0.7930823833830924,0.9544253808560758,0.1613429974729833,3
0.7694573853101512,1.0014125091028285,0.23195512379267735,3
0.9446652952363505,0.9029909044317476,-0.04167439080460289,3
0.8029361904563959,0.9905768207879124,0.18764063033151657,3
0.46363652724416715,0.8081906506773432,0.34455412343317604,3
0.5423170457942108,0.7935315963665946,0.25121455057238384,3
0.7695355895252503,1.0394961735583839,0.2699605840331336,3
0.3699553488992673,1.0769365721612425,0.7069812232619752,3
0.23877818013504268,0.383725215773695,0.14494703563865233,3
0.8073253770990163,1.0657232717647913,0.258397894665775,3
0.6660905895026201,0.9310724873419931,0.264981897839373,3
0.8883599187708626,1.0817376684072069,0.19337774963634424,3
0.6110782367368868,0.9600936435536869,0.3490154068168001,5
0.8400613018316506,1.0431166873930189,0.20305538556136826,3
0.6006239914004778,0.8305270121915866,0.2299030207911088,3
0.7986939078297672,1.0458155625174772,0.24712165468770997,3
0.9621876207561569,0.973889472521688,0.011701851765531068,3
0.6087217241659143,0.9111883857722548,0.3024666616063405,3
0.6172695665063228,0.8127594876490981,0.1954899211427753,3
0.9060556177816017,0.9206331585289845,0.014577540747382822,3
0.8607786761854049,0.8800467635904482,0.019268087405043266,3
0.8099937330265115,1.062666845260802,0.25267311223429045,3
0.9735057586819951,0.9528813108327097,-0.02062444784928541,3
0.8709907311989831,1.0332872380382536,0.16229650683927055,3
0.7610249334007287,1.0196165909343262,0.2585916575335975,3
0.9705856300222139,1.0392629973643341,0.06867736734212027,3
0.911912331154553,1.0254930314271042,0.1135807002725513,3
0.9585401328254959,0.8980011662991378,-0.06053896652635804,3
0.7532403559373255,1.062527472177031,0.3092871162397055,3
0.8662194941337358,0.9996803809121142,0.13346088677837842,3
0.9761335951309993,0.9518829094605545,-0.02425068567044475,3
0.5389973759489636,0.9801432989611237,0.44114592301216016,3
0.5604866656361329,1.0296252728255129,0.46913860718937994,3
0.9244624835674391,1.0191652322989062,0.09470274873146711,3
0.7963648363447832,0.8824267502526588,0.08606191390787565,3
0.5882775026520348,1.0562465192852117,0.4679690166331769,3
0.5637573030813264,0.8592494508905714,0.29549214780924493,3
0.8298011411501744,1.041555870808719,0.21175472965854447,3
0.8511771031730638,0.9575930458009901,0.10641594262792631,3
0.6896560112946816,0.8534634192566447,0.16380740796196314,3
0.8888839700636005,0.9517751067107594,0.06289113664715884,3
0.861298781533312,1.0848238954949716,0.22352511396165964,3
0.29719647054527504,0.663768372243461,0.36657190169818593,4
0.9468031500711416,1.122857804697454,0.17605465462631242,3
1.0844380173683867,1.0090964485516616,-0.07534156881672516,3
0.9752115831476379,0.9319076336484484,-0.043303949499189476,3
0.8706057216367542,0.927274494300776,0.056668772664021816,3
1.0373102350484982,1.0516143194954688,0.014304084446970622,3
1.058175661114874,1.0009163687762983,-0.05725929233857574,3
0.9490893022097274,1.0035656531600603,0.054476350950332875,3
0.77166922029691,1.1563052394563593,0.38463601915944934,3
1.0429215655189716,0.9501545644549104,-0.09276700106406122,3
0.7328478113097159,0.8606132706819507,0.12776545937223482,3
0.20768992523184662,0.5235202083441783,0.31583028311233174,3
0.8447129938728892,0.9025408027290949,0.05782780885620564,3
0.7410816027052576,0.9472018203796629,0.20612021767440536,3
0.14822798295693762,0.35905986988120253,0.2108318869242649,3
0.663432872255867,1.21052576870748,0.547092896451613,3
0.906112934026626,1.0146203793259232,0.10850744529929723,3
0.9641957646340561,0.952160874923524,-0.012034889710532126,3
0.8348609783254416,0.9912258495994404,0.15636487127399878,3
0.6463720298398746,1.0337155837592589,0.38734355391938424,3
0.8826315725131351,1.026544635350312,0.14391306283717697,3
0.9821804360017937,1.069444857332111,0.0872644213303172,3
0.6909817330563973,1.0571036724097138,0.3661219393533165,4
0.767379755429583,1.0617837284863993,0.2944039730568163,3
0.9492459257463073,0.9390426208478821,-0.010203304898425136,3
0.670904754369795,1.0398177869215868,0.36891303255179175,3
0.7865068891515667,0.954024843207268,0.16751795405570125,3
0.7401864548032087,1.1363251722865084,0.39613871748329976,3
0.827844889745132,1.0846547533756687,0.2568098636305367,3
0.838679072115626,0.9278773247434322,0.08919825262780623,3
0.7109003767906592,0.795684033059174,0.0847836562685148,3
0.4052518078176302,0.8847938978872967,0.47954209006966647,3
0.6335262390377681,1.1413607174813247,0.5078344784435567,3
0.7404276326304022,1.0421333429809114,0.3017057103505092,3
0.7378118908162308,0.9996954650805175,0.26188357426428677,3
0.9284072417094993,1.0617435770526615,0.13333633534316225,3
0.7770548976367274,0.8781525852563599,0.10109768761963245,3
0.7239478345641708,0.8425404394485441,0.11859260488437329,3
0.7967752740245928,0.924008515754441,0.12723324172984818,3
0.8732787057433627,1.0393717684109551,0.16609306266759238,3
0.6570251677214278,0.8635416202159959,0.20651645249456807,3
0.7497609180551762,0.9674224824427909,0.21766156438761475,3
0.6827680695128167,0.921900252737072,0.23913218322425533,3
0.74730553926008,0.7817883382602449,0.03448279900016482,3
0.8505219661287983,1.0162361593158602,0.16571419318706193,3
1.0020672343573775,0.8834866523149325,-0.11858058204244504,3
1.060743530629333,1.002772256860146,-0.05797127376918687,3
0.7114295164197886,0.6837664676674522,-0.027663048752336383,3
0.6757348035277628,0.7997890850380627,0.12405428151029985,3
0.9384614396962624,1.0743125556960178,0.1358511159997554,3
0.7944904929193144,0.9094701551116637,0.11497966219234934,3
0.638281172683578,0.9042509290004856,0.26596975631690767,4
0.8522303284056909,1.0153935691701381,0.16316324076444721,3
0.7907526727465639,1.0208946960130103,0.2301420232664464,3
0.9867011510137514,1.0794989519458542,0.09279780093210277,3
0.9060707717554403,1.090813854462425,0.1847430827069848,3
0.8621971535032591,1.0298809296723397,0.1676837761690806,3
0.6277011541879044,0.9418335764447723,0.3141324222568679,3
0.6608692448410264,1.0421678752341406,0.3812986303931142,3
0.6062147304412017,0.655390520259572,0.04917578981837034,3
0.7317117170603568,1.1070080162711542,0.37529629921079743,3
0.7656980457156308,0.9716447260983895,0.20594668038275865,3
0.3294638883079046,0.593282347610944,0.26381845930303943,3
0.618998976039445,0.8575812385091242,0.23858226246967917,3
0.9302321684027686,1.067423911996195,0.13719174359342645,3
0.5539167176179419,1.183812671822801,0.6298959542048591,3
0.530596475499541,0.9140981064694885,0.3835016309699475,3
1.0215304915774779,0.9930168689909064,-0.02851362258657153,3
1.1025462329420848,1.0074362893530164,-0.09510994358906832,5
0.7010248827118525,0.9752049879043243,0.2741801051924718,3
0.8187935408684031,0.966752123545052,0.14795858267664896,3
0.7345407200462126,0.8706229949985659,0.13608227495235325,3
0.7996055697878115,0.9963454878477844,0.19673991805997293,5
0.9603542218977348,0.8782304013907523,-0.08212382050698253,3
0.8778780186667068,1.0948457403635268,0.21696772169682,3
0.8018749608228191,1.0102050069245394,0.20833004610172035,3
0.2908345991774375,0.8848422469645718,0.5940076477871343,4
0.7886337162722958,0.8615387641770538,0.07290504790475794,3
0.8978288791674331,1.014917506419759,0.11708862725232594,3
0.6727540591012261,0.8568977806328393,0.18414372153161318,3
0.6110589572282079,1.0404358401245506,0.4293768828963427,3
0.810617613527991,1.0593232482632402,0.2487056347352492,3
0.7274414501193669,0.9723908115666278,0.24494936144726087,3
0.528253728856619,0.7901923528882613,0.26193862403164225,3
0.9711970462600457,1.0292181759424932,0.05802112968244755,3
0.7130157326083806,1.180351459687916,0.4673357270795355,3
0.2148450534370734,0.44302385248705517,0.22817879904998176,3
0.9166930399487763,0.9921056025305195,0.07541256258174323,3
0.8182301024614407,0.9753114239838391,0.1570813215223984,3
0.8683252636744105,0.898051914233594,0.029726650559183443,3
0.9017010801603771,1.01910653884266,0.1174054586822828,3
0.799492959494035,1.0241565368628063,0.2246635773687713,3
0.8938217328124825,1.0442978708829807,0.1504761380704982,3
0.7447583132067153,0.9506803283769598,0.20592201517024455,3
0.8342730870033901,1.0579156645390548,0.22364257753566474,3
0.9254128051927727,0.8883860516988742,-0.0370267534938985,3
0.9550959371180817,1.080080706197744,0.12498476907966227,3
0.8991484656813241,0.9219752208864274,0.022826755205103244,3
0.972370208379395,1.0629436923093887,0.09057348392999365,3
0.4787567159366623,0.932282338681083,0.4535256227444207,3
0.6333803883029558,0.9932446814094306,0.3598642931064747,3
0.9935155201700234,0.9843666019236167,-0.009148918246406734,3
0.7122536698997832,0.9726485491307816,0.26039487923099836,3
0.8707166208631512,0.9606794416991276,0.0899628208359764,3
0.9174895958265845,1.0721617429980672,0.1546721471714827,3
0.15622652880845364,0.5704456401928228,0.4142191113843692,4
0.6181271639558173,0.9843937572841639,0.36626659332834655,3
0.8145449654858482,1.0765290355803958,0.2619840700945476,3
0.6495465676555334,1.1248006413522558,0.47525407369672235,3
1.0900340008195135,0.9291571077211328,-0.1608768930983807,3
0.7582932829401299,0.9571967605283398,0.19890347758820992,3
0.5077957865999377,1.1620418911777817,0.6542461045778439,3
0.8116943140489696,0.9718917937818095,0.16019747973283982,3
0.08531522680061605,1.210477842951862,1.1251626161512458,3
0.821005920259883,1.0717597013241722,0.25075378106428925,3
0.9573444959622917,1.060647625260566,0.10330312929827445,3
0.5277819246299174,0.8486336100872979,0.3208516854573805,3
0.9343924803383423,0.9536308070257553,0.019238326687412988,3
1.0211960989009925,0.9201245413160256,-0.10107155758496689,3
0.8128135303119786,0.8534401948321475,0.04062666452016894,3
0.9240284483395117,0.904857212252662,-0.019171236086849675,3
0.8707148451813593,0.9299126962026001,0.059197851021240755,3
0.7768654072717524,0.9053654627238501,0.12850005545209775,3
1.0143763922138993,0.933068842057093,-0.08130755015680635,3
0.9137907642383962,1.12995262211281,0.21616185787441378,3
1.0533402443102287,0.9499377842837932,-0.1034024600264355,3
0.5147436845239514,0.9550547299740811,0.4403110454501298,3
0.6043913584039554,1.0873669619786803,0.4829756035747249,3
0.9994257426107566,1.067461575095289,0.06803583248453238,3
0.864605930732532,1.165324843287689,0.30071891255515704,3
0.6813855720218255,1.0092217683833313,0.32783619636150585,3
0.8742570165109642,1.0506611234392316,0.17640410692826736,3
1.003996432031304,1.07511088271641,0.07111445068510602,3
0.7400088764898196,1.14350662089103,0.40349774440121045,3
0.6037235828556752,1.0275886098235754,0.4238650269679002,3
0.9493717937006865,0.9969044006876937,0.04753260698700723,3
0.8974014251672959,0.8861776692155218,-0.011223755951774161,3
0.49551568890975356,1.1169007103719495,0.6213850214621959,3
1.0509675667120364,1.034113527826021,-0.016854038886015443,3
0.5355895121799689,0.681743923307999,0.14615441112803018,3
0.8291169540741142,0.8260697898095914,-0.0030471642645227837,3
0.9273520969829935,1.0554756623700547,0.12812356538706127,3
0.9185040659550411,1.0448721841601092,0.1263681182050681,3
0.9996075446308095,0.971617292691556,-0.02799025193925353,3
0.9773415062221995,1.0264143152209286,0.04907280899872912,3
0.7489678276656504,1.1270707837893201,0.37810295612366973,3
0.6555626058034728,0.9924710798732885,0.3369084740698157,3
0.8623094991936966,1.0974634476001905,0.23515394840649395,3
0.4427727462548657,1.0101251507449416,0.567352404490076,3
0.7065202252145684,0.9868469975279215,0.2803267723133531,3
1.03878574891292,1.0356765225353886,-0.0031092263775314155,3
0.6950301232082655,1.1507022949468115,0.455672171738546,3
0.585344970188098,0.8150147598857529,0.22966978969765495,3
0.9637810147209213,1.047673644336501,0.08389262961557964,3
0.8382061960199854,0.9677394780131945,0.12953328199320913,3
0.7980764263460334,0.8848475356913188,0.08677110934528542,3
0.7436138853015628,0.7636467152451177,0.02003282994355493,3
0.5403217348129492,0.660351483023864,0.12002974821091483,3
0.7379674848051448,1.0002649761960625,0.2622974913909176,3
0.8698332142378798,1.085090763688096,0.21525754945021613,3
0.9687830516261502,1.0433389112860754,0.07455585965992517,3
1.1086603280592389,0.9402668054281662,-0.16839352263107266,3
0.5153425792625758,0.8657816130346426,0.35043903377206687,3
0.6173132807805476,1.0107580059194037,0.3934447251388561,4
0.3767536154657078,0.8722373071688522,0.4954836917031444,3
0.742200354275497,0.9806814013911384,0.23848104711564133,3
0.4846628345285883,1.1781851406007855,0.6935223060721971,3
0.8547448317310298,1.0893100758588519,0.2345652441278221,3
0.7975465835275163,1.157892375705933,0.36034579217841667,3
1.054048945660488,0.8736892761113356,-0.1803596695491524,3
0.9363653499598394,0.8372236989558377,-0.09914165100400174,3
0.7459613482545001,1.0846258722862638,0.3386645240317637,3
1.0254118328535078,1.0823527767774523,0.056940943923944554,3
0.9755602210110585,1.004130789262176,0.02857056825111748,3
0.8207045191052919,0.9442213330980526,0.12351681399276071,3
0.8557436240015462,0.9896525617012903,0.1339089376997441,3
0.9666428203958248,1.0989669728775344,0.1323241524817096,3
0.9202960537691681,1.0025483273486355,0.0822522735794674,3
0.845041003354631,1.1045542605526963,0.2595132571980654,3
0.9054628492564983,1.042280240012703,0.13681739075620458,3
0.8604826324221977,1.0094869482103572,0.14900431578815954,3
0.8439720687326028,0.8238444902926731,-0.020127578439929628,3
1.1118395927448737,0.9098761534497081,-0.20196343929516558,3
0.984130861232569,0.9883353546924981,0.004204493459929126,3
0.9360585394697363,0.9762514184207518,0.04019287895101553,3
0.8022478268633693,1.0296931096306667,0.22744528276729747,3
0.8956455852478361,0.9943985424922502,0.09875295724441413,3
0.7533389058278728,0.7237600566592601,-0.029578849168612642,3
0.7616479133423381,0.8126364815924516,0.05098856825011355,3
0.9432818975384774,0.9181582826250597,-0.025123614913417636,3
0.9470052557275348,0.9036153427392752,-0.04338991298825956,3
0.9635158326223652,1.0682321288018803,0.10471629617951517,3
0.8567588420700112,1.0809570964809887,0.22419825441097752,3
1.0503127040828,1.0188621812283345,-0.03145052285446548,3
0.7485830190788013,0.828346754975855,0.07976373589705366,3
0.6464465196074649,1.047464459649852,0.401017940042387,3
0.9199895340067934,1.0406354370310447,0.12064590302425127,3
0.6183855830911488,0.9328225778392675,0.3144369947481187,3
0.9639842497748183,1.0857997395447068,0.12181548976988843,3
0.5438033088650484,1.0906314806648194,0.5468281717997711,3
0.23149298206971544,1.0243571628033024,0.7928641807335869,3
1.0348720776588145,1.0540345771819302,0.01916249952311566,3
0.9496514719191621,1.000423978816394,0.050772506897231895,3
0.9560778671245231,0.9838972190641029,0.02781935193957974,3
0.9349706297382511,1.0123719251983831,0.07740129546013208,3
0.8918004827444659,1.0038228216487666,0.11202233890430069,3
1.0212496473870818,0.9870423320471933,-0.03420731533988852,3
0.7568828307623416,1.0499477556929864,0.29306492493064473,3
0.827385733812786,0.9147627004853132,0.08737696667252715,3
0.4988446031617004,0.8857144769780844,0.386869873816384,3
1.0419691668531346,1.0183474524066667,-0.02362171444646788,3
0.6371416988413237,1.001606502254453,0.36446480341312926,3
0.2552144307478896,0.3852165051472782,0.1300020743993886,3
1.0447993349427778,1.0275328236189718,-0.017266511323805966,3
0.7120405292503215,0.6496783467986208,-0.062362182451700665,3
0.7362516809297603,0.9561821374435914,0.21993045651383103,3
1.034305933759103,1.07297522825479,0.03866929449568701,3
0.4401926027359085,0.7502544436373477,0.31006184090143923,4
0.6038382856892363,1.1306427192753394,0.5268044335861032,3
0.44013133522765585,0.5715077418763318,0.13137640664867595,3
1.0804804943303994,1.0154649688866386,-0.06501552544376077,3
1.1144164445298286,0.9364113498456247,-0.1780050946842039,3
1.0358507913681694,1.0016235946757555,-0.03422719669241392,3
0.6121550185574275,1.1631639212275764,0.5510089026701489,3
0.8693456052793574,1.0378363425053698,0.16849073722601238,3
1.0833802376565058,0.9606526817731662,-0.12272755588333961,3
0.8022638207609749,1.0529191499051758,0.25065532914420086,3
1.0942539709284764,1.0180773825433769,-0.07617658838509955,3
0.5877260176905363,0.8315780255627712,0.24385200787223482,3
0.39349274084961877,1.114338286065436,0.7208455452158173,3
0.8000593583595812,0.8943908042142319,0.0943314458546507,3
0.9150931917688687,1.1121177591026041,0.1970245673337354,3
0.8261111178140732,1.0684505865326066,0.2423394687185334,3
0.6975562043548104,1.1007754214206564,0.40321921706584607,3
0.8858945981791545,1.0194608702062191,0.13356627202706461,3
0.8630742503531206,1.0844695572907794,0.22139530693765885,3
0.4556367483517773,0.9594785727838261,0.5038418244320488,3
0.8877563427474393,1.0985106858745892,0.2107543431271499,3
0.7904635389929137,0.8091730210390057,0.01870948204609202,3
0.7223828676442398,0.9486548755613391,0.22627200791709934,3
0.8575253050767891,0.9403775183484421,0.08285221327165293,3
0.8157057879397454,0.8846849221784809,0.06897913423873558,3
0.9285692975685229,0.9570787451635328,0.02850944759500984,3
0.7115209581291911,0.9361345202819986,0.22461356215280748,3
0.7171547124201054,0.9299689373370968,0.21281422491699142,3
0.8846127800840283,1.0058340842270215,0.12122130414299315,3
0.7991465516588496,1.0509889180173428,0.2518423663584932,3
0.7620279616112935,1.1321360574431198,0.37010809583182636,3
0.9035917376182926,0.9670441161025766,0.06345237848428398,3
0.4033677813365203,0.8584813896698298,0.4551136083333095,3
1.0093806478426204,1.029628879892379,0.020248232049758563,3
0.9174300547805784,0.8986728151463289,-0.018757239634249467,3
0.9991346399941987,1.0239833642629443,0.024848724268745626,3
0.65153796952609,0.8678264060118278,0.2162884364857378,3
0.34741209505578097,0.9342021685589461,0.5867900735031651,4
0.4663965594121442,0.639456300029921,0.17305974061777685,3
0.8508499846276824,0.8886356669366066,0.03778568230892421,3
0.9158485246298891,0.9252965308436465,0.00944800621375741,3
0.8270087929520422,0.9292294776253764,0.10222068467333423,3
0.9402797029131026,1.125247455093548,0.18496775218044548,3
0.8030423903646353,0.9819717255439662,0.17892933517933085,3
0.8537644567543776,0.8950227118688264,0.041258255114448805,3
0.6186247635535639,0.9717875520874505,0.3531627885338866,3
0.8892173765371644,1.0908748446859207,0.2016574681487563,3
0.7809398122935395,1.0987368233494015,0.317797011055862,3
0.8760350347220616,1.075356205232416,0.19932117051035436,3
0.9335816613510689,0.9248146037713895,-0.008767057579679438,3
0.9762811668744967,1.0044763826582936,0.028195215783796912,3
0.8275630729284515,0.9843874138065534,0.15682434087810182,3
0.5156956371494026,0.944266802167288,0.4285711650178854,3
0.861626081880903,1.045909913245264,0.1842838313643611,3
0.9096162694612787,0.9500405793058878,0.040424309844609096,3
0.8806212228116453,0.9927109394573634,0.1120897166457181,3
0.42091961336240186,0.9019077837467236,0.4809881703843218,3
0.8181393471524397,1.0443242972959048,0.22618495014346507,3
0.8805844226804483,1.0237592368858286,0.14317481420538025,3
0.6598965425353641,1.0265363293963854,0.3666397868610213,3
0.9642112264364235,0.8760514876624574,-0.0881597387739661,3
0.6751095695453567,0.8013438722449818,0.1262343026996251,3
0.5496115765357157,0.8623530727277114,0.31274149619199576,3
0.8306044518802673,1.140361027228401,0.3097565753481337,3
0.9982379542084808,1.0692212989749685,0.07098334476648771,3
0.807018846989586,1.0706271676199317,0.26360832063034567,3
0.7091753592364267,1.0026000374696462,0.2934246782332195,3
0.4884092761937437,0.7320077574537877,0.24359848126004396,3
0.49737038770257597,0.7426109102847822,0.24524052258220624,3
1.0816027062519948,1.015856856807584,-0.06574584944441075,3
0.6302637634849203,0.7715997982718985,0.1413360347869782,3
0.8172677885904727,1.0783430486042338,0.26107526001376113,3
0.28745595583843275,0.7164008472708919,0.4289448914324592,3
0.7311179633777513,0.8745481881046645,0.14343022472691325,3
0.5972642679097299,1.075843176947213,0.4785789090374831,3
0.6794574278932208,0.826412459985853,0.14695503209263217,3
0.542460316494878,1.007288153848812,0.46482783735393407,3
0.44000827777436013,0.7323778366423487,0.29236955886798854,3
0.7804336343877656,1.0281404066527038,0.2477067722649382,3
0.9250378120166635,1.0164742686269577,0.0914364566102942,3
0.8275594299374779,1.0484532482854578,0.22089381834797994,3
0.6989111367124312,0.9739948714784854,0.2750837347660542,3
0.7050415485594665,1.1263598394319072,0.42131829087244066,3
1.0625911093686284,0.9076126805513972,-0.15497842881723123,3
1.0015086990691744,1.0101526501681741,0.008643951098999736,3
0.15560523808159216,0.7957454623096696,0.6401402242280774,4
0.9920625567619924,1.062597001132312,0.07053444437031964,3
0.6330679273449741,0.9575697102438562,0.3245017828988821,3
0.8977421092138003,1.0275835421920263,0.12984143297822603,3
0.6981150787073507,0.6408566944535261,-0.05725838425382457,3
0.7568978818547895,1.1009160558740196,0.3440181740192302,3
0.6428135474602968,0.935130812411218,0.29231726495092114,3
0.7823878876276527,1.1052578704397789,0.3228699828121262,3
0.5406715848011932,1.03739364396586,0.49672205916466683,3
0.8449118640539703,1.0811563147560412,0.2362444507020709,3
0.9131250010180322,0.9370828806512232,0.02395787963319107,3
0.8655228132970281,0.9574052924872098,0.09188247919018178,3
0.5113011235445735,1.0341958025782885,0.522894679033715,3
0.5017998580942522,0.930486398830966,0.42868654073671375,3
0.8971525233702954,1.006586049072667,0.10943352570237164,3
1.0770751568843124,0.9553649988436932,-0.12171015804061924,3
0.9759003257723609,1.025297766712709,0.04939744094034815,3
0.9617896440012457,1.0098047765341382,0.04801513253289258,3
1.004891969531434,1.001144390848432,-0.0037475786830019064,3
0.8799136858499641,1.0130814395072676,0.1331677536573035,3
0.8433657379232505,1.0037513576503445,0.16038561972709398,3
0.514188432657835,1.0138183064724546,0.49962987381461965,3
0.9227578702941165,0.9521261074579991,0.029368237163882593,3
0.5999682197459049,1.1578190736091458,0.557850853863241,3
0.9308476400020733,1.08058221733111,0.1497345773290366,3
0.8200825625891897,0.9261809025601343,0.10609833997094464,3
0.7373872810803158,1.0690450706228358,0.33165778954252,3
0.8055466090203716,1.0750181858833323,0.26947157686296075,3
0.7557184640296483,0.9673014339809857,0.2115829699513374,3
0.6504578804374428,0.8575890672573712,0.20713118681992837,3
0.9515790189797848,1.0006328655474572,0.04905384656767242,3
1.0845053249101988,0.9641733766755879,-0.12033194823461091,3
0.8521295101474545,0.970584398485559,0.11845488833810447,4
0.9851326486433182,0.981315401484979,-0.0038172471583391987,3
1.0316014765457475,1.0230203458731264,-0.008581130672621118,3
0.9164068211396931,0.9976124777416135,0.08120565660192047,4
0.7261419407933032,1.1208834960687084,0.3947415552754052,3
0.9711464142636326,1.0099557723270458,0.038809358063413235,3
0.9546830808020722,1.0394657067775177,0.0847826259754455,3
0.6010420485745502,0.9904653325942905,0.38942328401974025,3
0.810449332770441,1.0781274958081508,0.26767816303770986,3
0.8633118815961417,1.0937470457541105,0.23043516415796883,3
0.5557239477326692,0.8424199891823516,0.2866960414496824,3
0.9079465413088583,0.9757718120278517,0.06782527071899336,3
0.6267648996363846,0.8451670883046987,0.21840218866831407,3
0.8867968637606293,0.9635514376188921,0.07675457385826279,3
0.8158437622644477,0.9898271770940006,0.17398341482955293,3
0.8823697689913588,1.1224478270921796,0.24007805810082083,3
1.0718749706535484,0.9983637169221623,-0.07351125373138612,3
0.7793708723715291,0.9297485449563133,0.15037767258478418,3
0.9121583994457507,1.0505988332750111,0.1384404338292604,3
0.7221190044448507,1.0167878341686172,0.2946688297237665,3
0.8997269788914272,1.033326800312776,0.13359982142134885,3
0.5399039625557542,0.7480012204079449,0.2080972578521907,3
0.9871134609251309,0.9234641272775576,-0.0636493336475733,3
0.7719691697040388,1.0379389409693776,0.2659697712653387,3
0.7289427377505698,0.8355030034658513,0.10656026571528143,3
0.958168677332432,1.054429953790223,0.09626127645779103,3
0.6157389302787676,1.145182225285692,0.5294432950069244,3
1.0585213841485759,1.037255023785367,-0.021266360363208836,3
0.8598644978607778,0.9867337682743793,0.12686927041360152,3
0.7714654500807692,1.1039714324598409,0.3325059823790717,3
0.756372776878193,1.073503227853989,0.31713045097579606,3
0.9874505778607082,1.0272487927622191,0.03979821490151092,3
0.7899149988633906,0.8290677150726539,0.039152716209263305,3
1.003141843772488,0.9944147024426888,-0.008727141329799126,3
0.4942260912693934,0.5667568517970415,0.07253076052764812,3
0.36420944165141167,0.8475856125469389,0.4833761708955272,3
0.8792171874830328,1.0275581867277495,0.14834099924471666,3
0.7676403113051261,0.9166291814520662,0.14898887014694007,3
0.9124613325648125,1.1112067572565705,0.19874542469175793,3
0.7160818149908603,0.7365225142456946,0.02044069925483427,3
1.0827570290611603,0.9872048916011955,-0.09555213745996483,3
0.8648337723848912,1.0046965014688853,0.1398627290839941,3
0.7356274493821635,0.9692215332868109,0.23359408390464742,3
0.9773989224490447,1.0259671719387846,0.04856824948973992,3
0.8129225659498388,1.050113095442683,0.23719052949284414,3
0.7744154381683519,0.950813252735843,0.17639781456749115,3
0.9946731156157549,1.0358750654120568,0.04120194979630187,3
0.8990556703391824,1.0868430185486733,0.18778734820949083,3
0.8823923643473387,0.9527445239171085,0.07035215956976981,3
0.5622127780174583,0.7951583856632594,0.23294560764580108,3
0.15944040729104972,0.3410923968795778,0.1816519895885281,3
0.7131264569329334,0.9734234773344073,0.26029702040147384,3
0.789351228969875,0.9367455607082936,0.14739433173841865,3
0.9030897416261142,0.994989536738389,0.09189979511227475,3
0.8914524176648935,1.068205446132992,0.17675302846809848,3
0.8350782806564225,1.0462668043833663,0.21118852372694374,3
0.703814174997293,0.7878321020558237,0.08401792705853062,3
0.7750929118391232,0.9149964560200612,0.13990354418093798,3
0.9396190450584787,1.0830115722259324,0.14339252716745365,3
0.6386758439704886,1.1057752593871863,0.46709941541669775,3
0.7082629973160507,1.1152672344784504,0.40700423716239975,3
0.6077718624117888,1.0998607433593968,0.49208888094760794,3
0.5930840809073727,1.0987339355595636,0.5056498546521908,3
0.9120667879429064,1.0892468321480657,0.17718004420515931,3
0.8167549414143165,0.8991297653315067,0.0823748239171902,3
0.958855130730251,1.0299927563444502,0.07113762561419923,3
0.8550813820986587,1.055462194633033,0.20038081253437423,3
0.6899797193148346,1.1189133849316142,0.4289336656167796,3
0.9187307873865023,0.8439969467745208,-0.07473384061198152,3
0.6387327174439892,0.8890312040686956,0.25029848662470644,3
0.8396811087795654,0.7832110903699644,-0.056470018409600975,3
0.722157185809222,0.8534019346857603,0.13124474887653836,5
0.6244062979769824,0.6871683566108853,0.06276205863390283,3
0.843544519944299,1.0701839415586805,0.22663942161438144,3
0.550859345539157,1.1024539229163122,0.5515945773771551,3
0.8779433753372328,0.9319820532532087,0.05403867791597594,3
0.8913502096978447,1.0039730145620227,0.11262280486417797,3
1.0321005231782543,1.0443333239390682,0.0122328007608139,3
0.7855157840844109,0.8190014040772369,0.033485619992825955,3
0.6479054410036083,1.0336506355440238,0.38574519454041556,3
1.0300446294224601,0.9512714535471061,-0.07877317587535404,3
0.7438839117762104,0.8949302315963473,0.15104631982013694,3
0.9724650161822059,1.0236090413996368,0.05114402521743089,3
0.9836844839269687,0.987891085374538,0.004206601447569236,3
0.5290556362272281,0.904345676315194,0.37529004008796596,3
0.5785384486064249,0.9771577607077263,0.3986193121013014,3
0.7249686306537735,0.8329056427097884,0.10793701205601491,3
1.0117353923048764,0.9502342951022815,-0.06150109720259489,3
0.9578202148785038,1.0091752047323637,0.05135498985385989,3
0.6652153578001847,1.0786788515252785,0.41346349372509383,3
0.717753841315254,0.7204834228100472,0.0027295814947931873,3
0.610445583443043,1.0909052151711787,0.48045963172813566,3
0.7870124958562442,0.9010195658823875,0.1140070700261433,3
0.8015847721806539,1.1013148190425035,0.29973004686184956,3
0.8452386165960839,1.10286613386883,0.257627517272746,3
0.7660473708860505,0.8578739351102213,0.09182656422417079,3
0.7906645917021295,0.9585738400603221,0.16790924835819254,3
0.8792447195544805,0.8708962852189381,-0.008348434335542332,5
0.9490594885823613,0.9557300167822124,0.0066705281998510335,3
0.902760201229309,0.9709124051548074,0.06815220392549837,3
0.8805374288417466,0.8822966695932509,0.001759240751504354,3
1.0666497809243718,0.9814010026782368,-0.08524877824613497,3
0.8167630609247227,0.9228243227003838,0.10606126177566111,3
0.4482082500911517,1.1044308403045486,0.6562225902133969,3
0.8019406358911942,0.9483964862811634,0.1464558503899691,3
0.6449731685549098,0.9412677428086053,0.29629457425369543,3
0.7309611041191552,0.8942143429057904,0.16325323878663522,3
0.7376475242166256,0.9177413467194656,0.18009382250284,3
0.6921848821194477,0.9082761119610243,0.21609122984157658,3
0.4509617864690807,0.8480788614603435,0.3971170749912628,3
0.8654861556564772,1.055346183275846,0.1898600276193687,3
0.8571434618299563,1.0766079138924993,0.21946445206254306,3
0.4454409029097341,0.6054329878748351,0.15999208496510103,4
0.7522174804990592,0.8748989995861748,0.12268151908711555,3
0.9241449220048512,0.9508279012439242,0.026682979239073035,3
0.8695248793451855,1.0092076362079576,0.1396827568627721,3
0.9060187622945208,1.0363624174521806,0.13034365515765978,3
0.7501771557805432,0.8941929657536909,0.14401580997314767,3
0.6710343144621418,1.153837663448303,0.4828033489861612,3
1.0793269051581,0.9753020140604265,-0.10402489109767354,3
0.891427691086215,1.0046217462945426,0.11319405520832759,3
0.8879412608725739,1.017145034916734,0.12920377404416006,3
1.0554086145579833,1.029500889528607,-0.025907725029376216,3
0.9625904694869568,0.9241047068034698,-0.038485762683487024,3
0.9012882315794805,0.9869097860938938,0.08562155451441333,3
0.815465869997193,1.0352669237704164,0.21980105377322345,3
0.9321835086814669,0.9426405386180585,0.010457029936591589,3
0.8857650687483836,1.034642191123536,0.14887712237515238,3
0.927407165225804,0.9285316743405817,0.0011245091147776831,3
1.0560768363631696,0.9877710119797358,-0.0683058243834338,3
0.7936498867769236,0.9882779499081761,0.19462806313125247,3
1.047429848242079,1.0205554045008314,-0.02687444374124759,3
0.62387445277238,1.2642991880569665,0.6404247352845865,3
0.05587301465350361,0.20719717427483006,0.15132415962132645,3
0.8820381986850495,0.939064460669005,0.05702626198395544,3
1.013656769180048,0.968615628902615,-0.045041140277433,3
0.9628293984470029,1.037900886671177,0.07507148822417409,3
0.7990893814657078,1.05920714329993,0.2601177618342221,3
0.7803117485989852,1.032760833848808,0.2524490852498227,3
0.9610409972427326,1.1025411507305252,0.14150015348779255,3
0.9276801444268538,0.9597792911793563,0.03209914675250258,3
0.6111917941958595,1.1108354747100664,0.49964368051420693,3
0.1086753891781738,0.38793253314799986,0.27925714396982604,3
0.7762200497890381,0.9202216705084302,0.14400162071939204,3
0.6300587565523106,1.1232027796186332,0.49314402306632266,3
0.5154647809064763,1.1558251566010675,0.6403603756945913,3
0.9473461069963659,0.9864598490352462,0.039113742038880295,3
0.8629580442897172,0.9846650270784567,0.12170698278873948,3
0.8729934124055649,0.983788946726528,0.11079553432096301,3
0.6843486688740852,0.96742168034922,0.28307301147513486,3
0.8732354572959415,0.9641051457663936,0.09086968847045207,3
0.7155489965770598,0.8325299333695455,0.11698093679248567,3
0.7995182041665636,1.0254414647913421,0.22592326062477852,3
0.8508119718124332,0.8912413891176438,0.04042941730521066,3
0.5956057989561505,0.9985265652340658,0.4029207662779153,3
0.7015842045244811,0.8849694149143238,0.18338521038984268,3
0.6826500906149775,0.9898400145709806,0.3071899239560031,3
0.9681192800034545,1.0495363478042126,0.08141706780075808,3
0.45067187244691154,0.9488651108670219,0.4981932384201103,3
0.8560145873410568,0.9338549125182425,0.07784032517718564,3
0.7953039341665886,1.0387351287363669,0.24343119456977824,3
0.9491951678226804,1.0186577113911526,0.06946254356847215,3
0.8902088374146219,1.0966118491492114,0.20640301173458953,3
0.8816089451229349,0.9973143363621402,0.11570539123920531,3
0.6309022143159857,1.09426607859556,0.4633638642795743,3
0.7329404959679815,1.1334950791406142,0.4005545831726327,3
0.8939265896549111,0.9363459887829514,0.04241939912804027,3
0.6389310987782197,0.8421907502525928,0.20325965147437308,3
0.8165340626630363,0.9002933183155644,0.08375925565252806,3
0.7253823504104688,1.0022722926694063,0.2768899422589375,3
1.0602241299696178,0.922864302453036,-0.13735982751658182,3
0.9507333838044562,0.8872634762996853,-0.06346990750477088,3
0.8375067930138513,1.04670433163465,0.2091975386207987,3
0.784660702981786,1.088699235542139,0.30403853256035296,4
0.948345174905505,1.0122908058029918,0.06394563089748684,3
0.667182632881792,0.8807949314514968,0.21361229856970476,3
0.8543264036161157,0.9447797669297685,0.09045336331365283,3
0.7883482244087123,0.8859557138137768,0.09760748940506447,3
0.8547275300117938,0.9017475155979033,0.047019985586109536,3
0.9907183660270226,1.0273244021628947,0.0366060361358721,3
0.6496332905430029,0.9074537221808405,0.25782043163783763,3
0.9483775442042444,1.0534370610199937,0.10505951681574932,3
0.9597309428499077,0.9376483916309528,-0.02208255121895486,3
0.5731231277898567,0.8683302545042341,0.2952071267143773,3
1.121480742450941,1.037142324417927,-0.084338418033014,3
0.8528669544123403,0.9613826355947488,0.10851568118240851,3
0.765935578194846,1.113130921949977,0.34719534375513095,3
0.8746758629658296,1.0059663500521019,0.13129048708627233,3
1.0068065361174736,0.9506956345954938,-0.05611090152197984,3
0.3926406164163433,1.1479490048048888,0.7553083883885455,3
0.6164130283254645,0.7892319684909416,0.17281894016547705,3
0.8247821804905218,0.8811382927403134,0.056356112249791646,3
0.9807604893619962,1.0371891380328682,0.05642864867087194,3
0.6198786705997461,1.1541167758954314,0.5342381052956853,3
1.0222386571978863,0.9091768771788903,-0.11306178001899603,3
0.7346832862412321,0.9907785664016405,0.2560952801604084,3
0.9406176362121623,1.0261289408957368,0.08551130468357448,3
0.48945363525288627,0.6617568143698221,0.17230317911693588,3
1.0405662109899994,1.001002525728577,-0.03956368526142229,3
0.9816214086888599,1.0761450030791886,0.09452359439032865,3
0.30015009434200374,0.42060055186619544,0.1204504575241917,3
0.800944473517249,0.7044526066027074,-0.09649186691454159,3
0.664573782187743,1.055493297394662,0.39091951520691903,3
0.9686624077448686,1.0446557960662706,0.07599338832140201,3
0.45752636480194314,0.9346901739970894,0.4771638091951463,3
0.9059221102374894,1.0199815904575644,0.11405948022007506,3
0.9983608771899262,1.0071487270313364,0.008787849841410234,3
0.9299151561087489,0.8919419068441199,-0.03797324926462897,3
0.7009141939277604,0.9170831991529503,0.2161690052251899,3
0.7625723348613562,1.0194394913240188,0.25686715646266256,3
1.038022207185207,1.0755896168049799,0.037567409619772896,3
0.6980448067581723,0.8526926288102045,0.1546478220520322,3
0.6063076360698851,0.8800750116995072,0.27376737562962206,4
0.7842079227013103,0.9017631528896588,0.11755523018834846,3
0.7258841535811978,0.8371732752260804,0.11128912164488258,3
0.8285483438075261,0.8412913635422594,0.012743019734733352,3
0.6648965237021174,1.1168711464517311,0.45197462274961375,3
0.9582751878973645,0.9532463565581702,-0.005028831339194295,3
0.8822646019186263,1.076213067047824,0.19394846512919772,3
0.5712804222840338,1.004457691135936,0.4331772688519022,3
0.8931966029637477,0.9827015914755443,0.08950498851179656,3
1.0099356278589846,0.9652218110852508,-0.04471381677373376,5
0.7546120428689012,1.0270082061139918,0.27239616324509064,3
0.847292767748341,0.9581149286138935,0.11082216086555252,3
0.8440595510105766,0.9754039413814359,0.13134439037085932,3
0.9620056251857517,0.9958363274465942,0.033830702260842505,3
0.9716242137598582,1.0650257153674212,0.093401501607563,3
0.7734934816334391,0.9348112970682069,0.16131781543476775,3
0.8463525788218537,1.0950772874541452,0.24872470863229157,3
0.9849592222242691,0.9882546079279289,0.0032953857036597256,3
0.34307364368587195,0.7600870762204655,0.4170134325345935,4
0.5553043898233003,1.1694153573411072,0.6141109675178069,3
0.7648353112993832,0.7132927688713275,-0.05154254242805567,3
0.6515555864118977,0.9920231391576367,0.34046755274573903,3
0.5798730051815215,0.867152219397617,0.2872792142160955,3
0.5827104161215378,1.0460197671115734,0.46330935099003556,3
0.9182764755441903,0.9800641784580799,0.061787702913889575,3
0.9206284837378967,1.0672280276910333,0.14659954395313657,3
0.6161162052249338,1.0028782034759511,0.3867619982510173,3
0.7032947427580432,0.8362378631576856,0.1329431203996424,3
0.340939882614112,0.8274087940938051,0.48646891147969307,3
0.9132446438914628,0.9040409518772595,-0.009203692014203235,3
0.4302393429459103,0.7254442266482733,0.29520488370236303,3
0.6806262908342724,0.7829861737539706,0.10235988291969822,3
0.817752797859746,1.0009221972931657,0.1831693994334197,3
0.931487492483395,1.071264314098159,0.139776821614764,3
0.6843113420076256,1.1213883209964421,0.4370769789888166,3
0.7183913957782125,0.8613524701283977,0.14296107435018512,3
0.6922075511366295,0.9917823373686607,0.29957478623203126,4
0.8858281556048129,1.0155960294130222,0.1297678738082093,3
0.7319172889094474,1.0493015776051249,0.3173842886956775,3
0.6537423844054737,1.1676308122594061,0.5138884278539324,3
0.7621032232765665,0.8544171379088323,0.09231391463226579,3
0.7087180434649222,0.9930043021911559,0.2842862587262337,3
0.811198277736942,0.9684648273259006,0.15726654958895858,3
0.8602252156050401,0.9591866372974082,0.0989614216923681,3
1.0238122736272532,1.0180358619169958,-0.005776411710257445,3
0.7120386202876168,1.0836741741050837,0.37163555381746693,3
0.5427458742135113,1.082263328607412,0.5395174543939006,4
0.6585940222755816,1.0735867801082875,0.41499275783270584,3
0.8823947502639672,0.9522585037592882,0.06986375349532103,3
0.8513914167860595,0.9803163658849965,0.12892494909893704,3
0.9114314234939225,0.9807414777291437,0.06931005423522119,3
0.965173662613741,0.9952103532807076,0.03003669066696657,3
0.9932476667859658,1.07423500974891,0.08098734296294419,3
0.849602338394527,1.0769650013654708,0.22736266297094376,3
0.8136098070905211,1.0760375859508489,0.26242777886032775,3
0.48788361245208334,1.102484855383584,0.6146012429315006,3
0.9647420758759921,1.0275914348604203,0.06284935898442812,3
0.6857174167751222,1.0003217760916483,0.3146043593165261,3
0.7679283201042408,1.1278013614373932,0.35987304133315234,3
0.2481919424212967,0.5038737057063633,0.25568176328506653,3
0.9479770820420236,1.0412109455373053,0.09323386349528173,3
0.718111311726535,0.9439836946268846,0.2258723829003496,3
0.8886853218206014,1.083993488723497,0.19530816690289554,3
0.9661131983696587,0.9748829327657595,0.008769734396100848,3
0.8832040862889963,1.0804313234033176,0.19722723711432133,3
0.826341544600508,1.044829185806107,0.21848764120559894,3
0.5969435597989872,1.1713354587827765,0.5743918989837893,3
0.8367044965351337,0.7786339303012851,-0.05807056623384854,3
0.9773614409114436,1.0456971867904215,0.06833574587897784,3
1.07990499452192,1.0306339850021866,-0.04927100951973329,3
0.5448618748335088,0.939908645144801,0.3950467703112922,3
0.9194725619162828,1.021717137546173,0.10224457562989031,3
0.8332687038929382,1.1336036940177387,0.3003349901248006,3
0.9114151070390714,0.9909795761623593,0.07956446912328796,3
0.8708223732353925,1.0477944435808015,0.17697207034540907,3
0.8414815173403251,1.021748561095382,0.18026704375505698,3
0.9170895722876382,0.8834138614777561,-0.033675710809882076,3
1.0427552089897216,0.9501002874760236,-0.09265492151369803,3
0.7583499252528081,1.0105446491425647,0.2521947238897566,3
1.0379090960841593,0.9593493058484167,-0.07855979023574255,3
0.8804853382904819,0.943291090105399,0.0628057518149171,3
0.7660328548276565,0.9680102076674736,0.2019773528398171,3
0.9386227924293148,0.9234586800597921,-0.015164112369522642,4
0.7354607811282605,0.9443715697659139,0.20891078863765333,3
1.065085494478797,0.9983284149290889,-0.06675707954970822,3
0.8875824947323008,1.0047261888617698,0.11714369412946901,3
0.9967177232166209,0.9934182311015881,-0.003299492115032776,3
1.019113805889129,1.0117797930623957,-0.007334012826733183,3
1.0179797078096369,0.9782926549899458,-0.03968705281969109,3
0.8741684295343778,1.0370379406922743,0.1628695111578965,5
0.799081045039421,1.0089322430508785,0.20985119801145746,5
0.6682780349679627,0.8952523623757012,0.22697432740773849,3
0.9198382298369537,1.1022935329581556,0.18245530312120184,3
0.8779723059435712,0.9040202631541776,0.026047957210606376,3
0.8807208633995443,0.957417821965343,0.07669695856579872,3
1.1557806944485174,0.9964367990250348,-0.1593438954234826,4
0.6628425411570324,0.9407358517715194,0.27789331061448697,3
0.6583545210717853,1.1131338669167847,0.45477934584499946,3
0.880892901699688,1.0191516905688254,0.13825878886913734,3
0.8969235134034603,0.9554378954940497,0.058514382090589345,3
0.8723081542505899,1.0747239698595108,0.20241581560892086,3
0.6577043845092839,1.0783562675438685,0.42065188303458456,3
0.8341611028050322,0.9845332183697044,0.15037211556467223,3
0.6412640728493308,0.848713632454977,0.20744955960564615,3
0.9331295789575311,1.002980983903002,0.06985140494547082,3
0.9792654788419772,1.0240552437684518,0.04478976492647457,3
0.8324424600581555,0.8240907110772486,-0.008351748980906848,3
1.0267939810173958,0.9476891186970308,-0.07910486232036507,3
0.6885819339736026,1.044990801111156,0.3564088671375534,3
0.8602140839684111,1.0952001669436282,0.23498608297521706,3
0.6338054025721958,1.2344826034520981,0.6006772008799024,3
0.8703647527023988,0.9501563469756255,0.07979159427322668,3
0.2097788232220785,0.4664703900197125,0.25669156679763405,3
0.9625726274330739,0.8964560602948838,-0.06611656713819014,3
0.8332244020524717,1.0256941699029105,0.1924697678504388,3
0.6835608561405847,0.9433673446655598,0.2598064885249751,3
0.9948987069106745,1.0595404683436414,0.06464176143296685,3
0.6606645798580644,0.9223334467687666,0.26166886691070224,3
0.1932404345078964,0.44363947210120397,0.25039903759330756,3
0.97645473585826,0.9402260728042988,-0.03622866305396122,3
0.09274581335095992,0.966825338063585,0.8740795247126251,4
0.7233336859112889,1.0305141038517918,0.3071804179405029,3
1.0413857395870025,1.0042675335774667,-0.03711820600953586,3
0.7191503372178445,1.1260183343022763,0.4068679970844318,3
0.6520409151918236,1.1087683907293748,0.4567274755375512,3
0.9062190293075743,1.069627643320485,0.16340861401291074,3
0.7870702955613373,0.89280210224374,0.10573180668240267,3
0.860377695761462,1.024120783856588,0.16374308809512605,3
0.7200314203289474,0.9843874755032548,0.2643560551743074,3
0.8417421602360611,1.1473635300127576,0.3056213697766965,3
0.5430071526919154,0.8937561064627999,0.35074895377088455,5
1.0475569992288394,1.035733231354555,-0.011823767874284297,3
0.2951706602673055,0.35781170289808567,0.06264104263078019,3
0.9152469284197136,1.1042214001059267,0.18897447168621317,3
0.7131641775180815,1.1147755251546128,0.4016113476365313,3
0.9448247882649539,1.0209029992016307,0.07607821093667688,3
0.7978109467694485,1.056129205400124,0.25831825863067537,3
0.8825591910262165,0.851291003644185,-0.03126818738203152,3
0.07799412155957375,0.14840532468337733,0.07041120312380358,3
0.8082952188126336,1.0360596296446662,0.2277644108320327,3
0.9914838545849591,1.0421233834501806,0.050639528865221495,3
1.0141296437589218,0.9682649865829184,-0.04586465717600341,3
0.6347804636219694,0.9728371774281667,0.3380567138061973,3
0.6829883052323352,0.9390129559815028,0.2560246507491676,3
1.0329823576038741,1.0207909722121868,-0.012191385391687293,3
1.0436617019459513,1.0162214477911113,-0.02744025415483997,3
0.804868622303939,0.8762884868973257,0.07141986459338678,3
1.0395269416329664,1.0288296077752792,-0.01069733385768723,3
1.0255549530666186,1.0574754778514939,0.03192052478487528,3
0.8285848640320698,0.9658241260042134,0.13723926197214364,3
0.9175323072525311,1.057297467468987,0.1397651602164559,3
0.8092068222622258,1.050346707174908,0.24113988491268212,3
0.9167179119387957,0.9462316697713379,0.029513757832542176,4
0.8465331275990855,0.9959378067333131,0.1494046791342276,3
0.9244888121863712,0.9878405720565876,0.06335175987021635,3
0.5485478374361308,0.7227738364271137,0.1742259989909829,3
0.617482321617441,1.0455913822266556,0.4281090606092146,3
0.8021779721751559,0.9968584926730948,0.19468052049793894,3
0.9921380684735592,1.0845855774353332,0.092447508961774,3
0.924743918004119,1.035942765387261,0.11119884738314201,3
0.7937031114620254,0.8605867776691628,0.06688366620713737,3
0.9263463902096079,0.9845147232366167,0.058168333027008856,3
0.9330481954516293,1.0681261194121743,0.13507792396054497,3
0.7367756120821294,1.0171311400545033,0.28035552797237395,3
0.8882610183821948,1.0113731109705175,0.12311209258832267,3
0.9084988603684645,1.0658432605090633,0.1573444001405988,3
0.863486856234417,1.0763573911021682,0.2128705348677512,3
0.8480481515128433,0.8783162179103217,0.030268066397478366,3
0.6888889929151745,1.0486480915534468,0.3597590986382724,3
0.5484550095920533,0.6695595192456492,0.12110450965359587,3
0.9725374087653411,0.9988564015810732,0.026318992815732134,3
0.3441561759469692,0.37180546330987796,0.02764928736290878,3
0.8771270678437476,0.9494998709778967,0.07237280313414907,3
0.9358256590792035,0.9287678329071802,-0.007057826172023218,3
0.6265279926348731,0.7953550639091723,0.1688270712742992,3
0.8023814225633707,1.131490638050716,0.3291092154873452,3
1.0257224274469126,0.9094081545535498,-0.11631427289336271,3
0.6362826228791522,1.1484990918237914,0.5122164689446392,3
1.0648471568196796,0.9083825485223637,-0.1564646082973159,3
0.864141346234714,1.03533163933889,0.1711902931041761,3
0.55608994959509,1.1127485182204397,0.5566585686253498,3
0.46305810596805586,1.0801216702024738,0.617063564234418,3
0.9796758173430898,1.0302200062354,0.05054418889231027,3
1.0100842495424258,1.0268171419173964,0.016732892374970554,3
0.8084961146072931,1.0585609899862445,0.2500648753789514,3
0.8987020494849807,1.0818718976320576,0.18316984814707693,3
1.0037831028181323,1.0548001265254818,0.05101702370734951,3
0.8254425332710437,1.0715079164816967,0.24606538321065308,3
0.9808583935446581,1.0019829350659308,0.021124541521272744,3
0.8488482309733651,0.8338410615205397,-0.01500716945282543,3
0.7921396337570091,1.0859320798725431,0.293792446115534,3
0.9261189820649496,1.0178232726876781,0.09170429062272856,3
0.649018263022915,0.9815788302631725,0.3325605672402575,3
0.9199524195290122,0.9343738913741338,0.014421471845121658,3
0.8596949843097066,1.0961904017448938,0.2364954174351872,3
0.8315026381031742,1.0111145234872345,0.17961188538406037,3
0.9082408234759826,1.0563938052147774,0.14815298173879488,3
0.5773975053471323,0.9109752140610775,0.3335777087139452,3
0.8475922578063275,0.9909633843802521,0.1433711265739246,3
0.687121534360738,0.6710351750360782,-0.016086359324659738,3
0.7415626646545409,1.0965044078243662,0.3549417431698253,3
0.6362144637354775,1.000364911474399,0.3641504477389216,3
0.9215257528839649,1.0419627433376528,0.12043699045368794,3
0.7132963402602581,0.9727485926162963,0.2594522523560382,3
0.9745279688263218,1.0257267521943012,0.05119878336797945,3
0.7190520151011084,1.08465762413354,0.36560560903243156,3
0.7394263099731886,1.168889883202366,0.4294635732291774,3
0.7585810601230479,1.0420777929203218,0.28349673279727383,3
0.8769652250033066,0.9573966471345534,0.08043142213124677,4
0.8122730169274965,1.086835623218352,0.2745626062908555,3
0.7068282542814408,1.0757273536107437,0.36889909932930287,3
0.6921519389157876,0.7026174188651519,0.01046547994936431,3
1.3111668474447444,0.9818821391666104,-0.32928470827813405,3
0.5727825331993794,0.8512646003829053,0.27848206718352586,3
0.8789812152216594,0.9940104853835384,0.11502927016187903,3
0.9905927486692178,0.9755356674578554,-0.0150570812113624,3
1.0633378818191719,0.9383220106887036,-0.1250158711304683,3
0.40970436699156176,0.8207922487283393,0.41108788173677757,4
0.7284942242748259,1.0249969349145742,0.2965027106397483,3
0.6352967608809625,0.8154236782788169,0.18012691739785436,3
1.0132989138103305,1.0504456574309302,0.037146743620599665,3
0.28057183262684876,0.7729894159896132,0.4924175833627645,3
0.9836705061959705,0.982051565913981,-0.0016189402819895005,3
0.9166656710783522,1.0120102183951707,0.09534454731681852,3
0.7423114956640496,1.0034950082469845,0.2611835125829348,3
0.882820876521099,0.819950733644691,-0.06287014287640802,3
0.7191665936681183,1.1308078360705858,0.41164124240246747,3
0.7345908167437196,1.038343783277137,0.3037529665334173,3
0.8827791781557254,0.9942380930136732,0.11145891485794779,3
0.8568976296057385,1.041401722953472,0.18450409334773354,3
0.7769253295154732,0.9013617272025535,0.12443639768708026,3
0.6867850820251576,1.05793516380257,0.3711500817774124,3
0.8981786677048799,1.0657075888717653,0.16752892116688545,3
0.6192321621373962,0.8443328125850744,0.22510065044767824,3
1.0080817117877017,1.025022396537316,0.0169406847496143,3
0.7375643390842674,0.9686530399514286,0.23108870086716116,3
0.3802464876169325,1.2154711349262,0.8352246473092675,3
0.12640871681256025,0.8341145559575112,0.7077058391449509,3
0.3178535717398311,1.2240217782419596,0.9061682065021285,5
0.7519513777918843,1.0318904014745547,0.27993902368267043,3
0.6610814261809436,0.9458319675635128,0.2847505413825693,3
0.6159092301584904,0.8104468967991165,0.1945376666406261,3
0.052226170144940846,0.30771061001021643,0.2554844398652756,3
0.7598771362238343,0.8634056005557624,0.10352846433192808,3
0.9014157126944335,1.0361331152717064,0.13471740257727283,3
0.8897845228938444,0.9835893126404681,0.09380478974662376,3
0.8015372251172606,1.0557727369725587,0.25423551185529814,3
0.7626447378364517,0.9431424988803067,0.18049776104385495,3
0.5020382495439671,1.1792080527340232,0.677169803190056,3
0.7203667990399207,1.1380980026493916,0.4177312036094709,3
0.7327097943634211,0.8517592995322356,0.11904950516881452,3
0.9839770322581989,0.9316877300974079,-0.052289302160790974,3
1.2499104917422896,0.9127721514895016,-0.337138340252788,3
0.8808390278226512,0.8668387555886241,-0.014000272234027111,3
0.7165573241097956,0.9816447935121634,0.2650874694023678,3
0.6647770549394287,1.1300435502838417,0.465266495344413,3
0.8768245652604163,0.9599619154142764,0.08313735015386015,3
0.6234057987876427,0.6972670129480504,0.0738612141604077,3
0.3620632694785061,0.5903700331557662,0.2283067636772601,3
0.7994844424002969,0.944474839803572,0.14499039740327513,3
0.8738605903867142,0.9057950001812177,0.03193440979450357,3
0.9661676903509915,1.0150410055220314,0.04887331517103988,3
0.9815421874165524,1.038789291595047,0.057247104178494546,3
0.5837132506041014,1.1467295832441506,0.5630163326400492,3
0.6518644451861668,0.6195874410524955,-0.032277004133671294,3
0.6590988621530585,1.1387989970805796,0.47970013492752117,3
0.7922692145298129,0.784961802754699,-0.007307411775113959,3
1.0389519893599206,0.9585680213956062,-0.08038396796431446,3
0.45899572797266136,1.000521863007314,0.5415261350346527,3
0.7380718135702063,1.0697385769022645,0.33166676333205813,3
1.0373428644668434,0.9685941898391297,-0.06874867462771372,3
0.7502392832757032,1.0578409561793385,0.30760167290363527,3
1.0874719419166416,0.945715573202565,-0.1417563687140766,3
0.8162055578003996,0.8596568729802867,0.043451315179887096,3
0.8179566490679259,1.0390690438472103,0.22111239477928446,3
1.044864046323772,0.8332583293034537,-0.21160571702031827,3
0.7853114879279262,1.0703947987982967,0.28508331087037053,3
0.8619412522540992,1.0386635362697154,0.17672228401561618,3
0.4572191123875924,0.9461623938019397,0.4889432814143473,3
0.7734403873277652,0.8698794882056428,0.09643910087787755,3
0.8815541728676484,0.9885960298941336,0.10704185702648528,3
0.8543724251971117,1.0417404443233533,0.18736801912624168,3
0.8735325189150664,1.0755240465657725,0.20199152765070605,3
0.768007430277732,1.0591533571193537,0.29114592684162166,3
0.5862074798349897,0.9363878926680554,0.3501804128330658,3
0.7324042507100494,1.1037923855703426,0.3713881348602932,3
0.8503807363284063,1.0031374198374892,0.1527566835090829,3
1.013706912786302,0.8872776145108144,-0.12642929827548766,3
0.9252896421565552,1.0559940792419504,0.13070443708539525,3
0.6913314395738541,0.9808427700339853,0.2895113304601312,3
0.6421383641607679,0.9232870529696223,0.28114868880885446,3
0.8550656050962367,0.8790964493818654,0.024030844285628628,3
0.7610533365410914,1.0340279003510051,0.2729745638099137,3
0.9064936588458625,0.8845566619286207,-0.021936996917241824,3
0.5995023516467776,1.0193281921219075,0.41982584047512994,3
0.9180769632159229,0.9377680015591885,0.019691038343265577,3
1.0127406519847848,0.9974114194099061,-0.015329232574878726,3
0.6275485993459136,0.486752549845169,-0.14079604950074454,3
1.034442419950374,1.0277577878571065,-0.0066846320932674175,3
0.8826355897037522,1.024047450504758,0.14141186080100587,3
0.7736062255492555,0.9153406427813386,0.14173441723208313,3
0.9976555835836103,1.0678122281885263,0.070156644604916,3
0.7426083069251457,0.7921743828192136,0.04956607589406792,3
0.64987569214408,1.0969744350157986,0.4470987428717186,3
0.973759559672834,0.9487382473559445,-0.025021312316889532,3
0.7847301538792196,0.9158543521266188,0.13112419824739918,3
1.0590203859536569,0.9596718409161724,-0.09934854503748447,3
0.9302437267567208,1.0084267009988195,0.07818297424209864,3
0.33378779408319575,1.0950647399181426,0.7612769458349469,3
0.5719006184430661,1.1813403744344562,0.6094397559913901,3
1.0493724032655027,1.0244281952582495,-0.024944208007253277,3
0.8315284971419297,0.9462930881341883,0.11476459099225866,3
0.9297356408440053,1.046029595289419,0.11629395444541368,3
0.8033437211089381,1.0898307371837321,0.286487016074794,3
0.7339518557178998,0.8055570691802678,0.07160521346236803,3
0.39510599569645555,0.8713395555252174,0.4762335598287618,3
0.8548125788186252,0.9585994153198165,0.10378683650119136,3
0.9452079230998751,1.0626348458349635,0.11742692273508837,3
0.9615230755911575,0.9644760681777598,0.00295299258660231,3
0.6410523439735811,1.0487928104523812,0.4077404664788,3
0.745772929989793,0.8417802287455125,0.09600729875571945,3
0.7867258883966126,1.0743364700791702,0.2876105816825576,3
0.7905503956199778,0.8555099180179045,0.0649595223979268,3
0.9930856750968673,1.034691614150776,0.04160593905390875,3
1.0358683475193335,1.0186098054774886,-0.01725854204184496,3
0.8296728803983251,1.000446004873783,0.170773124475458,3
0.7741491518882331,0.9313995830516777,0.15725043116344462,3
0.9778103330607522,1.0630733243463142,0.08526299128556203,3
0.7982214776777208,0.91199703274456,0.11377555506683923,3
0.8880608281450744,0.9127509756515149,0.024690147506440496,3
0.8087919583766968,0.8880022411539767,0.07921028277727993,3
0.7712860811601994,1.060834579650869,0.28954849849066955,3
0.970169866038844,1.0097346845619437,0.039564818523099676,3
0.8992512201815499,1.1323839623169865,0.23313274213543655,3
0.940437046167686,1.0735891026391187,0.1331520564714327,3
0.3180486390804225,1.1966253103823294,0.878576671301907,3
0.4158081890801614,0.6672370464694176,0.25142885738925624,5
0.5573771193044054,1.0630815704701566,0.5057044511657512,3
0.5724785721919685,0.9322696196922683,0.3597910475002998,3
0.7176188204700115,0.9496426851839641,0.23202386471395264,3
0.9735558602891698,1.0045702127296123,0.031014352440442483,3
0.6368713992572211,1.0352068942822399,0.39833549502501875,3
0.7636701383936999,0.9675181494663596,0.2038480110726597,3
0.899897050310906,0.9542102744467448,0.05431322413583872,3
1.0293409634805442,0.9732733454653149,-0.056067618015229304,3
0.5397041791605169,1.2071965986828335,0.6674924195223165,3
0.7447165765918456,0.917022493457282,0.1723059168654364,3
0.4000857823372533,0.8833867560973272,0.4833009737600739,3
0.7378192535966672,1.1352729419602023,0.3974536883635351,3
0.9775563043797831,1.013403228377483,0.03584692399769984,4
0.716840679779325,1.0958409031736054,0.3790002233942804,3
1.0285684046895407,0.983091678455995,-0.045476726233545706,3
0.7736313374160915,1.0840584318595927,0.31042709444350125,3
0.941923871112152,1.0264731663303335,0.08454929521818144,3
0.5156956835504737,0.8537633411614255,0.3380676576109518,3
0.5276510315455606,0.8053949832742906,0.27774395172873,3
0.6647749805572248,0.8280955581381386,0.16332057758091378,3
0.23749213258819346,0.5372331873456353,0.29974105475744184,3
0.5465999980423357,0.7731404858573441,0.22654048781500835,3
0.6265077643299299,0.6357797763233708,0.009272011993440854,3
1.124126724961967,1.0088601994885755,-0.11526652547339156,3
0.8074412169927734,1.0418843332147802,0.23444311622200686,3
0.6745038508308758,0.9613931807084851,0.2868893298776093,3
0.7619532912565752,0.9367195268078887,0.17476623555131354,3
0.9071592637072587,1.0077546095698824,0.10059534586262364,3
0.7119154566989181,0.8433025170416432,0.13138706034272507,3
0.998114860760966,1.0467537432633631,0.04863888250239712,3
0.7788385751589086,1.0775418169821427,0.29870324182323404,3
0.8540315254435142,0.9852246111452375,0.13119308570172328,3
0.6270929795876592,1.0697471219843782,0.44265414239671896,3
0.8005706114952253,1.1020536134911203,0.30148300199589495,3
0.9045664734296368,1.102543712489993,0.19797723906035625,3
0.7512813833846869,0.9029604672529284,0.15167908386824158,3
0.7661606233027747,0.9077892659233848,0.14162864262061015,3
0.8568099441270347,0.9993004222735132,0.14249047814647853,3
0.5646911866625544,0.8271749034862399,0.26248371682368554,3
1.1027374638989622,0.9944604509167796,-0.10827701298218262,3
0.8691916780461816,1.0042056512692585,0.13501397322307696,3
0.7623264592657911,0.81786935219398,0.055542892928188925,3
0.602249993312913,0.8567332903236924,0.25448329701077943,3
0.7432622335668483,0.8092568769517934,0.0659946433849451,3
0.8670912163799454,1.0162003319052422,0.14910911552529682,3
0.616930789362949,0.8778723690664357,0.26094157970348675,3
1.0719794365686666,0.9549955839523495,-0.11698385261631705,3
0.966572737668041,0.9774911430230636,0.010918405355022642,3
0.43837452582069353,0.5759901625919899,0.13761563677129635,3
0.810487913085634,0.880128788746261,0.06964087566062704,3
1.0207100643378593,1.0658030847497504,0.045093020411891116,3
0.6458593690276211,0.8110393226908907,0.16517995366326965,3
0.5788496620352798,0.7252307158982575,0.14638105386297773,3
0.6763201427489108,1.1520252248314153,0.4757050820825045,3
0.6050314016696643,1.0563461298891232,0.45131472821945895,3
0.8251199024034985,0.8451090327016588,0.019989130298160296,4
0.983647477293806,0.9846711336679499,0.001023656374143922,3
0.8675913108332399,1.0094650463672248,0.14187373553398486,4
0.4235374754941675,1.2004208012220026,0.7768833257278351,3
0.6929100650206561,0.7922639178730615,0.09935385285240539,3
0.7353404103959387,0.9053877113549176,0.1700473009589789,3
0.5640087556970825,0.9724043584461913,0.4083956027491088,3
0.5637270863837268,1.1757490444262844,0.6120219580425575,3
0.7366644110710378,0.990996591548928,0.2543321804778903,3
0.9707728110138376,0.9324877196481669,-0.03828509136567071,3
0.8788180008684525,1.0244763297518649,0.14565832888341235,3
0.6771843661403544,1.0353799393448038,0.3581955732044494,3
0.9093740020463165,1.0042163609952806,0.09484235894896409,3
0.7299774112492723,0.9314304901760572,0.20145307892678488,3
0.8118139629466588,0.9929928425496449,0.18117887960298618,4
0.7559068157853382,1.0699534274928972,0.314046611707559,3
0.9730837489884794,1.0477473519623184,0.074663602973839,3
1.1509681207709055,0.9507809340733003,-0.20018718669760516,3
0.46512071361521007,1.1338283879374222,0.6687076743222122,3
0.7078944508037293,0.9551759715914983,0.247281520787769,3
0.7382508655044535,0.7400104350655761,0.0017595695611225537,3
0.44594092081543407,0.7029818565468752,0.2570409357314411,3
0.9289036332321142,1.0059761375442053,0.07707250431209112,3
0.7792587491741909,1.0469649434716297,0.2677061942974388,3
0.8131849501346965,1.0492488167776253,0.23606386664292878,3
1.1195875930757215,1.0044910638618485,-0.11509652921387303,3
0.8911404979383839,0.8468765756954048,-0.04426392224297915,3
0.7446230801887685,0.9500941234092146,0.20547104322044607,3
0.9155448193724222,1.1176862753831327,0.20214145601071054,3
0.39231383684385374,0.6638359995878745,0.2715221627440208,3
0.7860818374604018,1.104068034704616,0.31798619724421406,3
0.9477750721257034,1.006185800618701,0.058410728492997555,3
0.9849876676089353,0.948604346467725,-0.036383321141210345,3
0.9053044375550278,1.0869121362799774,0.18160769872494964,3
0.7856070600825613,1.109619572110245,0.3240125120276838,3
0.8353042060923502,0.9431096468407001,0.10780544074834986,3
0.8396359574220847,1.0338868978648406,0.19425094044275582,3
0.7460636197387922,0.9359025761548566,0.1898389564160644,3
0.6733497365905597,0.9321752064295188,0.25882546983895904,3
0.8357463605437652,1.0365033465709514,0.20075698602718628,3
1.0625935661053476,1.0505224887691345,-0.012071077336213154,3
0.5589648703288148,1.1330288028606703,0.5740639325318555,3
0.4097320605559262,0.550248193393779,0.14051613283785275,3
0.924032284959332,1.0026663289701407,0.07863404401080876,3
0.7225455692955173,1.0003366896136783,0.277791120318161,3
0.9490326408190689,1.0279795131715335,0.07894687235246456,3
0.8930385848410773,1.0849988278509686,0.19196024300989123,3
0.5562625207739623,1.1141479395223464,0.557885418748384,3
0.9171141123417743,0.9967797838519361,0.0796656715101618,3
0.7037141703977503,1.0390389851062618,0.3353248147085115,3
0.5719395049286986,0.8430059814847708,0.2710664765560722,3
0.8494413544777812,0.9196949886956054,0.07025363421782416,3
0.6334355128993495,1.0499989489727428,0.4165634360733933,4
1.0184034955776315,0.9794490526319899,-0.038954442945641654,3
0.6762220324404067,0.803658969333219,0.12743693689281232,4
0.14428572146804422,0.43923769476649843,0.29495197329845424,3
0.9294818469455028,0.9920847527842522,0.06260290583874939,3
0.7752939739801672,1.1197941963453362,0.344500222365169,3
1.083926513250376,0.9921479340306997,-0.09177857921967625,3
0.9281203883841436,0.8811453349882991,-0.04697505339584451,3
0.8043537119985793,1.0286519588386844,0.22429824684010513,3
0.7964388514077779,1.0984196960285388,0.3019808446207609,3
0.8431848002958955,0.9029218278758486,0.05973702757995314,3
0.6987545651026854,0.8894383496434044,0.190683784540719,5
0.7041776044563054,0.9545994047703544,0.25042180031404904,3
0.7306026869137779,1.0629077756592924,0.33230508874551445,3
1.0196780373068646,1.04045974454132,0.020781707234455382,3
0.8898272852843367,1.0164611718834906,0.12663388659915387,3
0.5141239717820157,0.8566833450674942,0.3425593732854785,3
0.7901045691105195,1.0266997846916437,0.23659521558112417,3
1.0526031783779402,0.9841866615021987,-0.06841651687574146,3
0.973470592731268,0.9731955382087353,-0.0002750545225327361,3
1.0185107653222485,1.049539582889136,0.03102881756688758,3
0.5902160475481266,1.0330519729453562,0.4428359253972296,3
1.0868551145214087,0.991524318389535,-0.09533079613187367,3
0.9885907335357481,1.0914070836885341,0.102816350152786,3
0.9828949254221573,1.0335355654471092,0.050640640024951944,3
0.7710975107368163,1.1141763454465854,0.3430788347097691,3
0.8862366813590277,0.9517585298059263,0.06552184844689868,3
0.9111301810916427,0.9257769492572097,0.014646768165566981,3
0.9896729244101127,0.9889416454515266,-0.0007312789585860457,4
0.8291629298570962,1.0594546153599287,0.23029168550283252,3
0.9091739614706299,0.9460580937464632,0.036884132275833315,3
0.7892371320349613,0.7699172372415873,-0.019319894793373926,3
0.9910571179429103,1.0260579373658272,0.035000819422916885,3
0.5322347403512773,0.8579929401217883,0.325758199770511,3
0.8836819419711666,0.9853679173410889,0.1016859753699223,3
1.019202435625619,1.0499263561393994,0.030723920513780367,3
0.7111877419216301,1.0525098141127056,0.34132207219107547,3
0.9081124533592324,0.8203685772649824,-0.08774387609425005,3
0.9700033093470521,0.9296327756372038,-0.04037053370984833,3
0.9779191916017924,0.9785440528643046,0.0006248612625121552,3
0.797561485762745,0.9578177552374365,0.16025626947469152,3
0.9575619688540831,1.0172685740721505,0.05970660521806748,3
0.796126460521613,0.9927915894786731,0.19666512895706012,3
0.17786447995227164,0.4217321436765001,0.24386766372422844,3
0.7303812709827513,1.0509375612839662,0.3205562903012149,3
0.8205077080242914,1.0390378254949797,0.2185301174706883,3
0.7707837441467644,0.714397742512444,-0.05638600163432039,3
0.9488595126090774,0.9734568057088435,0.024597293099766104,3
0.7712857453649131,1.0261676507569177,0.2548819053920046,3
0.5151018736214112,0.9988513724564877,0.48374949883507645,3
0.9245303542189445,1.0660096356703748,0.1414792814514303,3
0.9565555671075715,0.9945159643948911,0.03796039728731959,3
0.5861437765136313,1.0675245537326956,0.48138077721906436,3
0.9606265453962324,1.0291144291821908,0.06848788378595838,3
0.666051481614677,0.9553769840222376,0.2893255024075606,3
0.6916571856803493,1.0540582921907284,0.36240110651037916,4
0.8626105744884545,0.9212787376405698,0.058668163152115316,3
0.11025575607156589,0.9297247838493327,0.8194690277777668,4
0.8858506698271551,0.9658877013231223,0.08003703149596719,3
0.8162160228840752,1.1156492332375556,0.29943321035348036,3
0.8266826182292958,0.9939928433693288,0.16731022514003302,3
0.8521640571295702,0.9534051924406018,0.10124113531103163,3
0.880027255150943,0.8112940469629717,-0.06873320818797135,3
0.8709409556767185,1.116045978734604,0.2451050230578855,3
0.6784933808730275,0.988794400439906,0.3103010195668785,3
1.1645678515209361,0.9886141554984181,-0.17595369602251798,3
0.962886717248543,1.0148636010266876,0.05197688377814458,3
0.7798437155945609,0.951193206757101,0.17134949116254006,3
0.8584913305263204,1.0528906685007073,0.1943993379743869,3
0.7375070919957499,0.8519417684467687,0.11443467645101879,3
0.8719839537743077,0.9528325274511505,0.08084857367684284,3
0.8609439827870053,1.071078971128749,0.2101349883417436,3
0.6987273146905032,1.0976872518814493,0.39895993719094613,3
0.8130940054043323,1.0561531747531177,0.24305916934878535,3
0.8955727464119496,0.9022068657059238,0.006634119293974172,3
0.8951438857206815,0.9968970264713718,0.10175314075069031,3
0.7961499762151842,0.8264182816121897,0.030268305397005424,3
0.9921128790144803,1.018283446953746,0.026170567939265754,3
0.7316921084796022,1.133249671155487,0.4015575626758847,3
0.8721205214401032,1.1242599734885907,0.25213945204848753,3
0.9139305023846853,1.0150108367349557,0.10108033435027042,3
0.13671009029245448,0.8478036318250325,0.711093541532578,3
0.9900921282469701,0.8051517333408572,-0.18494039490611291,3
0.6377239565308878,1.0157303216224818,0.378006365091594,3
0.6259059292523395,1.04211628207723,0.4162103528248906,3
0.0860818641470512,0.37962664314992745,0.29354477900287623,3
0.772164923808315,0.9064878325056505,0.13432290869733543,3
0.762210313707908,1.13695025818668,0.3747399444787719,3
0.686040810699886,0.7921255521715721,0.10608474147168612,3
0.8718740856357945,0.9271556125128717,0.055281526877077214,3
0.5991840435372042,1.0437049907307752,0.44452094719357094,3
0.9773123025711937,0.8946687404924653,-0.08264356207872847,3
0.8489399346803489,0.8936693003855243,0.04472936570517538,3
0.614064404970935,0.5952755645138323,-0.018788840457102607,3
0.8044612567463141,0.8623832363696794,0.057921979623365316,3
0.913259997004702,0.9638049682939466,0.05054497128924462,3
0.8692982946713925,0.9116402627492668,0.04234196807787427,3
0.6235942730170829,1.1305597673221375,0.5069654943050546,3
0.63176292942614,0.7837633188220191,0.15200038939587912,3
0.6643612669671957,1.1517057265249866,0.48734445955779093,3
0.9291177404379805,0.8527584768554706,-0.07635926358250988,3
1.0217780496976978,1.041170351999945,0.01939230230224709,3
0.805970292057006,1.0278338574365278,0.2218635653795218,3
0.889425896782132,1.0790616365235834,0.18963573974145143,3
1.0961763156125377,1.0055747619928868,-0.09060155361965094,3
1.1186716427956411,1.0414319188105308,-0.07723972398511036,3
1.057349422811898,1.0845020798499925,0.02715265703809444,3
0.8161768543249164,0.964786576192242,0.14860972186732557,3
0.6236954746251843,0.9057769700100659,0.2820814953848816,3
0.6148494152050765,0.6035179444751881,-0.011331470729888382,3
0.6079660819623772,0.9388029411666011,0.3308368592042239,3
0.9207340156052034,1.0357016872892937,0.11496767168409028,3
0.9691038289976031,1.0766676212557527,0.1075637922581496,3
0.7234729237025624,1.0610299004151282,0.3375569767125658,3
0.8126126407490494,0.9775505923303379,0.16493795158128854,3
0.9718368535489775,1.051824659448115,0.07998780589913757,3
1.0531392929255163,0.9995812609132229,-0.05355803201229348,3
1.0224549840895498,1.0299750940689578,0.007520109979407996,3
0.8283262429323529,1.0660174163412977,0.23769117340894474,3
0.9428002467409923,0.9689838978013958,0.026183651060403546,3
0.8783671199885699,1.0586884519752042,0.18032133198663436,3
0.670040306591025,0.9325485508233483,0.26250824423232333,4
0.9495768661571152,1.0079493277454827,0.05837246158836751,3
1.063868316834863,0.998435262275516,-0.065433054559347,3
0.9625671846269339,1.026297631884656,0.06373044725772203,3
0.8419012418656682,1.100698929786999,0.25879768792133073,3
0.9266180545328063,1.0197459143094438,0.09312785977663751,3
0.7592825461927977,0.9020994040757909,0.14281685788299325,3
0.6500662769400963,1.0480416822098064,0.3979754052697101,3
0.7787820675104694,0.9331287361704284,0.15434666865995894,3
1.0377340937786688,0.9858213268682778,-0.05191276691039093,3
0.7600831763100289,0.9661119392965054,0.20602876298647654,3
1.0050912436070174,1.0391149196333447,0.034023676026327276,3
1.0021326847611571,0.9663073842460832,-0.03582530051507393,3
0.8910096230532465,0.8935637175595751,0.002554094506328597,3
0.8665728163118394,0.9323468283595322,0.06577401204769284,3
0.980533322277237,1.02429298462623,0.04375966234899309,3
0.8968845348482,1.0046186538788535,0.10773411903065355,3
0.9333321551174183,0.9912027245040258,0.05787056938660751,4
0.9407853259655822,1.0634634046866378,0.12267807872105563,3
0.7155961796314276,1.0434160484597435,0.3278198688283158,4
0.4621269122145997,1.1167658779630205,0.6546389657484208,3
0.8947329182230925,0.9278380791429489,0.03310516091985638,3
0.8644977854315775,1.124492993802742,0.2599952083711644,3
0.7441969429432759,1.0639016290762842,0.3197046861330083,3
0.9028595473176669,1.057712278211492,0.15485273089382512,3
0.8820029355114408,1.0322653351853588,0.15026239967391797,3
0.8065509035641799,0.9733850463922383,0.16683414282805842,3
0.9594188056718618,0.9854389617643239,0.02602015609246211,3
0.8496940414910509,1.0170510026024941,0.16735696111144327,3
0.8441565050634108,0.9773859575317659,0.13322945246835516,4
0.7224329806357361,0.8548631500116326,0.13243016937589647,3
0.9268628515934196,1.0351006777342235,0.1082378261408039,3
0.7726351440596207,1.012812790440782,0.24017764638116124,3
0.8994675723589349,0.9311513918278671,0.03168381946893217,3
0.7343982713975123,1.0680437297286596,0.3336454583311472,3
0.5888124542669237,0.7079881029818842,0.11917564871496045,3
0.6547570358696934,0.8314982547408338,0.17674121887114047,3
0.7443426754526782,0.7444716346742078,0.00012895922152966754,3
0.7170804231386412,1.0158786863524416,0.29879826321380043,3
0.8049909640238697,1.0306086893759931,0.22561772535212343,3
0.7611262135106347,1.0182711939216118,0.2571449804109771,3
0.9271590622444934,1.0150106525554183,0.08785159031092493,3
0.7801585585469452,0.9531718376127406,0.17301327906579544,3
0.8923641201729026,1.084638747372052,0.19227462719914945,3
0.6149023106671213,0.9893571430168014,0.37445483234968013,3
0.8550028277662427,1.1167759828261832,0.2617731550599405,3
0.868540622846287,1.0273903049493196,0.15884968210303263,6
0.6711381179703221,0.7026395982712024,0.03150148030088029,3
0.8585154395802743,1.0634834926130292,0.2049680530327549,3
0.6274976490234829,0.8338574548172375,0.20635980579375457,3
0.8388865535864583,0.957319922192387,0.11843336860592879,3
0.29795295031732244,0.48110398547021554,0.1831510351528931,3
0.9179220566437981,0.8694753930278502,-0.04844666361594796,3
1.088467017418823,0.9474693722546427,-0.14099764516418023,3
0.9101271811008302,1.0335010896403833,0.1233739085395531,3
0.5872225493662486,1.0135093664337622,0.4262868170675136,3
0.9164498511791237,1.0545533250742958,0.13810347389517208,3
0.9511668271808696,0.9118293839440103,-0.03933744323685939,3
0.6797514798526393,0.8661558583244515,0.18640437847181224,3
0.45662171259851864,1.2692033965132992,0.8125816839147806,3
0.37895137563908127,0.8677486530174509,0.4887972773783696,3
1.1176614483373546,1.0133224527304496,-0.10433899560690496,3
1.017524617860602,0.9996829288855302,-0.01784168897507188,3
0.8783079432513337,1.0555315656585063,0.1772236224071726,3
0.9626767619797738,1.0455443742291306,0.08286761224935679,3
0.5579912667149942,1.0112883308402272,0.45329706412523296,3
0.7783208242186648,0.9706787336085105,0.19235790938984576,3
0.9055973553615223,0.8690466729842609,-0.036550682377261445,3
0.9651566146101209,0.9651738082393942,1.719362927332657e-05,3
0.37737240912648956,0.8749293920494843,0.4975569829229947,3
0.6723939179454471,0.9734922605253926,0.3010983425799455,3
0.6579536168321105,1.0250177492827641,0.3670641324506536,3
0.8334247656607554,0.8863464959945766,0.05292173033382119,3
0.6375187395694407,1.107705583403596,0.4701868438341553,3
0.9662597540821223,1.0138006352155597,0.04754088113343746,3
0.7806056226998409,1.1050066482166607,0.3244010255168198,3
0.6948647034336265,1.076816804476293,0.3819521010426664,3
0.9763250189470586,1.0064173050184058,0.030092286071347174,3
0.7939448235358252,1.0022049497633976,0.2082601262275724,3
0.8395492850667527,0.9507574251123524,0.11120814004559965,3
1.1643285455365977,1.0276338771157776,-0.13669466842082012,3
0.7745255482455542,1.0442295399399735,0.2697039916944193,3
0.6422823557615565,1.053191313036454,0.4109089572748976,3
0.788922000113684,1.0035817746835123,0.21465977456982832,3
0.8004660280902158,1.102881379062604,0.30241535097238814,3
0.6020931314964476,0.984191073467832,0.38209794197138436,4
0.6867309762567166,0.9719657337798442,0.28523475752312755,3
0.5990966178816375,0.7810841319424656,0.18198751406082814,3
1.0113254054133853,0.9781964035038218,-0.03312900190956358,3
0.9068674809629165,1.0282333455248898,0.12136586456197329,3
0.9061800596010984,1.0776902048166679,0.1715101452155695,3
0.8593510743046133,0.9966102431832441,0.13725916887863077,3
0.7019370325703435,0.770484766843169,0.06854773427282557,3
0.8330802063431482,0.7994151562167928,-0.033665050126355345,3
0.6707654514644246,0.9286469970938859,0.2578815456294613,3
0.6916448120051488,1.0325638156697852,0.34091900366463634,3
0.6291135632668395,1.0100119323010348,0.38089836903419527,3
0.9211511660966665,1.091047867174979,0.16989670107831256,3
0.7800322437718077,1.0352091189733366,0.2551768752015289,3
1.0301860843913846,0.9046038237387923,-0.12558226065259226,3
0.6662107535610268,0.8673200589161656,0.20110930535513882,3
0.23069144990190157,0.7019753904209189,0.47128394051901734,3
0.9060332451688633,0.9269533472005815,0.020920102031718235,3
0.7554798125870767,1.0564083756127707,0.30092856302569393,3
0.728441075974334,1.1130443826732812,0.38460330669894716,3
0.8421356138366082,0.9663160647316164,0.12418045089500818,3
0.7955233009836604,0.9706570130541645,0.1751337120705041,3
0.8710204954678893,1.044624993343597,0.17360449787570764,3
0.7989781908077012,0.9360342306783899,0.1370560398706887,3
0.3786720291885553,1.2015336999149515,0.8228616707263963,3
0.8777407051022442,1.001718889725408,0.12397818462316368,3
0.8739728383413894,1.0532870483844516,0.17931421004306225,3
1.0785887740964804,1.0383725203886005,-0.040216253707879845,3
0.9686172260449893,1.012495282410617,0.04387805636562769,3
0.4231898623978774,1.1391859463022866,0.7159960839044093,3
0.8161765197405201,0.8939259454105113,0.07774942566999121,3
0.5351482071460942,1.043011832134442,0.5078636249883477,3
1.000150567945631,1.0232225778849324,0.023072009939301363,3
0.748207096152268,0.8461615171779066,0.09795442102563856,3
0.7684150579851134,1.1535884915448429,0.38517343355972944,3
0.9613164096347622,1.0008357762985312,0.039519366663768984,3
0.8787274059123089,1.01855513923344,0.13982773332113108,3
0.9511213874587177,0.8877176521702479,-0.06340373528846976,3
1.1087606028142318,0.9629101737742921,-0.14585042903993972,3
0.8238473263666304,0.8719567220447944,0.04810939567816397,3
0.8471955351862015,1.0578411035254276,0.2106455683392261,3
0.8856404255380356,0.9888489840975669,0.10320855855953137,3
0.610368091321888,0.8807792167461429,0.27041112542425494,3
0.746668252181012,0.9493355599602218,0.20266730777920983,3
0.4188604162424169,0.6392261332529282,0.22036571701051133,3
0.9296718486171869,1.035156906044862,0.10548505742767511,3
0.8644822717123818,0.9996061102456378,0.13512383853325605,3
0.7743088522510797,0.8501182569455323,0.07580940469445263,3
0.8962297922234979,0.9414651849393116,0.04523539271581378,3
0.6516528303865832,0.6410860316263415,-0.010566798760241691,3
0.9840733391315619,0.9869257551181828,0.002852415986620893,3
0.5028634520738465,0.8819247925987105,0.37906134052486395,3
0.8901384370698304,0.9766178263690863,0.08647938929925592,3
0.7759564973125246,0.900552279108456,0.12459578179593145,3
0.9048078573617069,0.9738854545513396,0.06907759718963269,3
0.9242243145404666,1.0617496960940227,0.1375253815535561,3
1.075731402279643,1.035700979310023,-0.040030422969620005,3
0.5571962154921766,1.0221963952736641,0.46500017978148755,3
0.7032057154886576,0.9242106175316938,0.22100490204303613,3
1.0031055090843608,1.0775637081241698,0.07445819903980899,3
0.79111960389895,1.1358470009905115,0.3447273970915615,3
0.6866016866590051,1.01198949646382,0.32538780980481496,3
0.9491251021299771,1.0280820673449245,0.07895696521494733,3
1.025855485130847,1.00582304930887,-0.020032435821977,3
0.9008160693471569,0.9106504032148015,0.009834333867644651,4
0.6814049270466468,1.0540979744206214,0.3726930473739746,3
0.5211108028042504,0.8106187407099383,0.28950793790568796,3
0.9505325977481422,0.9478460524466307,-0.002686545301511578,3
0.9434693702924615,1.0327421402219554,0.08927276992949396,3
0.9000442160898627,0.9497270531938244,0.04968283710396171,3
0.9596041279800334,1.0556472232667207,0.09604309528668731,3
1.0099603978006195,0.9350012744822467,-0.07495912331837284,3
0.7218185044929584,1.1654938923063825,0.4436753878134241,3
0.8480614724402187,1.0217086264930513,0.1736471540528326,3
0.6631564553511965,0.8841976880712922,0.22104123272009568,3
0.9307188624611655,0.894667598468802,-0.03605126399236358,3
0.546953846294269,0.9373054867680015,0.3903516404737325,3
0.7265254865402553,0.889635352846445,0.16310986630618973,3
1.0623303828042576,1.0194292757809083,-0.04290110702334937,3
0.6519966369255586,1.1444934472969226,0.49249681037136395,3
0.9897507234345017,1.0152715865957698,0.025520863161268115,3
0.8757064945789602,1.0615107273800153,0.18580423280105507,3
0.9246559170909128,0.8802578108483159,-0.04439810624259688,3
0.9005089833926497,1.0344852179838269,0.13397623459117713,3
0.8143458984439933,1.020568512644783,0.2062226142007897,3
0.856774479688157,1.0229350612519919,0.16616058156383484,3
0.7742182223404458,0.9457782942864649,0.17156007194601908,3
0.831880448385075,1.0382057848628081,0.2063253364777331,3
0.3249265581173159,1.0514964214201317,0.7265698633028157,3
0.9118220721109699,0.9873151739127811,0.07549310180181124,3
0.9791577554279975,0.9300389224907123,-0.04911883293728525,3
1.0614849706597096,0.9968732539941382,-0.06461171666557142,3
1.0185000864338036,1.0780718832595693,0.05957179682576563,3
1.1043424012987402,0.8933022836877655,-0.21104011761097463,3
0.631790946296066,1.0432545134852653,0.4114635671891993,3
0.9674298510471957,0.9847212204904982,0.01729136944330245,4
0.9012086525756452,0.975320686199691,0.07411203362404584,3
0.7968736639504579,1.137325424507789,0.3404517605573312,3
0.9156835688782193,1.0386931935656716,0.12300962468745225,3
0.8375361054941397,0.9913492869846621,0.15381318149052237,3
1.0407572993217133,0.9756338018884604,-0.06512349743325296,3
0.6656477464397301,0.9020747379071704,0.23642699146744028,3
0.7104742319783641,0.8272291647912713,0.11675493281290716,3
0.7347779615948682,1.0802946359787315,0.34551667438386335,4
0.9785444259382771,1.0154518955165863,0.03690746957830926,3
0.9138761413213496,0.8541979736771796,-0.05967816764417,3
0.8630048215806746,0.9799156367991138,0.11691081521843916,3
0.8844752963116411,0.9865721469835778,0.10209685067193663,3
0.7780281858991223,1.0307892116608048,0.2527610257616826,3
0.7244847868347394,0.8530040227533234,0.12851923591858405,3
0.9397292556847026,0.9985174480375099,0.0587881923528073,3
0.8325352623286466,1.0099482164113274,0.17741295408268076,3
0.15837854292672635,0.4291621295986638,0.27078358667193747,3
0.6951491279599322,1.0227414063199083,0.32759227835997606,3
0.3875183083114007,0.9804186500413623,0.5929003417299616,3
0.23528983568396772,0.5659858931208878,0.33069605743692004,3
0.9707959273521645,1.0297558500129695,0.058959922660805075,3
0.6564477980439712,0.8469741017491369,0.19052630370516566,3
0.9411251068881126,0.8672002229645767,-0.07392488392353591,3
0.7164241569789477,1.1549773152335026,0.4385531582545549,3
0.8538180025063202,0.9352981631177799,0.08148016061145968,3
0.3822069562841017,1.024116966087888,0.6419100098037862,3
0.25360761886587013,0.7760692865295601,0.52246166766369,3
0.6155027502656313,1.1123905313003601,0.49688778103472886,3
0.8059339515342672,1.1088599688043626,0.3029260172700954,3
0.7675262287915524,1.0890224529321735,0.32149622414062107,3
0.5441430653196426,0.777380390036923,0.23323732471728043,3
1.0288761010692773,1.0214114825489733,-0.0074646185203040005,3
0.1686844576975555,0.2968101851196428,0.1281257274220873,4
0.5086012161665139,0.9952586548628362,0.4866574386963223,3
0.7068389290546054,1.0675713718206692,0.36073244276606375,3
0.8246444581209581,1.0232076961197492,0.19856323799879105,3
0.9686624949675917,0.93964756262672,-0.029014932340871713,3
0.7857405342786026,1.0906326420533425,0.30489210777473996,3
0.839298468436531,0.9999605306634798,0.1606620622269488,3
0.8977926480078404,0.9761367314774517,0.0783440834696113,3
0.6574487451835244,1.0055193508712688,0.3480706056877444,3
1.0057536867623218,0.9509220000133322,-0.05483168674898964,3
0.7983321116374077,1.0586551678926,0.26032305625519225,3
0.6788561206823238,0.873517592386802,0.19466147170447823,3
0.6247974449811133,1.0426757917582308,0.41787834677711744,3
0.7215620776534821,1.0764521693482871,0.354890091694805,3
0.9455047082054037,0.9764743429807492,0.030969634775345534,3
0.8695712226882489,0.916356486780517,0.04678526409226802,3
0.9046240528230313,0.9938015696165878,0.08917751679355657,3
0.4786124326184338,0.6350091963409765,0.15639676372254274,3
0.8601284436945114,1.004566626139686,0.1444381824451746,3
0.9185760395366261,1.0826402981426968,0.16406425860607066,3
0.6916765461439349,1.0365424179428797,0.3448658717989448,3
0.9113607009477397,0.9045939596005254,-0.006766741347214333,3
1.002932753730521,0.9852162788446073,-0.01771647488591377,3
1.076694243176235,1.0511086836687598,-0.02558555950747521,3
0.7568242753871472,1.1014163286079475,0.3445920532208002,3
1.2079323831454827,1.0463287359339384,-0.1616036472115443,3
0.9570663239449375,0.8931970536750742,-0.06386927026986333,3
0.7487970695725616,1.0023741133368063,0.2535770437642446,3
0.9021130998385444,1.0118622962995731,0.10974919646102876,3
0.6120356951695579,1.0169245687213373,0.4048888735517794,3
0.6959692689774831,0.9806141468515803,0.2846448778740972,4
0.9388951447705898,1.029867017771121,0.09097187300053133,3
0.8453897629091507,0.8992901133575872,0.05390035044843655,3
0.928535382840642,1.0340157721868344,0.10548038934619242,3
0.6514259144481227,0.9291334604929447,0.27770754604482195,4
0.6391078421740342,0.9627709698010486,0.32366312762701444,3
0.8817326746579975,0.9687955956209244,0.08706292096292689,3
0.9750106063337645,1.0441189863781097,0.06910838004434527,3
0.7831765992968717,0.9047506732001136,0.12157407390324193,3
0.9876390091305485,1.0578879136167911,0.07024890448624266,3
0.6778219220849541,1.130823400380005,0.453001478295051,3
0.5872774499434912,0.9814229616618746,0.3941455117183834,3
0.8238720471186515,1.0942869624590148,0.2704149153403633,3
0.7889249518279766,0.9152332814286398,0.12630832960066318,3
0.7012702998458372,0.6831121040058089,-0.018158195840028313,3
1.0426765341425726,1.035231059943738,-0.007445474198834567,3
0.13445705315840897,0.3070112929981648,0.17255423983975585,3
0.6229288721203041,1.0994731325396536,0.4765442604193495,3
0.8254109509238222,0.9552613271307973,0.12985037620697504,4
0.7813232716868712,1.0650030296542043,0.28367975796733313,3
0.6228136458188639,0.9948263801942773,0.3720127343754134,5
0.6341635422505366,1.092321384685811,0.45815784243527446,3
0.9215308667425359,0.9068557181982315,-0.014675148544304406,3
0.8437636127758186,1.0452262469780833,0.20146263420226473,3
0.5843724416192024,0.9380315321636887,0.3536590905444863,5
0.9753380575112063,0.9861899268925122,0.01085186938130589,3
0.9628910991071862,0.9818679273393711,0.01897682823218494,3
0.18412215165407597,1.1585211954838108,0.9743990438297349,3
0.5043312236192227,0.6823173209715522,0.1779860973523295,3
0.6583517346048081,0.9126876111128298,0.2543358765080217,3
0.97411816460633,0.9530438909745114,-0.021074273631818685,3
0.9786065681924196,0.9020764609758581,-0.0765301072165615,3
0.664719571092648,0.9598602721107369,0.29514070101808887,3
0.6490328070032829,0.7680588964253092,0.1190260894220263,3
1.075790591341633,1.0142038695889328,-0.06158672175270019,3
0.7301605662087608,1.0709888542098989,0.34082828800113807,3
0.7702060409413718,1.0180166497955467,0.24781060885417494,3
0.8313910639796471,1.097344402996395,0.2659533390167479,3
0.7317890920815023,0.9240576874500851,0.19226859536858276,3
0.9715009172454735,1.0156634722700721,0.04416255502459865,4
0.9085639513481707,0.9508443814071429,0.042280430058972196,3
1.180952822004388,0.9278151289468267,-0.2531376930575612,3
0.823990441819543,1.0909024251170534,0.2669119832975104,3
0.744249650852173,1.1082252707832283,0.3639756199310553,3
0.9426161227562281,1.0347684194326026,0.09215229667637448,3
0.9175187292045268,0.922076244133472,0.004557514928945183,3
0.7900130055012592,1.015108887794551,0.22509588229329192,6
0.09015972587497252,0.20563571182237042,0.1154759859473979,3
0.6787513995911274,0.9166086757873168,0.23785727619618935,3
0.5428245129370656,0.8757089323209509,0.33288441938388535,3
0.8143090090351537,0.8498309349548485,0.03552192591969483,3
0.6305075552337458,1.0665541798999938,0.436046624666248,3
0.252046000556364,0.793016479117128,0.5409704785607641,3
0.5224409186575846,0.9334377763706879,0.41099685771310335,3
0.8936697293357116,0.946331863861243,0.05266213452553137,3
0.8365665679985853,1.0846785704290016,0.2481120024304163,3
0.7611129668545893,1.1507654236692266,0.38965245681463734,3
0.2208264206616359,0.780908671014707,0.560082250353071,4
0.8120811929153705,0.8456455640259538,0.0335643711105833,3
0.510362814192623,0.6784121561606423,0.16804934196801935,3
0.7148173475739489,0.9075753452892977,0.19275799771534885,3
0.978617503704089,0.9851362765463699,0.006518772842280973,3
0.7857780850563818,1.1319921382313753,0.34621405317499354,3
0.7193265249402412,0.9457948242654389,0.22646829932519774,3
0.9591176726168303,1.0031671481730506,0.0440494755562203,3
0.6312907342580631,0.7361279034762551,0.10483716921819197,3
0.6063847968651497,1.1655440154504177,0.5591592185852681,3
0.6602379324563579,1.0133377770185152,0.3530998445621574,3
0.9919443170976451,1.0044698793734235,0.01252556227577839,3
0.27741065593261877,0.9195348253240713,0.6421241693914526,3
0.6088086719281361,1.036102376278125,0.4272937043499888,3
0.9188075615297836,1.0932467022913968,0.17443914076161315,3
0.9989380626445206,1.0196399844800976,0.020701921835577064,3
0.9852475434724839,0.9975542170738103,0.012306673601326423,3
0.9440662245381919,0.983370693419895,0.039304468881703136,3
1.0571076794715448,0.9595799487088771,-0.09752773076266774,3
0.8070374596875384,1.0350144163110453,0.22797695662350692,3
0.8284980752452791,0.8632625903252931,0.03476451508001399,3
0.7624820753085162,1.0585231887752429,0.2960411134667267,3
0.7194940247461539,1.1651322679367158,0.4456382431905619,3
0.6649250046337488,1.034034098361746,0.36910909372799716,3
0.3486984790236013,0.7162739792558519,0.3675755002322506,3
0.6028709442185476,0.9550457343830623,0.3521747901645147,3
0.7421871514456093,1.0650263873307342,0.32283923588512486,4
0.8917238739362134,0.8997540589927413,0.008030185056527861,3
0.6496209441375542,1.003050214953687,0.35342927081613285,3
0.8542419221103122,1.0005837877697519,0.14634186565943963,3
0.894800617190194,0.9961328805260263,0.10133226333583234,3
0.9397809871480642,0.987010670817346,0.04722968366928171,3
0.5724884138151778,0.8766191047539527,0.3041306909387749,4
0.9382303015336853,1.012262915192683,0.07403261365899771,3
0.6950563131315037,1.0574032903272488,0.36234697719574505,3
0.6292455463144602,0.9588307001840036,0.32958515386954346,3
0.7296207239264083,0.9146161173224405,0.18499539339603221,3
0.7361721274232056,0.8123499769521101,0.0761778495289045,3
0.5770367472016746,0.9810637429515683,0.40402699574989365,3
0.9695499868635001,1.0422502173752215,0.07270023051172136,3
0.6143265810092416,0.8474063033555339,0.23307972234629226,3
0.4931302690515862,1.1424965410136172,0.649366271962031,3
0.304711087826885,0.6981947947955657,0.3934837069686807,3
0.7715558509300577,1.0398054715525036,0.26824962062244584,3
1.0780939545927803,0.9843588368799235,-0.09373511771285681,3
0.7537584918666145,1.0701731260933833,0.31641463422676885,3
0.3956703597625599,0.7220608073187562,0.32639044755619634,3
0.9294039445531239,1.0427222411931178,0.11331829663999393,3
0.3653326166075599,0.7515589492090157,0.3862263326014558,3
0.6242039352895453,0.9599089542532356,0.3357050189636903,3
0.9056136285225815,1.0071357753712553,0.10152214684867378,3
0.5985293478899855,1.078010574517857,0.4794812266278715,3
0.8777370162240725,1.056679395907922,0.1789423796838494,3
0.35767419306690085,0.8195530707146986,0.4618788776477978,3
0.9182059752972924,0.9989885268518824,0.08078255155459002,3
0.5438582726182719,1.1381822621266555,0.5943239895083836,3
0.9918982438075562,1.0229953500686086,0.031097106261052443,3
0.8319557252391251,0.7717070797789085,-0.06024864546021658,3
0.9728528769392144,1.0040693973286727,0.031216520389458324,3
0.5908417490460793,0.8713936593490198,0.28055191030294047,3
0.7845514852699262,1.0769296903073011,0.2923782050373749,3
0.7223697799367823,1.034779642143406,0.3124098622066236,3
0.787860962338558,0.9167624970338984,0.1289015346953405,3
0.6661111266656875,1.1046352810631583,0.43852415439747083,3
0.10289138597367982,1.1180422412684572,1.0151508552947774,3
1.067522557308006,1.0154149367677183,-0.052107620540287725,3
0.9048793135551668,1.0213707989900918,0.11649148543492494,3
0.7208091740443988,1.0329445734132474,0.3121353993688486,4
0.7988508639474778,0.9801046895998121,0.18125382565233428,3
0.9202269432432009,0.9658815426545899,0.04565459941138905,3
0.8374751306648958,0.9911040353140267,0.15362890464913093,3
0.5510525909433936,0.925748250573173,0.37469565962977935,3
0.9553914884995798,0.9495994717860865,-0.005792016713493275,3
0.7804004372812526,0.8252604537626823,0.044860016481429676,3
0.6124816720208616,1.1044563802557674,0.49197470823490586,3
0.8189680342968706,1.0443621912843317,0.22539415698746113,3
0.7433663046226291,1.0400123447411969,0.29664604011856777,3
1.0063023307003731,1.0183294252438404,0.012027094543467287,3
0.8341995666299479,0.9142038671329153,0.08000430050296747,3
0.6925647012241172,1.0945533928591697,0.4019886916350526,3
0.8340741562069486,0.919700745560548,0.08562658935359946,3
0.8825816851727198,1.0737991258404078,0.19121744066768798,3
0.9630628537345842,1.02469336549308,0.061630511758495876,3
0.8220823924305931,0.8302884657903575,0.008206073359764421,3
0.8451629123548032,1.0854587418147719,0.24029582945996864,3
0.5796917487449242,1.0513489184299187,0.4716571696849945,3
0.9170459444351708,0.8648324159441444,-0.05221352849102645,3
0.9259849724181229,1.0321711601950272,0.10618618777690425,3
0.8592117350629402,1.0628706001411385,0.2036588650781983,3
0.8927245155610887,1.019408587998036,0.12668407243694724,3
0.7575106916748783,1.0271334268793377,0.26962273520445945,3
0.92706787267942,0.9101381699517083,-0.01692970272771177,3
1.0290401672171239,0.9734743467865137,-0.0555658204306102,3
0.11705765874122362,0.37608935702715945,0.25903169828593586,3
0.2706919269440644,0.5379174998229089,0.2672255728788445,3
0.6634189822798674,0.9521741122945341,0.2887551300146667,3
0.9286060768679969,1.0306337726165364,0.10202769574853954,3
0.9051948465611608,1.0288056729375394,0.12361082637637866,3
0.6072313883090115,0.8840982685210836,0.2768668802120722,3
1.0084730458355136,0.9931716192501805,-0.015301426585333067,3
0.20160447762773437,0.5192364712680567,0.31763199364032235,3
0.8660921846033012,0.9793509239280624,0.11325873932476127,3
0.8777518483612188,1.0690313553334296,0.19127950697221086,3
0.8836090240214796,1.1111007194171036,0.22749169539562408,3
0.7913206699342397,0.9242544545502165,0.13293378461597682,3
0.7568620745622954,1.102965312042742,0.3461032374804467,3
0.6857000928244678,0.9958106962829495,0.31011060345848174,3
0.8870197213486322,1.0986411042953663,0.21162138294673416,3
0.7817247310460476,1.0806113841442824,0.2988866530982348,3
0.7248451493214517,0.9764042636124045,0.2515591142909528,3
0.9041569665567444,1.106255364791543,0.20209839823479858,3
0.9228174285786983,1.0213875551840497,0.09857012660535136,3
0.9518069113796869,0.9990251259620015,0.04721821458231468,3
0.9504845802669737,0.9297697151794934,-0.020714865087480328,3
0.8612401306134745,1.1098466325740977,0.24860650196062317,3
0.7217199078401424,1.0859117359358275,0.36419182809568507,3
0.8960466150561361,0.942885653548817,0.046839038492680896,3
0.7000358635392839,0.9150652862262966,0.21502942268701264,3
0.7536071992577463,1.0220956707876645,0.26848847152991817,3
0.8421969905834203,1.0727222850087443,0.230525294425324,3
0.6797635936248876,1.0867364673009758,0.40697287367608825,3
0.9691764344697743,1.0289833114950737,0.05980687702529941,3
1.0719381317676167,1.0190621338438242,-0.052875997923792495,3
0.8377864948286643,1.0626801616696506,0.22489366684098633,3
0.783475154794348,0.967179308147552,0.183704153353204,3
1.0571423390028118,1.033168158927413,-0.023974180075398754,3
0.8921046082832577,0.9836931142479342,0.09158850596467649,3
0.8205416494106449,1.0002522235336766,0.1797105741230317,4
0.6035336379643691,0.7190805898447982,0.11554695188042907,3
0.9981173172607863,0.988479693284873,-0.00963762397591339,3
0.8235299568077066,0.9350803394250586,0.11155038261735206,3
0.6164989639175944,1.095977707680854,0.4794787437632595,3
0.9356122733927317,1.1114576062357677,0.17584533284303605,3
0.9289368290988643,0.9694011031686525,0.04046427406978814,3
0.9760371969052855,0.9814268062047258,0.005389609299440323,3
0.806328972918624,0.8592906064000052,0.052961633481381165,3
0.8716544278828514,0.8963919960840547,0.02473756820120332,3
0.7446731470359109,0.9364424881875909,0.19176934115167998,3
0.9503142421082724,0.9368776322907442,-0.013436609817528256,3
0.8487285252316485,0.9951425014761399,0.14641397624449137,3
0.5537808248111592,0.986727865543577,0.43294704073241785,3
0.9189691946420804,0.9719395489783311,0.05297035433625075,3
0.8809095150460775,0.9539420641054752,0.07303254905939771,3
0.7201457611445492,0.9015974783593963,0.1814517172148471,3
1.0363636377286802,0.9789499889118964,-0.05741364881678379,3
0.6973378762558762,0.9707458220535127,0.2734079457976365,3
0.7237619507564692,1.1573297910828813,0.43356784032641205,3
0.7852248917998619,1.0284596947635523,0.24323480296369038,3
0.3370686036335411,1.0188868650647063,0.6818182614311652,4
0.8247241323475933,1.124651280888904,0.29992714854131064,3
0.5482369341439912,0.9710502611082585,0.4228133269642673,4
1.0118457779756458,1.006960076314703,-0.0048857016609427095,3
0.839272067036733,1.0206160772757513,0.18134401023901836,3
0.6869497135204654,1.0626034301371754,0.37565371661671,3
0.6790403243883687,1.0443593815463001,0.36531905715793145,3
1.1025833310804682,0.9966839465731535,-0.10589938450731473,3
0.7425732998990175,1.0348620749898285,0.29228877509081097,3
0.8572112135809135,1.0300024299684325,0.17279121638751904,3
0.9192967917726556,0.9295640269039787,0.010267235131323105,3
0.9478288469300402,0.9883562873698054,0.040527440439765194,3
0.641543744284934,0.7177599322077406,0.0762161879228066,3
0.4738726668316608,0.8199363648335419,0.34606369800188114,3
0.9169202388510189,0.8720351708519154,-0.04488506799910352,3
0.9269311012558672,0.8501128515032619,-0.07681824975260532,3
0.9565588010522376,1.0928247487466218,0.13626594769438427,3
0.41959716930294444,0.6323764443750208,0.2127792750720764,3
0.9140974332565222,1.016395361677409,0.10229792842088692,4
0.9268415023982214,0.9867239471803029,0.05988244478208149,3
0.8646500586046922,0.9606820836988363,0.0960320250941441,3
0.7547583868177872,1.084288256386961,0.32952986956917374,3
0.7550118617749434,0.9031850952451882,0.1481732334702448,3
1.017683596635119,1.0299130142908877,0.012229417655768682,3
0.7938095603710511,0.8648690397226483,0.07105947935159718,3
0.28802102448283173,0.778017670852395,0.4899966463695633,3
0.8211027078159598,1.0686088984507962,0.24750619063483636,3
1.0519784651937472,1.0437115265109944,-0.008266938682752745,3
0.7195826083685003,1.0419456289396591,0.32236302057115884,3
0.9051952437680217,1.0607068021471755,0.15551155837915376,3
0.38630090030705305,0.7155501146859707,0.3292492143789177,3
0.7591730960211334,1.022020447155103,0.26284735113396973,3
0.4259971781383676,0.8846556244371442,0.45865844629877656,3
0.7112397743864325,1.0457471299102632,0.3345073555238307,3
0.8095042705347978,0.8258380200710687,0.01633374953627087,3
0.9373279575193476,1.0587048264365237,0.12137686891717614,3
1.0572348620675978,0.9829315290355515,-0.07430333303204628,3
0.7072187971925471,1.0360282334406772,0.3288094362481301,3
0.7404741593407413,1.0622205354663328,0.3217463761255914,3
0.9197650513157596,1.043195737398311,0.12343068608255137,3
0.866411665716353,1.0605810080385978,0.1941693423222448,3
0.2695187278619545,0.728413636568291,0.4588949087063364,4
0.9232094028272051,0.9826041302082944,0.05939472738108931,3
0.8108111887201142,1.1011675458228545,0.2903563571027403,3
1.0172179201335445,1.0155342031951553,-0.0016837169383892014,3
0.5220512974966384,1.0893078953212962,0.5672565978246579,3
0.8701975658997343,0.9681142634009776,0.09791669750124332,3
0.8266654246463562,1.0295974687965175,0.2029320441501613,3
1.042811809028398,0.8701062974520253,-0.1727055115763727,3
0.7977169333836125,0.986351291000169,0.18863435761655656,3
0.8284572686294069,0.9296053775551781,0.1011481089257712,3
0.9145416880302855,0.9691596115082473,0.054617923477961794,3
0.8316695253343314,0.9205957479691174,0.088926222634786,3
0.8101724221334647,1.0624188919302018,0.25224646979673704,3
0.9085643128957934,0.9799618354005638,0.07139752250477038,3
0.7495732114163391,1.134852427817023,0.38527921640068374,3
0.8547618836058186,0.961236289086281,0.10647440548046239,3
0.7700109067658664,1.0123763712682026,0.2423654645023362,3
0.5972337859200746,1.0041794771422687,0.40694569122219415,3
0.8528029973907487,1.097688503251407,0.24488550586065827,3
0.057368623029406006,1.0112653930672413,0.9538967700378352,3
1.0426847834479285,1.02812953531769,-0.014555248130238452,3
0.9097067087211271,1.0864919664254482,0.17678525770432107,3
0.7790534385228576,0.825273788213001,0.046220349690143436,3
0.8204423358921074,1.0258194452946026,0.2053771094024952,3
0.8526533584145819,1.0247149757264649,0.17206161731188296,3
0.5232804616490833,0.8493998475019877,0.32611938585290445,3
0.5522262449127149,0.9214931939334428,0.3692669490207279,3
0.9368629149759578,1.0774810753750559,0.14061816039909814,3
0.9532457489895568,0.9480941418707024,-0.005151607118854429,3
0.7376876230408124,1.0264246751458246,0.2887370521050122,3
0.7782221585414422,0.9484936412339176,0.17027148269247538,3
0.8714960661704269,1.0739253621015934,0.20242929593116654,3
0.9569877627564342,1.0464309761072605,0.08944321335082639,3
0.8319873583442581,0.8790951607436585,0.04710780239940038,3
0.985037484657794,0.9940006522231455,0.008963167565351537,3
0.9390481732983457,0.9484499925020297,0.009401819203683992,3
0.7436748777657157,0.971245424897047,0.2275705471313313,3
0.9990238659507011,0.9840903695452724,-0.014933496405428737,3
0.730038202241304,0.8748054411615168,0.14476723892021282,3
0.8864560823022138,1.092769912426876,0.2063138301246621,3
0.7272237977650379,1.1749659789303546,0.4477421811653167,3
0.7884013001923007,0.9366267824336166,0.14822548224131593,3
1.0039848903624249,1.033037414233064,0.02905252387063917,3
0.9459457115741177,0.9778624543938117,0.03191674281969403,3
0.8250642806033106,0.8964333583621154,0.07136907775880474,3
0.869497148137295,0.994550124122366,0.12505297598507104,3
0.898890853417663,0.8953866587712259,-0.003504194646437031,3
0.7929933124008199,0.9801609427664705,0.18716763036565054,3
0.693363159511032,0.9839882878319764,0.29062512832094445,3
0.8964266606607478,1.0600634676692862,0.16363680700853833,3
0.9805124542929807,0.9978816169244114,0.017369162631430624,3
0.6483900890820656,1.1686403398042429,0.5202502507221772,3
0.8218896556183211,0.8773660478247237,0.05547639220640266,3
0.8754226523391535,1.1200493614407372,0.24462670910158368,3
0.8616979057488425,1.0410369083863908,0.17933900263754832,3
0.6236036901929265,1.0502223548648562,0.42661866467192966,3
0.7386541982068029,0.9487456447261747,0.21009144651937184,3
0.8161492919396227,1.0442424817221823,0.22809318978255955,3
0.7758195271743832,1.0477761758344204,0.2719566486600372,3
0.9355334103239962,1.0622948678880113,0.12676145756401513,3
0.7160410088908757,0.9277242134487891,0.21168320455791334,3
0.8002358647242873,1.1168063079657784,0.3165704432414911,3
0.33805502215640004,0.8202645088558032,0.4822094866994031,3
0.996565129971713,1.0574798245401529,0.0609146945684399,3
1.028214982873962,1.009771431186646,-0.01844355168731604,3
0.7327544472282397,1.108174261449023,0.3754198142207834,3
0.7421545845684966,0.8961271317257171,0.15397254715722053,3
0.42333143802366763,0.7823595252482263,0.35902808722455865,3
0.9923797569264822,0.9920003205355792,-0.0003794363909029874,3
0.8774098286754266,1.0001055539156398,0.12269572524021322,3
0.978690413193559,1.0455079908815312,0.06681757768797225,3
0.9586538015635657,1.0265643535656583,0.06791055200209262,3
0.775813389994642,1.0523011713223145,0.2764877813276725,3
0.7079827262527656,1.1323244284843628,0.4243417022315972,3
0.8077564261759766,0.9759302819774707,0.16817385580149402,3
0.5483171384355835,1.0494479735534945,0.501130835117911,4
0.7759015863696113,0.883144540283926,0.10724295391431471,3
1.0228913514245614,1.0157618346495698,-0.007129516774991629,3
1.0840465047061956,0.9989115240764909,-0.0851349806297047,3
0.6679207220655137,1.0057091683825639,0.3377884463170502,3
0.8860296389986413,0.888909655131348,0.0028800161327067197,3
0.9274078981996039,1.0444812930410543,0.1170733948414504,3
0.8958996669303982,1.1017568439590786,0.20585717702868034,3
0.9572758518496931,0.9470143053046659,-0.0102615465450272,3
0.5132802579129802,0.7391242436604746,0.22584398574749442,3
0.9034409576303037,0.9699773965615294,0.06653643893122563,4
0.6372014863376123,0.9871942588890672,0.3499927725514549,3
0.8787473401320235,0.8945402259169803,0.015792885784956856,3
1.0331627783996804,1.0212862587803941,-0.011876519619286263,3
0.780224742683961,0.9823295326165795,0.2021047899326185,3
0.5241567144506251,0.9497885087846321,0.425631794334007,3
0.6709852776935371,0.9670021349284835,0.2960168572349464,3
0.9238831406644139,0.9161902909144704,-0.007692849749943553,3
0.7025901649845356,0.9079498992252291,0.20535973424069343,3
0.9488480710873265,0.9239597726631322,-0.024888298424194266,3
0.9165626560431669,0.8426291476982414,-0.07393350834492551,5
0.8746410903304058,0.8934675417183675,0.018826451387961685,3
0.2592530258160463,1.0007392222241143,0.7414861964080679,3
0.7958623660419828,1.0560769191874626,0.2602145531454798,3
0.9679395684404262,1.054464462644218,0.08652489420379172,3
0.6226281775996753,0.7536850698828081,0.1310568922831329,3
0.18820144849510098,0.7340929681498958,0.5458915196547948,3
0.7757191676684468,1.0032835818405872,0.22756441417214035,8
0.8964264182565531,0.8606018123663158,-0.03582460589023728,3
0.8772437462819037,0.8186525891409955,-0.058591157140908234,3
0.46109411002944123,0.7527998566542247,0.29170574662478344,3
0.6620765784225461,1.0827537932280413,0.42067721480549525,3
0.8037147601792907,0.9315840097649906,0.1278692495856999,3
0.9821485176453131,0.9795727376317578,-0.0025757800135552955,3
0.993141105932285,1.0209171182467465,0.027776012314461473,3
1.0562123538182064,0.9789926124625007,-0.07721974135570575,3
0.8267268803499119,1.1094816118380793,0.2827547314881673,3
0.7955306042447474,1.000010463859918,0.20447985961517068,3
0.8555325640042069,1.0969165425898233,0.24138397858561644,3
0.8895732594376773,1.0868906161853324,0.19731735674765516,3
0.3593883364636066,1.2737786885646265,0.9143903521010199,3
0.8451790732599783,0.9401609098688807,0.09498183660890236,3
0.8499243708850565,1.0051104748615294,0.15518610397647292,3
0.8269563602766902,1.0129950203354334,0.18603866005874325,3
0.7648535219172706,0.9850630487193678,0.22020952680209716,3
0.5274096171332522,0.7366100971631694,0.2092004800299172,3
0.9880901241321973,0.9274914630777852,-0.06059866105441214,3
0.5166668325864872,0.9050834276357536,0.3884165950492664,4
1.0098956226350426,1.0290654514864497,0.019169828851407056,3
1.0500930909376143,0.9354049480405617,-0.11468814289705254,3
0.9414372165496707,0.968820710219628,0.027383493669957293,3
1.0762852884788696,0.8969872765529197,-0.17929801192594996,3
0.8493814197349601,0.9249846087803218,0.07560318904536178,3
0.9557516033782942,1.0056224480350078,0.04987084465671354,3
1.1830919559391975,1.0229945694648872,-0.16009738647431027,3
0.5940795115021414,1.0929010465706679,0.49882153506852644,3
0.6657259834115503,1.0044616336439545,0.33873565023240415,3
0.879833605938748,1.063571215896312,0.18373760995756394,3
1.0257470814198524,1.0304842542502342,0.004737172830381775,3
0.8402316845286657,1.040851613245638,0.20061992871697232,3
0.6069102546869954,1.0388383533042076,0.43192809861721215,3
0.7988340050563287,1.1295196130548653,0.3306856079985365,3
0.7191350580149228,1.1179121007160902,0.3987770427011673,3
0.9723130351057339,1.0213368623258874,0.049023827220153526,3
0.9043241207897856,1.0799244254617855,0.17560030467199983,3
0.7894467138537207,0.9857340112370678,0.19628729738334716,3
0.9914664886749416,0.9492179321736623,-0.04224855650127923,3
0.7448825733948818,1.0998022844483235,0.35491971105344167,3
0.4368191270250537,0.9912757176917666,0.5544565906667129,3
0.7562946453056617,1.0066888269477314,0.2503941816420697,3
0.9520929064666293,0.9645176939832767,0.01242478751664744,3
1.0488012993100055,0.94999382262578,-0.09880747668422551,3
0.6891802147254491,0.9866207036873238,0.2974404889618747,3
0.9538095465275502,1.0311125845966864,0.07730303806913619,3
1.014804761400063,1.0158432594549431,0.0010384980548800993,3
0.632137653854493,0.8654737461523458,0.2333360922978528,3
0.9793941123420332,0.9884613882791168,0.009067275937083563,3
0.5348157740241563,0.7602793898635837,0.22546361583942742,3
1.0214026255827808,1.0555040274218819,0.03410140183910104,3
0.9640423053390565,1.0019453839285837,0.03790307858952713,3
0.7910637076553287,0.9821959588516899,0.19113225119636112,3
0.6247598862951613,1.0446907410931512,0.41993085479798986,3
0.4325045789541315,0.9899056028849644,0.5574010239308329,3
0.40118990508056124,0.9570790947970069,0.5558891897164457,4
1.0497067706226983,1.027199125416183,-0.02250764520651538,3
1.031741645328154,0.9157965956381373,-0.11594504969001673,3
0.714795224337543,0.817251203870575,0.1024559795330321,3
0.7508931222544608,0.9444443355769696,0.1935512133225088,3
1.0499269567567806,1.005180062311752,-0.04474689444502866,3
0.9080969991654627,1.0922180743490284,0.18412107518356569,3
0.9510774794692604,0.965318524921573,0.01424104545231264,3
0.8104300516412906,1.0161905999318865,0.20576054829059598,3
1.0605126085957322,0.9725758423937121,-0.08793676620202007,3
0.9062374589738271,0.9902546401796355,0.08401718120580837,3
0.8323327348873808,1.076467845191685,0.24413511030430413,3
0.8357311796462759,1.0488436584474123,0.21311247880113648,3
0.6332990605657985,0.9806597276514873,0.3473606670856888,3
0.9615195488279823,0.8713290936930368,-0.0901904551349455,3
0.8089107891385663,1.0972760405727446,0.28836525143417835,3
0.9856929174602074,0.9744917258064347,-0.011201191653772646,3
0.9509069707956159,1.0154846249116385,0.06457765411602256,3
0.9189838367671974,0.9493560595692357,0.03037222280203833,4
0.693785633434038,0.8227131763901705,0.1289275429561325,3
0.5819338973908514,0.9938916766454161,0.41195777925456467,3
0.6576710408621518,0.99088297887617,0.33321193801401827,3
0.9398957610745241,1.0262689352044452,0.08637317412992107,3
1.0776080051772117,0.9874729972548684,-0.0901350079223433,3
0.9303458016949984,0.9757859048651119,0.04544010317011349,3
0.9282064367047048,0.9398986154262821,0.01169217872157724,3
0.8907655940542134,1.0265632595162175,0.1357976654620041,3
0.8948540654859041,1.0431540085826485,0.14829994309674444,3
0.9215507471353983,1.041833923971289,0.12028317683589074,3
0.9614187652821378,0.9678450934073964,0.0064263281252586735,3
0.5880950185843978,1.1885621590408308,0.600467140456433,3
0.7523411405610165,0.8567221645134767,0.10438102395246018,3
0.9399151955456616,1.0043467548896108,0.06443155934394917,3
0.8961288728105109,0.9594202193005203,0.06329134649000945,4
0.9855640368773548,1.0374099981625533,0.05184596128519847,3
0.7790715026678801,1.0088849987249047,0.2298134960570246,3
0.7954912942754434,1.0243499703862586,0.22885867611081523,3
0.7053376617478313,1.0228674645277525,0.31752980277992116,3
0.6514272373381417,0.6477954881242931,-0.0036317492138485674,3
0.6773100383788886,1.0992421523650697,0.42193211398618113,3
0.7905026355880747,1.1460728632125254,0.3555702276244508,3
0.8271262899047795,0.9639890637545732,0.13686277384979362,3
0.9766827300249665,0.9231045802830075,-0.05357814974195907,3
0.8342678971365313,0.8459947551343362,0.01172685799780493,3
0.9885824637473011,1.0225594409057153,0.03397697715841419,3
0.7609187282202231,0.9056161272469294,0.1446973990267063,3
0.24833054584761252,0.4640484180853661,0.2157178722377536,3
0.9430516853340428,0.9863174276023852,0.043265742268342344,3
0.7880929241469328,1.006417120668821,0.21832419652188828,3
0.8233279844049675,1.1120337118356516,0.2887057274306841,3
0.5557464906208625,0.7463549480971997,0.19060845747633726,3
0.9089030166256005,1.0681072236417377,0.15920420701613724,3
0.9013908137220195,1.0361912151528136,0.1348004014307942,3
0.9076149038159622,0.8137948867715538,-0.09382001704440845,3
0.9391139956329421,0.9236303311140726,-0.015483664518869511,3
0.9210918399029031,0.9987842096533219,0.07769236975041882,3
0.45345585985465037,0.8349387807090721,0.38148292085442176,3
0.8834066518054062,0.9288649404854177,0.04545828868001145,3
0.1342733765436199,0.40255668348170764,0.2682833069380878,3
0.5999652405562976,1.059225432671671,0.4592601921153734,3
0.860271182198385,0.9321784567441082,0.0719072745457231,3
0.893500414024702,1.101979839427105,0.20847942540240294,3
0.4248434288474543,1.126053806118272,0.7012103772708178,3
0.7817862840583913,1.1110594611183906,0.32927317705999926,3
0.5785703650673877,0.7500975288441699,0.17152716377678223,3
0.5606286060277573,0.8423966953509946,0.28176808932323727,3
0.7854535230650903,1.004098113257034,0.2186445901919436,3
0.8589165648458561,1.0424945849670273,0.1835780201211712,3
0.7201039860998633,1.0942460375844332,0.3741420514845699,3
0.6101778400275001,1.009067742294133,0.3988899022666329,3
1.0260041584876545,1.0606796132035778,0.03467545471592337,3
0.7812828573505669,1.0065160831144366,0.22523322576386973,3
1.0406183602670445,0.9916111795952418,-0.04900718067180265,3
1.0362101106402761,0.9920658356715762,-0.04414427496869988,3
0.8645715874590133,1.1101411506362127,0.24556956317719936,3
0.937975022366021,0.9308632811730012,-0.007111741193019827,3
0.8267092433188785,1.0427678904468791,0.2160586471280006,3
0.708145210463313,1.0825961270673832,0.37445091660407015,3
0.8868381503870428,0.9998500014207984,0.11301185103375555,3
0.8573634522869966,1.0445616788398706,0.187198226552874,3
0.8083041345969695,0.8836763287900087,0.0753721941930392,3
1.025038694985625,1.0368391293905659,0.01180043440494094,3
0.34832778847307466,0.8769319312162711,0.5286041427431964,3
0.9316178997118895,1.060309066487841,0.1286911667759515,3
0.7748861534917371,0.9927756127277513,0.21788945923601422,3
0.386809410810554,0.7230223025204919,0.33621289170993796,3
0.7206273166136921,0.887687176819945,0.16705986020625296,3
0.7956129735133136,0.8772655624315089,0.08165258891819527,3
0.8509408192888218,0.9014537113937028,0.05051289210488097,3
0.7927652668826133,1.0537515869348755,0.2609863200522622,3
0.9452370515632507,0.8929929973457591,-0.052244054217491565,3
0.8463195687603998,1.0450206321668043,0.19870106340640448,3
0.9836422668556886,0.9119390509741583,-0.07170321588153028,3
0.8069199485979937,0.8449365539002607,0.038016605302267026,3
0.8306864716915183,1.0707610768979978,0.2400746052064795,3
0.6423146930706334,1.0593452033463056,0.4170305102756722,3
0.7936086813595515,1.017828827011631,0.22422014565207937,3
0.6673863189584318,0.9937921198821377,0.32640580092370586,3
0.8143936743980671,1.057019437881226,0.242625763483159,3
0.6037217920890491,1.172716236648532,0.5689944445594829,3
0.8922913623387017,0.9832330917251169,0.0909417293864152,3
0.3677795333813382,0.5959940515223572,0.228214518141019,3
0.9518922616538303,0.9379705030463998,-0.013921758607430501,3
0.4732968468001399,0.7437227418220703,0.27042589502193043,3
0.9690105542410928,0.9113698959525106,-0.057640658288582225,3
0.9117634151206799,1.0646786357960425,0.15291522067536256,3
0.883031764601922,0.940139612875971,0.05710784827404902,3
0.5244278855481843,0.847592578667402,0.3231646931192177,3
0.7780760081273497,1.093546924382183,0.31547091625483326,3
0.8016405968457168,1.0586388420786237,0.25699824523290693,3
0.6293514281617693,1.0571580216908536,0.42780659352908434,3
0.9267240988305754,0.9493753139677862,0.0226512151372108,3
0.7142524258237287,0.8816714338504985,0.1674190080267698,3
0.5440012201336694,0.8932506029838172,0.34924938285014784,3
0.7773715792480045,0.8180444417021067,0.04067286245410218,3
0.9635317653853361,1.0528746410960075,0.08934287571067134,3
0.7691770397816097,1.079124193620972,0.3099471538393622,3
0.6160732332534111,0.8873714836367176,0.27129825038330646,3
1.0988980667841224,1.0489515166716212,-0.049946550112501154,3
0.657945542745304,0.840131270252645,0.18218572750734097,3
0.935165219281674,0.939088248682471,0.003923029400797029,3
0.5394466970327729,1.1137453975405802,0.5742987005078073,3
0.8126113203216643,0.8846795940691713,0.07206827374750702,3
0.7563471387054921,1.0823636688790765,0.32601653017358445,3
0.7618438369036904,0.9304252079159905,0.16858137101230009,3
0.9266770970811729,0.8863616843642393,-0.04031541271693351,3
0.7477923589481429,1.0551843103549894,0.3073919514068465,3
0.7938213468891938,1.0611812468401192,0.26735989995092535,3
0.8072067934724386,1.0956938639138745,0.28848707044143584,3
0.6835538988261167,1.1103930405639857,0.42683914173786897,3
0.9568648563069551,1.0297912756757834,0.07292641936882838,3
0.32675591728460307,0.6809684060822964,0.3542124887976933,3
0.8949095220767246,1.0517470640505875,0.1568375419738629,3
0.6577903214362539,0.99145137696216,0.3336610555259061,3
1.0024272645331656,1.021489610566562,0.019062346033396516,3
0.8988205628976218,1.1019826713516756,0.2031621084540538,3
0.6985491520789963,1.0488276496711935,0.3502784975921972,3
0.8408621603716149,1.1144008950220836,0.27353873465046874,3
0.9395322342575306,0.929458432825465,-0.010073801432065599,3
1.0331847537967502,1.046913948274749,0.013729194477998696,3
1.0115645032832545,0.9791496570422558,-0.032414846240998774,3
0.14058341419553758,1.0289804280797348,0.8883970138841972,3
1.042827066161756,0.9547256784342499,-0.08810138772750609,3
0.6684241080309625,1.0064751454560126,0.33805103742505005,3
0.4652253321632773,1.1411917322641036,0.6759664001008263,4
0.7551331759910413,0.95933072623871,0.2041975502476686,3
0.9372841614909965,1.0394341504692681,0.10214998897827166,3
0.8626711805080477,0.9674632158314634,0.10479203532341574,4
1.050211672338726,1.0001849601689559,-0.05002671216977017,3
0.39920761981619485,0.4825115718155456,0.08330395199935076,3
0.8997495593014879,0.9701657085972524,0.07041614929576445,3
0.671790086825996,0.9779180231932342,0.30612793636723823,3
0.9071203196098753,1.0863093639359318,0.17918904432605653,3
0.6806168576837767,1.1058556794758854,0.4252388217921087,3
0.36531208125582,1.2486685695734303,0.8833564883176104,3
0.9005375119965511,0.9816570481754381,0.08111953617888701,3
0.4647990808131388,0.8435854927753285,0.37878641196218965,3
0.9396710182089677,0.9496627903707436,0.009991772161775936,3
0.7055981592701257,0.9211424281147609,0.21554426884463518,3
0.8042532383426817,0.9555343870003921,0.15128114865771036,3
0.9155013402296859,0.9274919718253075,0.011990631595621637,3
1.0825601724690768,0.9477160580927027,-0.1348441143763741,3
0.8721859168562842,0.8362099234981708,-0.03597599335811341,3
1.0023466762757227,1.0336673173377986,0.03132064106207588,3
0.8052966155461011,1.0219358080742573,0.21663919252815622,3
0.8386929218605355,0.918311917527245,0.07961899566670949,3
0.9064098105635366,0.8732135263573336,-0.03319628420620302,3
0.82073727021691,1.0063007976145446,0.1855635273976346,3
0.7968929404055575,1.0154510012322215,0.21855806082666407,3
0.9687833818702192,1.0686377698584144,0.09985438798819524,3
0.804730822524669,1.046163715683714,0.24143289315904504,3
0.7889091376156288,0.8743997592521533,0.08549062163652454,3
0.5597949992599974,1.0216334035739572,0.4618384043139597,3
0.9377951796894879,1.0100400809260697,0.07224490123658178,3
0.9414055918404871,1.0704967039217108,0.1290911120812237,3
0.791045975690354,1.1008390940485757,0.30979311835822176,3
0.6207858884398888,0.9845099318698688,0.36372404342998,3
0.8864943862272606,0.8396891842143095,-0.04680520201295113,3
0.5414117238460059,1.015071330380968,0.4736596065349621,3
0.7895066934820432,0.989078875573421,0.19957218209137784,3
0.8730693673125635,0.9741599334264901,0.10109056611392664,3
0.7866668573798488,1.0762215171497231,0.2895546597698744,3
0.3267630436393449,0.7624720640327738,0.4357090203934289,3
0.8969099823137443,1.0465138877221396,0.1496039054083953,3
0.6402700473558992,0.7674158575333766,0.1271458101774774,3
0.4820778741857679,0.8598917103284739,0.37781383614270597,3
0.31872255551055717,1.186366882584893,0.8676443270743358,3
0.9277369552383086,0.9872380059970001,0.0595010507586915,3
0.4653971244953583,0.910982790469589,0.44558566597423066,4
0.6594660471210869,0.9958544987543441,0.33638845163325715,3
0.6903265628441682,0.9611169000030093,0.27079033715884115,3
0.8412274815700505,1.1162657910194378,0.27503830944938734,3
0.9180448248538428,1.074422684530134,0.15637785967629114,3
0.901773894167731,0.9797293895078957,0.07795549534016466,3
0.8659831944043879,1.0640482492016217,0.1980650547972338,3
0.9057793703688994,0.9610950971822667,0.05531572681336727,3
0.4390678870309836,0.6718369186095078,0.2327690315785242,3
0.7153288531355513,0.9575059999260047,0.24217714679045343,3
0.824975687371806,1.0923927005117897,0.2674170131399837,3
0.6946404410741402,0.8321928343133695,0.1375523932392293,3
0.8400963772606335,1.0775372907068235,0.23744091344619,3
0.7239785408478501,1.1196505990434948,0.39567205819564477,3
0.9907346992586593,1.0137703673028406,0.023035668044181334,3
0.9925240506182238,0.9795034368584566,-0.013020613759767152,3
1.0326067776251648,0.9043688126573979,-0.12823796496776696,3
0.590873249144722,0.8622197756065821,0.2713465264618602,6
0.6840421245467863,1.1197231582094616,0.4356810336626753,3
0.4321206478981046,1.2482861801405074,0.8161655322424028,3
0.5508480547359735,0.8384635557930649,0.2876155010570913,3
0.8648758878525453,0.9567115269544424,0.09183563910189707,3
0.9750456703983386,0.9997799648434939,0.02473429444515529,3
0.9082487815570814,1.1285458074272463,0.22029702587016486,3
0.849370872452526,1.066212483803184,0.21684161135065794,3
0.5451698146078736,0.9876403697453568,0.44247055513748323,3
0.954729195327962,1.072836144607494,0.11810694927953214,3
0.9582245779043291,0.9070221363325794,-0.05120244157174969,3
1.0016312948452757,0.9341465729604537,-0.06748472188482202,3
0.8504176202998226,1.0123451939662245,0.16192757366640187,3
0.7635051970926408,0.9148346865419189,0.15132948944927815,3
0.9246218944777432,1.074736410746889,0.15011451626914585,3
0.6141357984987329,1.0182872672884413,0.4041514687897084,3
0.9698474987613032,0.9409395161658873,-0.028907982595415826,3
0.9826064493403611,1.0113015666967993,0.02869511735643815,3
0.7850483910172141,0.9884381738979847,0.2033897828807706,3
1.0110289802098147,0.91394020672882,-0.09708877348099465,3
0.6540430466466216,1.0870143289941885,0.4329712823475669,3
0.9032857839771902,0.8107620020844166,-0.09252378189277355,3
0.8254245079642112,1.0246520114036772,0.19922750343946605,3
0.9108971992317223,1.0627448258666115,0.15184762663488915,3
0.8745500705447246,0.836585420717445,-0.03796464982727954,3
0.7918818203599505,0.9424808537683859,0.1505990334084354,3
0.7959403398424474,0.9846925237191639,0.18875218387671655,3
0.2626575670850182,0.6750987752572447,0.4124412081722265,3
1.0567369846639694,1.0311472451688806,-0.025589739495088804,3
0.7113753789782279,0.9667934194644867,0.2554180404862588,3
0.7141140094873207,1.0076738170381072,0.2935598075507865,3
0.7424257134216683,1.0904519075818797,0.3480261941602114,3
0.0531130379451229,0.20424088957525643,0.15112785163013354,3
0.944351021442189,1.0184872850980147,0.07413626365582571,4
0.6704705885229654,0.7743978399010961,0.10392725137813075,3
0.7847804167826734,1.0520187831773793,0.2672383663947059,3
1.0082289286598982,0.9769833127834701,-0.031245615876428157,3
0.9124796459253217,1.0155002520995162,0.1030206061741945,3
0.7097088106551588,0.9335318966513156,0.22382308599615686,3
0.8752946302694751,1.0221849581105424,0.14689032784106737,3
0.5622939609292466,0.6040590586261628,0.041765097696916276,3
0.8655932972000925,1.007850386625244,0.14225708942515147,3
0.9796259910962879,1.015116170908266,0.035490179811977995,3
0.7491455787389854,1.048781115640662,0.29963553690167655,3
0.8763892989491326,1.0253113356168437,0.1489220366677111,3
0.6955144654069898,1.058225351763242,0.36271088635625226,3
0.8851717881614778,1.0573600980128472,0.17218830985136946,3
0.6929096922889102,0.9640482830894728,0.2711385908005626,3
1.0443083476044197,1.0409864087412384,-0.0033219388631813285,3
0.8395377593355962,1.0406493938268901,0.201111634491294,3
0.6576546838272521,0.7775678217954467,0.11991313796819458,3
0.9354038206576922,1.0658585010745747,0.13045468041688246,3
1.2926460273496303,1.0005132010732922,-0.2921328262763381,3
0.5542431089371802,0.8236790778797166,0.2694359689425364,3
0.6735686355702191,1.0750597655589007,0.40149112998868164,3
0.8054193473787408,0.9128911770771465,0.10747182969840574,3
0.922573466458954,1.0963246265357824,0.17375116007682845,3
0.8474431401384664,0.8979599876860451,0.05051684754757868,3
0.6912500158726445,0.9900759639111799,0.29882594803853546,3
0.8028173136935781,0.9661224350937015,0.16330512140012343,3
0.8882735328510902,0.9099501333891411,0.021676600538050872,3
0.7423359219546207,0.9497139866265087,0.20737806467188802,3
1.012318284607105,0.8644076245994048,-0.14791066000770026,3
1.0440545254930325,1.0193657069152153,-0.02468881857781713,3
0.8751134577040298,0.9665295590736906,0.09141610136966083,3
0.6997084787082333,0.8809980286337443,0.18128954992551105,3
0.8604540922114416,0.8739837985874711,0.01352970637602946,3
0.5811744474786773,0.9068242634781674,0.32564981599949006,3
1.0109836793535112,0.9714437912146364,-0.03953988813887477,3
0.9944427288494949,0.992108750097245,-0.0023339787522499433,3
0.8918344575133831,1.0233345853875602,0.1315001278741771,3
0.8299539333399533,0.9470325983052346,0.1170786649652813,3
0.5610428885613549,0.6641930737766858,0.10315018521533093,3
0.8160550946120654,1.0772731685236532,0.2612180739115878,3
1.0432268443912034,1.0339187978977111,-0.009308046493492261,3
0.5732009153394496,1.0172701660312469,0.44406925069179726,3
0.6110851986676091,0.8834581460923259,0.27237294742471674,3
0.9756234918851314,0.9739622499287091,-0.0016612419564223657,3
0.7573507542285494,0.9250672461260351,0.16771649189748572,3
0.6280357673859426,0.9735190043473684,0.3454832369614258,3
0.9504591222005399,0.8982263184254851,-0.05223280377505479,3
0.862081898187864,1.0197841101191174,0.15770221193125344,3
0.8025509086215373,1.1310151318277843,0.328464223206247,3
0.2032467456999045,0.7228762104222618,0.5196294647223573,3
0.5268171085969624,1.1328746753792787,0.6060575667823163,3
0.7749516443761713,0.8810787625229535,0.10612711814678222,3
0.7904389579949572,1.020500639041175,0.23006168104621783,3
0.6524137725725407,0.9894124252464923,0.33699865267395157,3
0.5445140829257048,0.8142721243333401,0.26975804140763526,4
0.43604961907687434,1.0659286346289019,0.6298790155520275,3
0.8026852797954227,1.0076459948168333,0.20496071502141056,3
0.7127801404644312,1.0140477549942337,0.30126761452980255,3
0.1944536928261757,0.5098761087097305,0.31542241588355485,3
0.6426589988652979,0.9720759348034735,0.32941693593817567,3
0.6963080948648219,1.0268660708483173,0.33055797598349534,3
0.5161380587967248,1.1156678107296492,0.5995297519329243,3
0.6578523631608489,0.9606068009190755,0.3027544377582265,3
1.057833061856464,0.9754191135177802,-0.08241394833868376,3
0.8674760436992561,0.9434329713623766,0.07595692766312045,3
0.5002992054119274,1.1608074290405401,0.6605082236286127,3
0.7271859776776751,0.9087823832429583,0.18159640556528323,3
1.0568392728179734,1.0191055259113593,-0.03773374690661413,3
0.870767309188492,0.8838014807409621,0.013034171552470109,3
0.8668420238228105,1.0947034236529858,0.22786139983017528,3
0.9286491423927596,0.9711769068821503,0.04252776448939066,3
1.0109457861622944,1.0437391587880307,0.03279337262573634,3
0.9221530909981415,0.9802777859954517,0.05812469499731021,3
0.8659319468062405,1.0807613121250141,0.2148293653187736,3
0.6475426842869032,0.8383824983506838,0.1908398140637806,3
0.7525199814598217,1.1012435779103342,0.34872359645051254,3
0.8806298664573622,0.7949145129149496,-0.08571535354241255,3
0.6628863665125618,0.7853862719332909,0.12249990542072908,3
0.9785766969161582,1.0116985519488764,0.03312185503271814,3
0.8722241495383821,0.9609753780860568,0.0887512285476747,3
0.8171998447182387,1.119388642894138,0.3021887981758993,3
0.9328454952906082,0.952056129920769,0.019210634630160817,3
0.7782116392866718,0.9251929536548996,0.1469813143682278,3
0.8325366796814769,1.0750835738289517,0.24254689414747477,3
0.49305865919379727,0.5066584705144841,0.013599811320686828,3
0.905059698544006,0.9416133646402078,0.03655366609620181,3
1.0737966334111766,0.9981970221017195,-0.07559961130945714,3
1.0274848468805002,0.9300570678034237,-0.09742777907707656,3
0.6119135479892918,0.6740050242858063,0.06209147629651457,4
0.8048283284863652,1.0558759771735484,0.2510476486871832,3
0.5233545756149312,1.0520558397677604,0.5287012641528293,3
0.4081965443460159,1.1538761335958816,0.7456795892498658,3
0.5325165049160336,1.0154948690045429,0.48297836408850925,3
1.0203561962892715,0.9785040287666484,-0.04185216752262311,3
0.8684232006161174,0.890650247189517,0.022227046573399578,3
0.7609900305127641,1.0472498483341939,0.28625981782142973,3
0.903778140226952,1.0542747192521371,0.1504965790251851,3
0.5823183098343419,0.710958135946819,0.12863982611247715,3
0.6914613342204938,0.9696728764126135,0.27821154219211963,3
0.5656982121586726,1.0699469140551863,0.5042487018965137,3
0.8564974888415129,1.072614319687497,0.2161168308459842,3
0.975786193330548,1.0478140758233097,0.07202788249276171,3
0.8627425203146959,0.8329503249976475,-0.029792195317048353,3
0.6133086722306876,1.0831172402375806,0.46980856800689297,3
0.553498356647549,1.0270316119328746,0.47353325528532564,4
1.0006630722520695,0.9493042229482178,-0.051358849303851706,3
0.669122676424231,0.7294674817472251,0.06034480532299413,4
0.9249299037503573,1.0981310586672834,0.17320115491692611,3
0.806952681587457,0.9733355421625982,0.16638286057514118,4
0.6358089845251821,0.8929279127291029,0.2571189282039208,3
0.7815932759356341,0.9655535434327159,0.18396026749708183,3
0.7101185652115329,0.9367410635998722,0.22662249838833926,3
0.9275976069506471,0.9480096044158006,0.020411997465153542,3
1.0860452133636014,1.0075547696149134,-0.07849044374868797,3
0.715935840143147,1.065316242594114,0.349380402450967,3
0.7413589084892224,0.8793842258183027,0.1380253173290803,3
0.9527127382926375,0.9006722140711141,-0.05204052422152339,3
0.8894268735236328,0.9359920770331214,0.04656520350948856,4
0.877091482225538,1.0089450518108365,0.13185356958529848,3
0.7764110461644712,1.0800089873274794,0.3035979411630082,3
0.7732022867520438,0.9577295568655995,0.18452727011355563,3
0.8274788689632431,1.0331463655577156,0.20566749659447248,3
0.8166738604632195,0.8046064072284441,-0.012067453234775427,3
0.8018595141126454,0.982925241180768,0.18106572706812252,3
0.47778744125435363,0.9895978568945067,0.5118104156401531,3
0.8543893887172886,1.1023432881683775,0.2479538994510888,3
0.9500134997458654,0.9785232176724037,0.028509717926538336,3
0.9684045314160641,0.9863747014649338,0.017970170048869694,3
0.8252923862672965,0.9075806018763137,0.08228821560901722,3
0.8231070828247647,0.9681619140773368,0.14505483125257201,3
0.4887728432733271,1.1025795302016401,0.613806686928313,3
0.7924416739910516,0.9800306171026785,0.18758894311162688,3
0.8061619257870889,0.8897422589865268,0.08358033319943792,3
0.5291606417588283,0.8771806121119655,0.34801997035313725,3
0.8505959297749934,1.0850486854926062,0.23445275571761282,3
0.8973237210266873,0.9972669922433637,0.09994327121667634,3
0.7173645700872525,0.9407200596528845,0.223355489565632,3
0.8228237484072074,1.0439510745995357,0.22112732619232833,3
0.9847864250028551,1.0323076811007295,0.04752125609787439,3
0.6847052793567929,1.077189519659126,0.392484240302333,3
0.7783995468264446,0.9246286350036748,0.14622908817723013,3
0.9532732323026637,0.9481390877001882,-0.005134144602475521,3
1.1270998304919235,0.9453100160478994,-0.1817898144440241,3
1.0134702383604732,1.0616713358635455,0.04820109750307222,3
0.6086566671630166,1.1158484818885892,0.5071918147255726,3
1.058656236307863,1.0129837079080481,-0.04567252839981495,3
0.6795446223698394,1.1194408863966263,0.43989626402678694,3
0.7071653068990547,1.0640078770051602,0.35684257010610554,3
0.8394508503238971,0.9821507063127148,0.14269985598881774,3
0.6766692209299797,0.8510851788921766,0.1744159579621969,3
0.9320548202580843,1.0351341885462113,0.10307936828812703,3
0.6136263645488735,1.0181630759620883,0.4045367114132148,3
0.18442406454910454,0.5058524876346053,0.3214284230855008,3
0.48359814141689456,0.8354211590232844,0.35182301760638984,3
0.7955687175382391,1.160740965425732,0.3651722478874928,3
1.004789311605756,1.0398947095234288,0.035105397917672754,3
0.9716813265790805,1.0313639896464766,0.05968266306739611,3
0.8491871473100618,1.0037221732074355,0.15453502589737367,3
0.9329984338376223,1.0462441641831348,0.11324573034551255,3
0.7391833032710801,0.6867390439434561,-0.05244425932762398,3
0.815435682081086,1.0547499861685823,0.23931430408749632,3
0.5695098437558915,0.9096656301104472,0.3401557863545557,3
0.7597391638631465,1.1192420204460454,0.3595028565828988,3
0.7091450120251365,1.1588292506082631,0.44968423858312667,3
0.656277657009886,0.7534478490771952,0.09717019206730915,3
0.08762737899552661,0.27352942428865623,0.18590204529312962,3
0.6513291003056777,0.8813824037974144,0.2300533034917367,3
1.0924846776202837,1.0151218201125904,-0.07736285750769323,3
0.9156028554864963,1.0894137104340673,0.17381085494757098,3
0.8532658231668435,1.0230588768502626,0.16979305368341913,3
0.8001961941052298,0.9550827362357094,0.1548865421304796,3
0.9278540206436703,0.9550757629307887,0.027221742287118378,3
0.8964973115068335,1.0067925169940941,0.11029520548726057,3
0.8227753648439255,1.1014009929581758,0.2786256281142503,3
0.7669329971171959,0.9989560849930342,0.23202308787583836,3
0.9153146674775865,0.97846770595442,0.06315303847683351,3
1.0779897453928844,0.997495850767614,-0.08049389462527035,3
0.866964876549643,0.8461241317652645,-0.020840744784378584,3
0.7868335990373414,1.0081168959674138,0.22128329693007243,3
0.8163748101182099,0.9901564882739133,0.17378167815570345,3
0.8439225524509033,1.0728575604777337,0.22893500802683042,3
0.795511067784508,0.9588721522146324,0.16336108443012443,3
0.9093013445316778,1.0084509166024178,0.09914957207074004,3
0.9320452815544003,1.017907503910405,0.08586222235600482,3
0.6194335419184344,1.128892377392089,0.5094588354736546,3
0.9516742912305246,0.9747577840087887,0.023083492778264048,3
0.9866793739272083,0.9519787033816576,-0.034700670545550705,3
0.5986769419940176,1.077419383391087,0.47874244139706945,3
0.629645091507212,1.1225203983857648,0.49287530687855274,3
0.6231405969093242,1.0105683333490028,0.38742773643967854,3
1.0362421801011212,0.8720239747432901,-0.16421820535783116,3
0.4736396144176023,0.5698356560939312,0.09619604167632889,3
0.8309630187515317,1.0706468820280488,0.23968386327651714,3
0.938820370187107,1.018462365856792,0.079641995669685,3
0.8650756607334518,1.0100632928402198,0.14498763210676802,3
0.9559013329130898,1.0614988849147327,0.10559755200164289,3
0.9060859481365087,1.0902604692232116,0.18417452108670296,3
0.8706317848862232,1.0031644390754535,0.13253265418923033,3
0.9408845437121542,1.0333450331851441,0.0924604894729899,3
0.24406360249093112,0.403791455916406,0.15972785342547485,3
0.5152432945717,0.9808659989724537,0.4656227044007537,3
1.0165419769297306,0.9947095685935045,-0.021832408336226128,3
0.709327825551981,0.8929664015779432,0.18363857602596212,3
0.9532517059989306,0.9474475835394603,-0.005804122459470262,3
0.6468068399770397,0.9084996228523275,0.26169278287528785,3
0.711934693176293,1.0596840774258562,0.34774938424956325,3
0.7066130795051913,0.9389244167412546,0.23231133723606334,3
0.7102650876061252,1.1097306192401697,0.3994655316340445,3
0.6355135551876523,0.917006087285681,0.2814925320980287,3
0.9537873160378192,0.9513270290748753,-0.0024602869629438695,3
0.8403094114365489,1.0837791413029358,0.24346972986638693,3
0.6231691947456893,0.9610853932073188,0.33791619846162946,3
0.6093844125080812,0.949653209679469,0.3402687971713878,3
0.8353740316780764,1.041310879632268,0.20593684795419165,3
0.9346651530633587,0.907594946418955,-0.027070206644403738,3
0.6979563833917604,0.8846043582984237,0.1866479749066633,3
0.8516665473691531,0.9236745983827108,0.07200805101355767,3
0.35553606640606583,0.6148618967630137,0.2593258303569479,3
0.3769231343688334,0.5207240395225688,0.14380090515373545,3
0.8957412988211425,0.9153958929906928,0.019654594169550288,3
0.9767598757580886,1.0597342692307805,0.08297439347269187,3
0.8589508343427242,1.0450853262743771,0.18613449193165288,3
0.8778663073236167,1.0846131412503734,0.20674683392675675,3
0.8225924271812232,1.001390276644753,0.17879784946352995,3
0.9497190554696856,0.9585566613996892,0.0088376059300036,3
0.9992515060778062,1.0571606925927548,0.057909186514948585,3
0.8762526335893945,1.08112595058885,0.20487331699945543,3
0.6829977792923327,0.8889033561058401,0.2059055768135074,3
0.731762353744771,0.7860094107407941,0.05424705699602306,3
1.0812237784096952,1.00623486334376,-0.07498891506593508,3
0.48903874965192257,0.931585172174639,0.4425464225227164,4
0.9437277623064202,0.9846144452648901,0.04088668295846987,3
0.9965781789075701,0.937951862370795,-0.05862631653677508,3
0.7509687135284242,1.1233966868805816,0.3724279733521574,3
0.6528280892291609,0.796982153134457,0.14415406390529606,3
0.9901068835927238,1.009349235981699,0.019242352388975092,3
0.867170207051571,1.0228035495520393,0.15563334250046834,3
0.4095175624567334,0.8929454439565754,0.483427881499842,4
0.9080069137047795,0.9050505269067359,-0.002956386798043553,3
0.9152750002655482,1.079316688689855,0.1640416884243069,3
0.863583194643303,0.9323102898133973,0.06872709517009423,3
0.3693940484505626,0.9960215028964177,0.626627454445855,3
1.0871419310737953,0.978697801844115,-0.10844412922968028,3
0.6262638074956935,0.9086488451167634,0.2823850376210698,3
0.8111794559578646,1.0434065667624586,0.23222711080459402,3
0.7750260758586403,0.9468263287671137,0.17180025290847345,3
0.9125943357571639,0.8682830562114546,-0.04431127954570924,3
0.56483507435346,0.9703805665903886,0.4055454922369286,3
0.6169843846464501,1.007090557613057,0.390106172966607,3
0.8621998099979987,0.9462910204139631,0.08409121041596435,3
1.042969273446443,1.024556244216531,-0.01841302922991206,3
0.902324185228325,0.959089890057107,0.05676570482878196,3
0.8300878327574182,0.9593938254397809,0.12930599268236276,3
0.5358330502318464,0.7398883353912711,0.20405528515942473,3
0.8206528768977216,1.001994075938836,0.18134119904111434,3
0.9329140568886034,0.9095498773894087,-0.02336417949919467,3
0.9485821954541074,1.0474281406376553,0.09884594518354795,3
0.6189157063408177,0.77318179404008,0.1542660876992623,4
0.8764823349068149,1.0392204252466761,0.1627380903398612,3
0.7408776796355468,0.9651363899224775,0.22425871028693067,3
0.33471001828625707,0.795117761753975,0.4604077434677179,3
1.0142501498366299,0.9960971982272167,-0.018152951609413215,3
1.051320273239505,0.9570886658444764,-0.09423160739502867,3
0.7766260004269419,0.9906768736163951,0.21405087318945326,3
0.8087359407302838,1.0676808960901862,0.2589449553599025,3
0.9674158001024463,0.9949182215837513,0.027502421481304995,3
0.4253621416695404,0.720314496894936,0.2949523552253956,3
0.8735600849714749,0.9706414686643111,0.09708138369283625,3
0.7597936831138149,1.1047307604862482,0.3449370773724333,3
0.7223413700639898,0.8931134986464551,0.17077212858246527,3
0.8863625686639235,1.0639685138564812,0.17760594519255768,3
0.8539128972164396,1.0660425699876077,0.21212967277116812,3
0.9800242970370938,0.9645821530293566,-0.015442144007737246,3
0.8116011693673837,0.846663187317076,0.035062017949692326,3
0.9584786135883792,0.9862665122251798,0.027787898636800645,4
1.0688050591458937,1.015114284505248,-0.053690774640645644,3
0.958308712184516,1.12584135308518,0.1675326409006641,3
0.8992034897591477,0.9519081537735078,0.052704664014360136,3
0.7472982532352329,0.8829464497863159,0.13564819655108296,3
0.8728253271998712,1.1477174751235615,0.2748921479236903,3
1.0702799778835637,0.9695512714469313,-0.10072870643663234,3
0.7396985704051857,1.0030689365855379,0.26337036618035214,3
0.6803242367742967,0.9155113808031267,0.23518714402883,3
0.8176489954810956,1.094658021199669,0.27700902571857344,3
0.7503900599972049,1.0581861768993919,0.307796116902187,3
0.4933640803410222,0.6646704747885597,0.17130639444753748,3
0.7749220790382803,1.0057240064082962,0.23080192737001592,3
0.9998088067868774,1.0594796564656117,0.05967084967873426,3
0.7111674215245617,0.953547880657082,0.24238045913252027,4
0.797046574107527,0.9266214596411404,0.1295748855336134,3
0.1357227053012205,0.5620975942332709,0.4263748889320504,3
0.8510463866264264,1.0140306626329774,0.16298427600655097,3
0.9440129952792888,1.0017481850752588,0.05773518979596992,3
0.6659571023925006,1.0506004658917827,0.3846433634992821,3
0.7452243065567286,0.8971434419628149,0.15191913540608637,3
0.9014497723607291,1.0275451530474073,0.12609538068667825,3
0.9613488667800972,0.8929901034078108,-0.06835876337228641,3
0.798864143630531,0.9957396725973453,0.19687552896681426,3
0.9702413702043442,0.9994621566499067,0.029220786445562474,3
0.7226993800622462,0.973196378445593,0.2504969983833468,3
1.0072437853736302,1.0186242456242192,0.01138046025058892,3
0.8822703788932122,1.0656165166599174,0.18334613776670516,3
0.565731869362672,0.9248294641343181,0.35909759477164616,3
0.7911607270389293,0.7519282501565138,-0.03923247688241549,3
0.3121520774767872,0.8530433900469857,0.5408913125701985,3
0.7365189636677572,1.0051869148594963,0.26866795119173914,3
0.9772508868451525,1.057886935453214,0.08063604860806162,3
0.8055557906851316,0.9904854059359224,0.18492961525079077,3
0.8347207614647547,0.9098923866375755,0.07517162517282083,3
0.45295579059998997,0.5965126461871321,0.1435568555871421,3
0.7773367670911085,1.0470917412116645,0.26975497412055593,3
0.9018411495649004,1.0750211986216507,0.17318004905675033,3
0.7036972573218292,0.9279642579586493,0.22426700063682015,3
0.4650121544324472,1.0580861017985175,0.5930739473660702,3
0.988257717523284,0.9652039793441309,-0.023053738179153016,3
0.7107897609955708,1.0022018810171454,0.29141212002157457,3
0.7766661169501209,0.9278772342333648,0.15121111728324388,3
1.0174691155014568,0.9851607602682788,-0.03230835523317799,3
0.06614119772712818,0.30354947532832605,0.23740827760119787,3
0.8169699187115179,0.9883308989780059,0.17136098026648794,3
0.891593869447714,1.0227471592553699,0.13115328980765584,3
1.0244546754172408,0.9740943194036387,-0.050360356013602114,3
0.5759217063076701,1.0183506377875098,0.44242893147983964,3
0.9932075110046468,1.039530544255511,0.046323033250864176,3
0.7832770703708755,1.0462280336219336,0.26295096325105816,4
0.9092172692252023,1.0617999706987742,0.1525827014735719,3
1.0067587402918543,0.9504085515772079,-0.056350188714646365,3
0.9820708332909277,0.9596479873268837,-0.02242284596404398,3
0.8614349283237379,0.8431035632946162,-0.018331365029121693,3
0.8859480984890205,1.012618962887752,0.12667086439873154,3
0.12772830260976645,0.3383184360064072,0.21059013339664076,3
0.8293382431013214,0.937365465515151,0.10802722241382956,3
0.6570618193711232,0.8728571937146028,0.21579537434347962,3
1.011345374871279,0.9954473731127338,-0.015898001758545277,3
1.0880981687560818,0.9717538268480341,-0.11634434190804765,3
0.7108859488007323,0.8804665564853931,0.16958060768466077,3
1.0619312054324312,0.9942811851736032,-0.06765002025882805,5
0.7559003974748486,1.073332703012547,0.3174323055376984,3
0.8830521778458186,1.0697700346879524,0.18671785684213382,3
1.029777817499319,0.98974454233564,-0.04003327516367905,3
0.9837389627380578,0.9713865609192233,-0.012352401818834569,3
0.9741933818307857,0.9924336413349881,0.018240259504202383,3
0.8233989629561138,1.1142877283269361,0.2908887653708223,3
0.8634503467548882,0.9759465789136718,0.11249623215878357,3
0.6553377207421479,1.1395432652700674,0.48420554452791953,3
0.9625921651877989,0.9476618948535185,-0.014930270334280404,3
1.0544824410496572,0.963678817869137,-0.09080362318052015,3
0.5928160883288092,0.7264190484606884,0.13360296013187922,3
0.9325568975377871,1.03895055706513,0.10639365952734292,3
0.7045973229042752,1.1368980399335,0.4323007170292248,3
0.7052545103543462,1.0156225931632865,0.31036808280894035,3
0.20879198639677865,0.2845124360967967,0.07572044970001807,3
0.9086705032586606,0.9552195680103107,0.046549064751650104,3
0.6451348160094179,1.0216243137919774,0.37648949778255947,3
0.6386828852928597,0.8108332585887134,0.1721503732958537,3
0.9931852548624739,0.9798917713218046,-0.013293483540669282,3
0.9684644163495121,1.0817593587397265,0.11329494239021443,3
0.7822811853062337,0.9301187802325404,0.14783759492630666,3
0.8931206709418257,1.116408674505862,0.22328800356403622,3
0.578182220559219,0.9649233453236388,0.3867411247644198,3
0.9112917441348662,1.0331447740387094,0.12185302990384317,3
0.7986245887950092,0.967684549076987,0.16905996028197778,3
0.9923032151104352,0.9833563846449168,-0.008946830465518363,3
0.8053194487259191,0.9559403551989746,0.15062090647305548,3
0.9069002771525214,1.1025856911585274,0.19568541400600603,3
0.08020074347571608,0.937741136840212,0.857540393364496,3
0.524339170391912,0.7579779324958962,0.23363876210398415,4
0.7765998556780126,0.9894290433383608,0.2128291876603482,3
0.9149103749197303,0.9770286685913723,0.06211829367164201,3
0.8691542502901237,0.965186018264576,0.09603176797445223,3
1.051416656174676,1.0293589710116469,-0.022057685163029195,3
0.8847076120947747,0.9729768154480265,0.08826920335325183,3
0.719443785823491,0.9650273697878922,0.24558358396440116,3
0.7933450370449164,1.1372774272917203,0.3439323902468039,3
0.7844386826080407,1.0872496126930984,0.30281093008505766,3
0.821732584866877,1.0316234390065833,0.20989085413970632,4
0.6922315836786229,0.9600784267195391,0.2678468430409162,3
0.656351016029844,0.7131220751806888,0.056771059150844794,3
0.6470198585268873,0.884757739046888,0.23773788052000078,3
0.9263337806164242,0.9765077984622337,0.05017401784580944,3
0.8300008039768472,1.0144479176320933,0.18444711365524613,3
0.91147373877464,0.9689289709778063,0.057455232203166284,3
0.7446597437652875,0.872588833288353,0.12792908952306548,3
0.5587628490514858,1.0951270833508333,0.5363642342993475,3
0.8739727712755342,0.9626383559598596,0.0886655846843254,3
0.758921909332965,1.0261892061707876,0.2672672968378226,3
0.8855792605729633,0.9841585568432919,0.09857929627032858,3
0.8519389537201512,0.9756936582271173,0.12375470450696613,3
0.9233011574033094,1.0879386847332668,0.1646375273299574,3
0.5600305478965009,0.7518276541014274,0.19179710620492652,3
0.9070749530268007,1.0670332861836758,0.15995833315687502,3
0.6050847501659755,0.8285949388570722,0.22351018869109673,4
0.8218301308333337,0.9053880469629159,0.08355791612958219,3
0.9906661343649356,1.0469434828459772,0.0562773484810416,3
0.9948641225485302,1.0833174118034343,0.08845328925490414,3
0.6140896799847874,1.1713323433770515,0.5572426633922641,3
0.8171774251283888,0.8436930557455133,0.026515630617124586,3
1.0149489795055455,0.9906325602109121,-0.024316419294633462,3
1.0638071093273815,1.0081061031648575,-0.05570100616252405,3
0.6846818440060027,0.9140993725878946,0.2294175285818919,3
0.920213510694236,0.9881216197455686,0.0679081090513326,3
0.7591153693672955,0.9261277487505787,0.16701237938328317,3
0.8882776394033438,0.8377609920704625,-0.050516647332881304,3
0.7369550300454324,0.9698115467189842,0.23285651667355178,3
0.15250538695802157,0.8889004575881102,0.7363950706300886,3
1.0749003487745736,1.0051631656473148,-0.06973718312725885,3
1.0313705592067974,1.000493161910221,-0.030877397296576348,3
0.9085613226173583,0.9635186296168955,0.05495730699953716,3
0.5483185734147727,1.0346521973513072,0.48633362393653445,3
0.8380969750730692,0.9190422685301657,0.08094529345709645,3
0.9051929000267567,0.981376890906313,0.0761839908795563,3
0.9816564608311156,0.9253731136491622,-0.05628334718195338,3
0.8360834382290785,0.9871146088703313,0.15103117064125282,3
0.8028688527603027,0.9363120893479939,0.1334432365876912,3
0.8326406535169264,1.0061011493024679,0.17346049578554146,3
0.9121079530451938,0.999002596677459,0.08689464363226529,3
0.6521300840254993,1.0395376276849662,0.38740754365946684,3
0.618947771166456,1.0077253056780342,0.38877753451157815,3
0.9737077838673647,0.9395246701531856,-0.034183113714179036,3
0.10316495053320467,0.7497823337158648,0.6466173831826602,3
0.9478159340649259,1.00572139185932,0.057905457794394044,3
0.6876166820531937,0.9900716676954353,0.3024549856422416,3
1.0015699531574682,0.8956443341850923,-0.10592561897237596,3
0.46880810685575003,0.8081810100532023,0.3393729031974523,3
0.6527476963158549,1.0450320330447198,0.39228433672886487,3
1.0366318315808165,1.0106488892774816,-0.025982942303334866,3
0.8039268752690094,0.829712093650015,0.02578521838100556,3
0.6727715416072979,0.9923955580118704,0.3196240164045725,3
0.657057374576584,0.9916489363689246,0.3345915617923406,3
0.4695947450159651,1.0855901202003269,0.6159953751843618,3
0.9566275684871728,1.039798329273192,0.08317076078601926,3
0.6182639630617563,1.0691452251325035,0.4508812620707472,3
0.5032549296197851,0.9038647697841421,0.40060984016435697,3
0.2102506750095925,0.40545302610393535,0.19520235109434286,3
0.7783884240691779,0.9904450118780851,0.21205658780890724,3
0.8587148808158676,1.0974174602985003,0.23870257948263274,3
1.0335989303835809,1.0047953931215043,-0.028803537262076517,3
0.5939778488225572,0.9675983159895735,0.37362046716701625,3
0.6707005876837101,0.8748380850553963,0.20413749737168618,3
0.8541154818662775,0.8696112632125944,0.015495781346316906,3
0.6388872306881317,0.9883292556426817,0.34944202495455,3
0.7551589658501725,1.0424872022179703,0.2873282363677978,3
0.42818355838370836,0.8644577198416107,0.4362741614579023,3
0.8827343367774378,0.9712533844638148,0.08851904768637697,3
0.8686414742120705,1.0752136606339218,0.20657218642185127,3
0.8638522500292828,0.8428637924093438,-0.02098845761993895,3
0.5511607385899093,0.9124825470769619,0.36132180848705253,3
0.7468924950632497,0.8698684277912143,0.12297593272796459,5
0.7076311392688673,1.087843755014783,0.3802126157459157,3
0.7351043150745209,1.0879134639465715,0.3528091488720506,3
0.8782080579318362,0.969257757971205,0.09104970003936874,4
0.9060000519772105,0.9871236683869016,0.08112361640969112,3
0.8047798212324702,1.0148706087027972,0.21009078747032706,3
0.9310544987430143,0.9149363877813104,-0.016118110961703902,3
0.8126480206641005,1.0382096077716327,0.22556158710753227,3
0.4379016919831654,0.8085922439324381,0.3706905519492727,3
0.6472914859960739,1.1601527098079516,0.5128612238118777,3
0.8439553166282329,1.0433228432474784,0.1993675266192455,3
0.4995429660968131,0.7668018005561066,0.2672588344592935,3
0.8174093519939492,1.0532590007417757,0.23584964874782655,3
0.866564478034057,1.009017526415095,0.1424530483810379,3
1.007829687259095,0.8617231161301822,-0.1461065711289129,3
0.8919060853822687,0.900653684411132,0.008747599028863351,3
0.9250095146626192,1.0763564575396267,0.15134694287700756,3
0.868309129797513,1.0753134386858694,0.20700430888835641,4
0.44695032037962795,0.7841381940942566,0.3371878737146286,3
0.6344571388108394,1.0415289153744616,0.40707177656362215,3
0.9953324956474737,1.0473778741964832,0.05204537854900948,3
0.4600666988206593,0.9832528243725145,0.5231861255518552,4
1.0389662537901103,1.0429545330931882,0.00398827930307788,3
0.9069210362852633,0.904592376134369,-0.0023286601508942795,3
0.898570465666235,1.029938450278456,0.1313679846122211,3
0.4530164596974895,0.9739568201860475,0.520940360488558,3
0.9349853134640336,1.0885269859545073,0.15354167249047368,3
0.7464691606115067,0.9116955522851483,0.16522639167364161,3
0.7551130088031067,0.9210981502065535,0.16598514140344678,3
0.5010542130235536,1.1773594054048253,0.6763051923812717,3
0.8422591675067173,1.0709023385610075,0.22864317105429022,3
0.7407370504470779,0.8713426809251056,0.13060563047802765,3
0.808633240396778,1.0111939261473784,0.20256068575060038,3
0.6260645195738885,0.9787625766137357,0.35269805703984713,3
0.9951213946471207,1.046221837679253,0.05110044303213224,3
0.7476754154281442,1.1182712289355379,0.3705958135073937,3
0.6422466435272471,0.8485046928479004,0.20625804932065328,3
0.9785669637756214,1.0850335836352347,0.10646661985961337,3
0.16753710215638826,0.3043114542262131,0.13677435206982483,3
0.42351449594704366,0.7561414900863023,0.3326269941392586,3
0.372032382832683,1.2647339338142247,0.8927015509815417,3
0.776708124028645,1.076617268937588,0.29990914490894294,3
0.8774653854303771,1.0366428109955874,0.1591774255652103,3
0.6305115334258661,1.0557404910202672,0.42522895759440116,3
0.7460701684117598,0.8377156525264043,0.09164548411464457,3
0.8359680543463139,0.9965191519786205,0.16055109763230657,3
0.8193877039960478,0.832471647062154,0.013083943066106274,3
1.0631787352112818,1.022400610565664,-0.04077812464561781,3
0.7555572448319072,1.1122731467918945,0.35671590195998726,3
0.997200938933333,0.9818221413677074,-0.015378797565625546,3
0.741776850202905,0.9268341150526039,0.18505726484969898,3
0.4188458895560493,0.7244056905633178,0.30555980100726854,4
0.7023138674393038,0.9115574211381197,0.20924355369881587,3
0.9375931643378904,1.0043562133016743,0.06676304896378393,3
0.735009816149633,0.9499934919188325,0.21498367576919952,3
0.9034947827429685,0.9852056395125972,0.08171085676962875,3
1.08117665756411,0.9537409360512829,-0.12743572151282712,3
0.7552102481538978,1.0519695128222304,0.2967592646683326,3
0.5067592820400902,1.0776695102356149,0.5709102281955246,3
0.5915377534555504,0.7042124269524631,0.11267467349691274,3
0.987471203547413,0.9724208452139285,-0.01505035833348456,3
0.6264547676596997,0.9656705580858336,0.3392157904261339,3
0.6667716460162191,0.6312453745578963,-0.03552627145832277,3
0.6812624725227138,0.8839034641153317,0.20264099159261795,4
0.9983826802228329,0.984489098456331,-0.013893581766501906,3
0.508956986311356,0.8954280233581459,0.38647103704678987,3
0.7027876885488966,1.1729236121226705,0.4701359235737739,3
0.9561720037619816,1.0044985799848396,0.048326576222857964,3
0.7951781065541874,0.8788451503382999,0.0836670437841125,3
0.8022384137557337,1.0429018314432543,0.24066341768752064,5
0.9954796162224839,1.0298388541526422,0.03435923793015827,3
0.6408196628563233,0.8695390112515489,0.22871934839522556,3
0.7563274684725412,0.8798022889186061,0.12347482044606495,3
0.8912568642060426,0.957351536687143,0.06609467248110046,3
0.8263441977767103,1.077426711810693,0.25108251403398274,3
0.7011387201235532,1.0349997956369332,0.33386107551338007,3
0.9205683941394973,0.9300455241219459,0.00947712998244854,3
0.9920581696483759,1.0520346563972423,0.05997648674886635,3
0.8167123269387561,0.827357751213278,0.010645424274521975,3
1.0254776111032202,1.0026153636350839,-0.022862247468136365,3
0.5391756730569056,1.001615202071569,0.46243952901466334,4
0.8801142322485308,0.9287002342761399,0.0485860020276091,3
0.23785523224893457,0.5586436292760939,0.32078839702715933,3
0.880837524189275,0.8602699804745632,-0.02056754371471181,3
0.6646448238824031,0.975214993097255,0.3105701692148519,3
0.7304262264755037,0.932842294828095,0.2024160683525913,3
0.613755465811945,1.028367339263476,0.41461187345153105,3
1.104370846565557,0.9975569726420522,-0.10681387392350483,3
0.9975939533985224,1.0866963441482789,0.08910239074975645,3
0.9257897146902483,0.9300990325469796,0.004309317856731276,3
0.3709100561518986,1.0735243554587017,0.7026142993068032,3
0.7720778009864161,1.0192888392052732,0.24721103821885715,3
0.4413915447470691,0.8099252020665367,0.36853365731946763,3
0.8709702955475361,1.0302377363824227,0.15926744083488653,3
0.7966640940758536,1.065357929478544,0.26869383540269043,3
0.7529073845665157,0.778227323056323,0.025319938489807292,3
0.9087548471779338,1.0062556720248816,0.09750082484694789,3
0.7962326181348857,1.1043208869206305,0.3080882687857448,3
0.6077984164953477,1.1507944408257493,0.5429960243304016,3
0.799920602282976,0.8549169869859297,0.05499638470295365,3
0.31417454594355365,0.8230955231485526,0.508920977204999,3
0.9109174444280546,0.9954802924496284,0.08456284802157388,3
0.8995443444525564,0.8747458898209908,-0.024798454631565603,3
0.7195095384576173,1.0728561913336887,0.35334665287607137,3
0.9204097354579712,0.9866731756079317,0.06626344014996044,3
0.937328626863578,1.0969399803467905,0.15961135348321254,3
0.6805389268784717,0.9838159489183003,0.30327702203982854,3
0.6358951721296828,0.8263479065906306,0.1904527344609478,4
0.9037343948774246,1.0846905627251464,0.18095616784772184,3
0.34578145988423,0.7411336899877803,0.3953522301035503,3
0.8423908947375234,1.0232065223839815,0.1808156276464581,3
0.6598691577084397,0.9413499398655774,0.2814807821571377,3
1.0040776873446444,0.9895031604565221,-0.01457452688812233,3
0.9571879184421891,1.0685228178564639,0.11133489941427477,3
0.9597731124773371,1.002483324725881,0.04271021224854399,3
0.6256937960435144,1.2273281451744797,0.6016343491309654,3
0.7994514725013693,1.064919671128097,0.26546819862672777,3
0.7041774510855738,0.8674997813455155,0.1633223302599417,3
0.9292527762990526,0.935290312950648,0.006037536651595454,3
0.5961493376188349,1.0893951730477731,0.4932458354289382,4
0.934019913541478,1.0395956609709225,0.10557574742944453,3
0.9161344625197144,1.0516004290230188,0.13546596650330434,3
0.6333074562995983,0.7959632362267396,0.1626557799271413,3
0.6981880950160545,0.968909630734345,0.2707215357182905,3
0.6930244795241899,0.9424553767008813,0.24943089717669142,3
0.6923629934670703,0.9850004708652786,0.29263747739820833,3
0.852984648612042,0.9799087190923805,0.1269240704803385,3
0.9440203840903614,0.9572412965083361,0.01322091241797474,3
0.9150179984296704,1.0919776103504666,0.17695961192079623,3
0.9085664296902392,1.0176088704210662,0.10904244073082703,3
0.9089879812717587,0.868215248035796,-0.040772733235962755,3
0.9262137841538733,0.9400535760820061,0.013839791928132783,3
0.9090805650204162,0.8374420269222469,-0.07163853809816934,3
0.8348739805239731,1.087627524199498,0.2527535436755248,3
1.0876092117388074,1.0215046301492083,-0.06610458158959909,3
0.6990879342055445,0.9150013880728544,0.21591345386730987,3
0.7045220886041051,0.7698144106249609,0.06529232202085578,3
0.8314942290978223,1.0150998939484388,0.18360566485061647,3
0.434148968380273,0.4769403513056824,0.042791382925409405,3
1.0183030066669332,1.0050369571492808,-0.013266049517652423,3
0.46489251025796263,0.6828935392019451,0.21800102894398243,3
1.0529933235429394,0.9370133655311884,-0.11597995801175098,3
0.6665145075444305,0.9493394801435013,0.2828249725990708,3
0.9570579038026152,0.9674926863492402,0.010434782546624999,3
0.8352282399638492,1.0430134375309632,0.207785197567114,3
0.9250482522055238,1.0152110496122122,0.09016279740668842,3
0.8113548805901677,0.87428734373977,0.06293246314960232,3
0.7316264510477848,1.0158915532900257,0.2842651022422409,3
0.7053432207131097,0.9823528315538814,0.2770096108407717,3
0.7948705301608234,1.1340647709324743,0.33919424077165083,3
1.1551422941893166,1.005021831034257,-0.15012046315505967,3
0.11203895208446812,0.9186677480483075,0.8066287959638394,3
0.9998782387692691,0.9517010525780142,-0.048177186191254884,3
0.5592384992652051,1.133706595474601,0.574468096209396,4
0.8903596012835472,0.9644390027475083,0.07407940146396108,3
0.7582483435642651,1.0350713462687091,0.27682300270444404,3
0.8212756884245502,1.053843046849122,0.23256735842457177,3
1.034086520276131,1.0241296687196277,-0.009956851556503166,3
0.5645669791019438,0.9136462472736117,0.3490792681716679,3
0.6330036578206986,1.0119796747907186,0.37897601697002004,3
0.866705994955094,0.8594194286214615,-0.00728656633363256,3
0.6821135231679185,0.8757084224287865,0.19359489926086804,3
0.903071786734319,0.9437563848459944,0.04068459811167546,3
0.7534198503946847,0.835498681478257,0.08207883108357228,3
0.7933456263864981,1.1350339084612984,0.3416882820748003,3
0.9318325721151679,0.8878592645187748,-0.04397330759639306,3
0.9610949903058925,1.099460875917395,0.13836588561150243,3
0.843507891136809,1.0052601373997008,0.16175224626289175,3
1.0446239731287816,1.0716686413258807,0.027044668197099053,3
1.0224764385212763,1.0150512598416461,-0.007425178679630218,3
0.8591789619133251,0.938879180714814,0.07970021880148892,3
0.8538165634150828,1.0525880860047099,0.19877152258962705,3
1.0741281846637556,0.9248034178079475,-0.1493247668558081,3
0.7804190698705791,0.8407758360010471,0.06035676613046803,3
0.8929228686568271,1.0437328915196509,0.15081002286282374,3
0.725549926241615,0.8224698533184986,0.09691992707688368,3
0.9575606836637047,1.0000427043211093,0.042482020657404584,3
0.8098330629549411,1.0098349091847185,0.20000184622977746,3
0.9431767615474141,0.9994688553960802,0.05629209384866607,3
0.4338439839437979,0.8900453554658577,0.4562013715220598,3
0.6101655753688879,1.0131431717031436,0.40297759633425567,3
0.9372920914874037,1.0305014638830412,0.09320937239563754,3
0.7423365646364355,0.9820249324433588,0.23968836780692326,3
0.8851424868694604,1.141577949277005,0.25643546240754467,3
0.8960508685144544,1.0387397243244796,0.14268885581002522,3
0.7404240588656036,1.0480748559266062,0.3076507970610026,3
1.0448006517723298,0.986424299616344,-0.0583763521559858,3
0.6045873127372493,1.081518020193091,0.47693070745584165,3
0.7093928157241689,1.0628725166690245,0.3534797009448556,3
0.6776226471021467,1.0593251823914607,0.38170253528931397,3
0.8833434585153569,0.9935814555179574,0.11023799700260051,3
0.7748537898768697,1.0743184084770967,0.299464618600227,3
0.8332277822710894,1.0274774912934155,0.19424970902232608,3
0.843089501570827,0.9217835418765831,0.07869404030575611,3
0.8654034227131095,0.9169274727330958,0.05152405001998628,3
0.6982476776079463,0.9731065728417955,0.2748588952338492,3
0.8280091638393876,1.093206653723314,0.26519748988392644,3
0.8873303719420684,1.040669109006682,0.15333873706461354,3
1.036175607445014,0.9812008446808014,-0.05497476276421254,3
0.7188920347064452,0.9034276547707538,0.18453562006430857,3
0.8315399564414614,0.9659035330425212,0.1343635766010598,3
0.6855395451750987,0.9064719593083514,0.2209324141332527,3
0.9045132186087892,0.9836714663980327,0.07915824778924352,3
0.9837671028073227,1.011126598332519,0.027359495525196342,3
0.9267819505030805,0.9071552645793488,-0.019626685923731735,3
0.7542966573376225,1.0476194915358517,0.29332283419822913,3
0.9454300135685676,0.9044679091866172,-0.04096210438195036,3
0.8689029060539042,0.8834011888544845,0.014498282800580298,3
0.8289658879283124,0.9832911150932235,0.15432522716491115,3
0.9551882548673335,1.0176641685018846,0.06247591363455107,3
0.813889420754856,0.938997638796444,0.125108218041588,5
0.8377745583336035,1.0075995571445153,0.16982499881091184,3
0.7230261074877493,1.0119020763154158,0.28887596882766653,3
0.7065199469346842,1.0486768718281534,0.34215692489346916,3
0.8002805954853356,0.9138371576292614,0.11355656214392584,3
0.967380204632237,0.9771639625156873,0.009783757883450317,3
0.5632909190569366,0.9747518693490651,0.4114609502921285,3
0.8955299184721474,1.051328166853001,0.15579824838085365,3
0.9079828000284831,1.1019642893163426,0.19398148928785952,3
0.7208404776460163,0.8238473603862728,0.10300688274025649,3
0.920494836078432,1.0145373018177295,0.09404246573929753,3
0.5766808276099246,1.0913141734235745,0.51463334581365,3
0.9298676868356717,0.9745232520972653,0.044655565261593644,3
0.9846447597835932,1.0062565428073351,0.021611783023741893,3
0.8508680155390751,0.9533849241730266,0.10251690863395146,3
0.862095654575709,1.0079859747976077,0.14589032022189863,3
0.7030071170806232,0.7200829367180455,0.017075819637422218,3
0.8933883891799607,1.047805061116912,0.1544166719369514,3
0.6892998670281996,1.0999993261839514,0.4106994591557518,3
0.9451588965873271,0.9772710015672124,0.03211210497988526,4
0.8892121799998647,0.8910834062034801,0.0018712262036154614,3
0.8938183328584927,1.0148734817299718,0.12105514887147917,3
0.8812227359481488,0.8974573374012228,0.016234601453073982,3
0.7740073576090233,0.7955271369520552,0.021519779343031953,3
0.7690710152159561,0.9894265991285396,0.22035558391258347,3
0.8908877363606851,1.0054644151982879,0.11457667883760281,3
0.7041669340799748,1.0361906079567471,0.33202367387677234,3
0.6775265576603968,1.0026082617386527,0.3250817040782559,3
0.74641907008619,1.1035968591880676,0.3571777891018776,3
0.8995905445474822,1.0682734413284372,0.16868289678095494,3
0.39656505879925447,0.76342733395809,0.36686227515883557,3
0.8778136923257532,1.0439582607956206,0.16614456846986736,3
1.0799810285740679,1.0487738809217715,-0.031207147652296374,3
0.8722490761819728,0.9721169256374672,0.09986784945549443,3
0.7414992511238656,1.0005624606812946,0.259063209557429,3
0.8770475706459213,0.831523611727843,-0.04552395891807837,3
0.8539276803687543,1.029841026470335,0.17591334610158071,3
0.8896881532131037,0.8037980565535632,-0.0858900966595405,3
0.8640329208178017,1.0291755771169868,0.16514265629918512,3
1.038522660718685,1.0230409130219975,-0.015481747696687531,3
0.9895404490811937,0.9721534417885114,-0.017387007292682277,3
0.9760335112985147,1.0358907045096366,0.05985719321112193,3
0.9021003071455402,1.0557992569225614,0.15369894977702114,3
0.9355754516843036,1.0506816580373661,0.11510620635306257,3
1.1089688282337364,1.0002825438860738,-0.10868628434766259,3
0.6812587230969476,1.1245867699801901,0.44332804688324257,3
0.8828097556688981,1.0616554838701355,0.17884572820123745,3
0.7375634451715016,1.0053644554590673,0.26780101028756564,3
0.8881915440007996,0.865453269468445,-0.022738274532354552,3
0.9619182078421119,0.9503214209483982,-0.011596786893713684,3
0.8192894321946448,0.9056679968363798,0.08637856464173499,3
0.768374015501721,0.8674394287618408,0.09906541326011975,4
0.8280298880759804,1.0021588170208908,0.1741289289449104,3
1.0099037680621332,1.0086926060226997,-0.0012111620394334999,3
0.8212350254264749,1.0798141841643991,0.25857915873792425,3
0.5402992941045952,1.0742762463721722,0.533976952267577,4
0.7938813396776249,1.1226550040752055,0.3287736643975806,3
0.9475197696463593,1.0116142498402625,0.06409448019390318,3
0.8373416162396456,1.055563477968505,0.21822186172885938,3
1.112879095540705,0.9745581017273283,-0.1383209938133768,3
0.9845465679207799,0.9899024456382882,0.005355877717508339,3
1.02831500164624,1.0125240471845771,-0.015790954461662787,3
1.0043048636541831,1.016842759402705,0.012537895748521821,3
0.8138131615416845,0.9540512456516709,0.1402380841099864,3
0.9471693734223019,1.040681272191207,0.0935118987689052,3
0.6831261288611808,0.7775814830789002,0.09445535421771933,3
1.0825563089499817,0.9551903758178589,-0.12736593313212274,3
0.5738173334539323,1.0651824654379147,0.49136513198398246,3
0.6991578769186435,1.0980014410582113,0.3988435641395678,3
0.9020251554759464,0.9363074617415504,0.03428230626560402,3
1.02925997055538,1.0123220710862515,-0.016937899469128492,3
0.6619478544036316,0.9310198715614039,0.2690720171577723,3
0.4985921418303949,1.02994708637354,0.5313549445431451,3
0.7785262718275624,0.9017490593075376,0.12322278747997517,3
0.7351218417238463,1.1276295796025084,0.3925077378786621,3
0.9105587753796862,1.018951242919212,0.1083924675395258,3
0.9643097602938135,1.0584155424243753,0.09410578213056175,3
0.0919920826776747,0.3111411280930959,0.2191490454154212,3
0.8607472063098632,1.0641107913458758,0.2033635850360126,3
0.8139825182531779,1.0748942690682632,0.26091175081508533,3
1.009639136339594,1.0740911361548626,0.06445199981526861,3
0.8375671687163574,1.0504463796756804,0.21287921095932305,4
0.9392193576711084,1.0405025235065877,0.10128316583547925,3
0.8043718737199784,1.037017057661361,0.23264518394138267,3
0.09769376993851905,0.32247603852892215,0.2247822685904031,3
0.8061670110177022,1.1085181279065475,0.3023511168888453,3
0.6671539016771488,0.9799616642996899,0.31280776262254106,3
0.717932262870765,1.0335904014823454,0.31565813861158043,3
0.7974429763112612,1.011403421786504,0.21396044547524284,3
0.7024634174162978,1.114070588444111,0.4116071710278133,3
0.9017827723963667,0.9329234898459875,0.03114071744962077,3
0.9896673645597729,0.963264980537357,-0.026402384022415903,3
0.9809319580413574,0.9789623548825952,-0.0019696031587621565,3
0.8724556227279973,0.9131018758813477,0.040646253153350465,3
0.5575991875899382,1.0128776637600772,0.45527847617013895,3
0.7770754003557082,1.0877423426947106,0.3106669423390024,3
0.9045856466686515,1.034548280990276,0.12996263432162447,3
0.7528364981229396,0.9540284941087155,0.20119199598577586,3
0.9743423440184584,0.9651583219756962,-0.009184022042762252,3
0.8688055421440437,1.0537230840159892,0.18491754187194553,3
0.8481158224369287,0.9552778887099855,0.1071620662730568,3
0.971988019254834,1.002489190788065,0.030501171533231064,3
0.8555746551214428,1.0606713915251276,0.20509673640368475,3
0.1660143678421071,1.0993601847278114,0.9333458168857043,3
0.8368846760540785,0.9277197667123861,0.09083509065830764,3
0.7008485651923163,0.7779283399584218,0.0770797747661055,3
0.8705775914494198,0.9485852713605656,0.07800767991114577,3
1.0273529109574604,0.8946468563349745,-0.13270605462248586,3
0.42609574464614347,0.8122742849263483,0.3861785402802049,3
0.9235318759541005,1.0764293826845175,0.15289750673041702,3
0.7375587365468341,0.9802866775349759,0.24272794098814177,3
0.7506772254742264,1.0116253696483724,0.2609481441741459,3
0.7626008885110214,1.1238344457217226,0.3612335572107013,3
0.7200774443156954,0.9878076097115978,0.26773016539590233,3
0.8020381096740765,1.0113426475001739,0.20930453782609737,3
0.8372589422046237,1.0004472005233693,0.16318825831874562,3
0.8393547654213653,1.078929439287366,0.23957467386600073,3
0.7870034411329299,1.1070012049387183,0.3199977638057885,3
0.9950176415200909,1.0302667260090221,0.03524908448893127,3
0.345491933511939,1.1507686845341962,0.8052767510222572,3
0.8184325710430869,0.9164613386083305,0.09802876756524359,3
0.9180813543531883,1.088179817433712,0.1700984630805238,3
0.9037425448466109,1.0471066136368938,0.14336406879028296,3
0.6623307335312582,0.8046857723971609,0.14235503886590273,3
0.8328916773917241,1.0235650230808169,0.19067334568909278,3
0.9759695374336113,0.995755266528243,0.01978572909463172,3
0.6717531379599979,1.0182814348129807,0.3465282968529828,3
0.6914135828552,0.719341703846058,0.027928120990857952,3
0.5910487070191232,0.9284827242636936,0.33743401724457045,3
0.9663117859975939,0.9775067737809742,0.01119498778338024,3
0.8074429074145615,0.76193253501077,-0.04551037240379152,3
0.9952172412022705,0.9693986902394551,-0.02581855096281538,3
0.8661032782688216,1.0983511158121029,0.23224783754328127,3
0.7445914592734821,1.0882437932031708,0.34365233392968864,3
0.6171621581416051,0.7701304074122867,0.15296824927068153,3
0.6634686860616732,1.1195460572229734,0.4560773711613002,4
0.9116921653876947,1.0028459656789646,0.09115380029126985,3
0.6436676351976436,1.0153226348389717,0.3716549996413281,3
0.8901960268534735,1.0179916963530586,0.1277956694995851,3
0.6786409398534166,0.9212663616717467,0.24262542181833013,3
1.0127460853698862,1.049700754140157,0.03695466877027087,3
0.7678515046252171,0.8753738097479867,0.10752230512276961,3
0.9845414631719124,1.0588529663438666,0.07431150317195423,3
0.8508101061059149,0.832343042776119,-0.018467063329795863,3
0.790189890040643,1.0333024868520881,0.24311259681144515,3
0.7881681870101142,1.0055116875034527,0.2173435004933385,3
0.8473817170882918,1.0746050080280534,0.22722329093976157,3
0.35181426201203975,0.8532095034817612,0.5013952414697214,3
0.9100034968188859,0.964544980303464,0.0545414834845781,3
0.5790998375206475,0.9205740165851423,0.34147417906449473,3
1.2392974250389914,1.0098579769931497,-0.2294394480458417,3
0.25045531499012724,0.6932447505817354,0.44278943559160816,3
0.5728530302546404,0.9565103610783051,0.3836573308236647,3
0.812496280735215,0.9601438735108957,0.14764759277568074,3
0.8178179975189975,0.9056716714092996,0.08785367389030208,3
0.46128126898450994,0.6321004582767626,0.1708191892922527,3
1.0059994211187915,0.9900036141194489,-0.015995806999342554,3
0.8000880051812896,0.9458038686067034,0.14571586342541376,3
0.7095567078500613,0.7770755558318742,0.06751884798181285,3
0.37386905499546325,0.6808801599632958,0.3070111049678325,3
0.9299566278659994,0.9784451609407334,0.048488533074734,3
0.9347958915634363,0.8438750711170214,-0.09092082044641492,3
0.7706015882239778,0.9089258143105908,0.138324226086613,3
0.8671667394378831,1.0725581266154458,0.20539138717756267,3
0.715166703547546,0.9955161204093764,0.28034941686183046,3
1.0550209902147771,1.0278549207182008,-0.027166069496576295,3
0.9888942097824092,1.008886541868874,0.01999233208646478,3
1.044521726315386,1.0215917090871922,-0.022930017228193877,3
0.8935077410481794,0.9320854090299788,0.0385776679817994,3
0.6808755862127578,0.9176532971503452,0.23677771093758737,3
0.7864262946852019,0.9451071759093214,0.1586808812241195,3
0.8579783903844229,1.0593279131798465,0.20134952279542362,3
0.745805206666518,0.9955480474033007,0.24974284073678277,3
0.9100639682274285,1.0362150574626088,0.12615108923518026,3
0.8446880361052829,0.8301330005077691,-0.01455503559751381,3
1.0341514152088682,0.9833890875518267,-0.05076232765704147,3
0.7862290471114026,1.0187236479699822,0.23249460085857954,3
0.8165968224530791,1.0788625738948112,0.26226575144173214,3
0.7267077954330509,0.8894373250418641,0.16272952960881326,3
0.6640025285548615,1.0924010658627614,0.4283985373078999,3
0.9701805152801193,1.037908413171516,0.06772789789139666,3
0.7601555180452592,1.0666180463048063,0.3064625282595471,3
0.6526959895420867,1.0115163154826203,0.3588203259405336,3
0.83136691264532,0.9723877462487567,0.14102083360343665,3
1.003702978531704,1.0492250062435613,0.045522027711857316,3
0.8143460317574065,0.7815000905550912,-0.03284594120231532,3
0.9466268412833936,1.0055255200071804,0.058898678723786846,3
0.9725821093019893,1.0080379938985429,0.03545588459655358,3
0.9195813673766011,1.0250260166174103,0.10544464924080921,3
0.7705215495290934,0.9210855892872437,0.15056403975815036,3
0.8099138281253401,0.8370527622551233,0.027138934129783188,3
0.6812461358786868,0.9517261330920229,0.27047999721333615,3
0.6708912182595183,1.0110067742671045,0.34011555600758625,3
0.9385957457601045,1.0371519010757813,0.09855615531567674,3
0.7850113205774819,0.8791198911719127,0.09410857059443078,3
0.9002328366776797,0.9111961840923261,0.01096334741464633,3
0.8744688728210165,0.9621781112094393,0.08770923838842282,3
0.4903384594434354,0.9421716927699804,0.45183323332654496,4
0.933470447638028,1.0723201618737785,0.13884971423575054,3
0.7060744892055114,1.0156784938081767,0.30960400460266524,3
0.8413215050569782,1.082051425387316,0.2407299203303377,3
0.7821622358858873,1.1087623925515988,0.3266001566657115,3
0.7127390466604371,0.8210934560504329,0.10835440938999585,3
0.8166554294727393,1.1156980037066626,0.29904257423392333,3
0.723768916167428,1.046563952369937,0.32279503620250904,3
0.961050798044911,0.9797858716955454,0.018735073650634426,3
0.7652188845984627,1.097710216483907,0.33249133188544433,3
0.9886400392539891,0.9653840884655691,-0.02325595078842002,3
0.9903135195274264,0.9638677962804276,-0.026445723246998787,3
0.9030808761681194,0.9029001363261098,-0.00018073984200961402,3
0.6208448722241434,1.1476740574680557,0.5268291852439123,3
1.0843732233707097,1.008541960600379,-0.07583126277033081,3
0.6582554906433575,0.9918865369184455,0.333631046275088,3
0.920937189293888,0.9231300506530061,0.0021928613591181145,3
1.0592180146349108,1.0054992991434566,-0.05371871549145424,3
0.7102760702606887,1.0493505588535197,0.33907448859283096,3
0.9078668506144509,0.924042895785891,0.016176045171440112,3
0.7938058043443587,1.1025297662514235,0.30872396190706486,3
0.7260194468603631,0.9790475447647079,0.2530280979043448,3
0.9668749202207296,1.0979517271092651,0.1310768068885355,3
0.9719192577389868,1.020794329983706,0.0488750722447191,3
0.9596000233525961,1.058894593548346,0.09929457019574994,3
0.9298573890300081,1.0330028049794866,0.10314541594947846,3
0.0834988393760591,1.2203528228565519,1.1368539834804927,3
0.6356840197216503,1.168318392652513,0.5326343729308626,3
0.44579642758391985,1.0570572542017,0.6112608266177801,4
0.7661303472804778,0.8999402806439918,0.133809933363514,3
1.018781455430355,0.9625421530721464,-0.05623930235820851,3
0.8599350351077892,1.0183415241116047,0.1584064890038155,3
0.10854075210328502,0.3543777889431663,0.24583703683988128,3
0.8846824227008303,0.9956511322092296,0.11096870950839932,3
0.905829852447166,0.9997905509969797,0.0939606985498137,3
0.5089791840553199,0.6108894018223779,0.101910217767058,3
0.6621782873664888,0.9600961891858274,0.29791790181933864,3
1.0322168443093223,1.0610771130954588,0.028860268786136567,3
0.3693663610408807,0.7870650256018664,0.4176986645609857,3
0.9351600750611389,0.8647392263343308,-0.0704208487268081,3
0.8084301624381285,1.0613852868281541,0.25295512439002565,3
0.5258253022607136,0.9893957811443733,0.46357047888365976,3
0.813814374599891,0.9262562135427224,0.11244183894283133,3
0.991483823621924,1.04492004552676,0.05343622190483599,3
0.9189819733971034,1.0140775751564148,0.09509560175931142,3
0.48544115295418844,0.5578708857235938,0.07242973276940534,4
0.9414921975968638,1.058607954574811,0.1171157569779473,3
0.3465628740611358,0.6671731383511239,0.3206102642899881,3
0.5843554395987544,0.8051176402324841,0.22076220063372975,3
0.4132757354200957,1.2179607239723333,0.8046849885522376,3
1.0172600592957934,1.0249044494706798,0.007644390174886384,3
0.8518035558253613,1.0085769149370025,0.15677335911164125,3
1.0076724738992324,1.064449419775705,0.05677694587647264,3
0.886204439840788,1.0208185603802644,0.1346141205394764,3
0.7500781465323869,1.048947616410144,0.298869469877757,3
0.29982808773737984,0.491213851156163,0.19138576341878316,3
0.7248502553941213,1.1178428060676369,0.3929925506735156,3
0.8191518473572909,1.0763248772631315,0.2571730299058407,3
0.8312306945964774,0.9897712776941491,0.15854058309767172,3
0.6841894985959402,0.9883917725790831,0.3042022739831428,3
0.7588355523144701,0.9379049959396614,0.17906944362519128,3
0.8307315974113682,0.9362998209577317,0.10556822354636353,3
0.9805499193526698,0.9578745036510793,-0.022675415701590484,3
0.7514657499966653,0.9272422494036,0.17577649940693474,3
0.8397245470422546,1.028348124561653,0.1886235775193984,3
0.909452773012308,0.9793976429067367,0.06994486989442872,3
0.44148199277714645,0.9781436837023135,0.5366616909251671,3
0.5391874901267437,1.0442359095540772,0.5050484194273335,3
0.5327035002542994,0.9038667883198683,0.371163288065569,4
0.6910732027160321,0.934587708615832,0.24351450589979984,3
0.7932766690086778,1.0156871326301251,0.22241046362144734,3
1.0225116208036826,0.9323029685027407,-0.09020865230094188,3
1.003201770549874,1.0615582028424428,0.05835643229256893,3
0.6458198621007157,1.1129491554712678,0.4671292933705521,3
0.5345611413209276,0.8120752034757319,0.27751406215480434,4
0.8971408881555123,1.1061583060645341,0.20901741790902184,3
0.6076691764511672,1.1209252149322704,0.5132560384811031,3
0.6168581564421197,1.1508281191823535,0.5339699627402338,3
0.3277532710554523,0.6101874315255613,0.282434160470109,3
0.9089129476718028,1.008288912188114,0.09937596451631125,3
0.8244606495247062,0.9102905404330699,0.08582989090836368,3
0.892125881926241,0.8409601645946811,-0.051165717331559835,3
0.9984314559630684,1.0542393836337574,0.055807927670688984,3
0.9942159669086515,1.0382445485685172,0.04402858165986567,3
1.097830101788604,0.949333665620744,-0.14849643616786012,3
0.8789619502999921,0.8709748922478295,-0.007987058052162599,3
0.8452680208077553,1.0615574624926705,0.21628944168491515,3
0.520802339328178,1.0355267881938903,0.5147244488657123,3
0.8256357266881156,0.9837438864784873,0.15810815979037174,3
0.7073948746373172,0.8422607956600577,0.13486592102274053,3
0.9596540036585008,1.0009955931073,0.041341589448799176,3
0.7242397700847221,0.9176144976824319,0.1933747275977098,3
0.9618683225594435,0.933537698106402,-0.028330624453041575,3
0.3535188165438858,0.7903441836283979,0.4368253670845121,3
0.7166403064058415,0.8695466438661652,0.15290633746032367,3
0.830207350499248,1.0469830594726397,0.2167757089733917,3
0.7817969423621588,1.1911523996689357,0.4093554573067769,3
0.5571730210581253,0.9648575386048398,0.40768451754671453,3
0.6463084436948898,0.9327275381418421,0.28641909444695224,4
0.7595782630325647,1.039816587840634,0.2802383248080693,3
0.7091515519223084,0.9015107089599692,0.19235915703766082,3
0.9160048363490441,1.106127825353113,0.190122989004069,3
0.8377874557303403,0.9241563976985144,0.08636894196817413,3
0.7325147317453586,0.8576914855710143,0.12517675382565563,3
0.8250950305964402,0.9584574411453572,0.13336241054891707,3
1.0358149387016473,0.9854803989178057,-0.050334539783841614,3
0.9294635350950374,0.8953825480884424,-0.03408098700659501,3
0.7660803314242117,0.9514297120227159,0.18534938059850414,3
1.0866714229945327,0.947803879814854,-0.13886754317967864,3
0.924397314517285,0.9997117813238123,0.07531446680652731,3
0.720039816320458,0.9601532298187875,0.2401134134983295,3
0.7980918708056226,0.8782493513370438,0.08015748053142124,3
0.8639562367561606,1.0345799814444216,0.17062374468826103,3
0.4518353539827225,0.6028284167357656,0.15099306275304308,4
1.186433014791508,1.0082124545923232,-0.17822056019918486,3
0.8532604663953003,1.0898992506322656,0.23663878423696527,3
0.8893106639493822,0.8961026593855728,0.006791995436190579,3
0.5189363968872736,0.5948104208710745,0.07587402398380094,3
0.8670196921428097,1.043002103726971,0.17598241158416128,3
0.5998487946185334,0.9408012967499516,0.34095250213141826,3
0.6665816031648943,1.0418264676067905,0.3752448644418962,3
0.6604683089607479,0.9138635703804621,0.25339526141971414,3
0.6762427058533366,1.1096271540605525,0.4333844482072159,3
0.9533967744469249,0.9787987198417671,0.025401945394842196,3
0.9253744630336708,1.0226161237699407,0.09724166073626994,3
1.0177500276443197,1.0311504040501593,0.013400376405839687,3
0.939842250751453,1.1394984165865432,0.19965616583509016,3
0.9285364553483655,0.9849217070556712,0.056385251707305684,3
0.8497265613200546,0.9098428658143582,0.06011630449430361,3
0.7505571637537762,1.1031058803470257,0.3525487165932495,3
0.8111277163498558,1.101220586512421,0.29009287016256513,3
0.31365620300996555,0.8962138808799722,0.5825576778700067,3
0.5297946045558183,1.061269215791266,0.5314746112354477,3
0.5481199190310527,0.7758845964825576,0.22776467745150486,3
1.0059988341233357,0.9939650245600821,-0.012033809563253617,4
0.3341200875722696,0.5168215336386219,0.18270144606635236,3
0.5458649498990005,1.0625447557118,0.5166798058127995,4
0.711567193122415,0.7609983173997908,0.04943112427737584,3
0.75482510331437,0.7355945637676067,-0.019230539546763348,3
0.8155505861590928,0.9909322488042527,0.17538166264515986,3
1.040542025422544,0.9592435229800828,-0.08129850244246117,3
0.1519529754760595,1.1502491894792104,0.9982962140031509,3
0.849324483597388,1.0618921174050118,0.21256763380762378,3
0.5710149012096426,0.758743356852599,0.18772845564295637,3
0.7866395538241855,1.027171470872039,0.24053191704785348,3
0.7311973185415397,1.0461490702177978,0.3149517516762581,3
0.7365317056184231,0.8995711909374583,0.16303948531903523,3
0.7109575502448998,0.7889930494364462,0.0780354991915464,3
1.0192451266874405,0.981332555515066,-0.037912571172374454,3
0.8800197492266119,0.9121038076574604,0.032084058430848494,3
1.015487895000044,1.0839969351896317,0.06850904018958759,3
0.9542766664753448,1.0138464208489915,0.059569754373646644,3
0.7650120921643557,1.0416905970797792,0.27667850491542345,3
1.079095524535787,1.0151356717679776,-0.06395985276780936,3
0.6813580959857132,0.8038437504720657,0.12248565448635251,3
0.6584513599850879,1.0528140624868887,0.39436270250180083,3
0.5601323673085775,0.8352657700715684,0.2751334027629909,3
0.6049969993600044,1.0198065300418682,0.41480953068186377,3
0.961219011922768,1.0036404763211626,0.04242146439839456,3
0.7175464774444014,1.0066247218598285,0.2890782444154272,3
0.46768983273389747,1.0522740675426163,0.5845842348087189,3
0.8533526884444316,1.0327555892008236,0.17940290075639198,3
0.8450721476842606,0.9532118649671147,0.1081397172828541,3
0.8494430704843777,1.0543061723862432,0.20486310190186552,3
0.7730310663443234,0.8582437582357725,0.08521269189144909,3
0.8041678696631223,1.1409606090857622,0.33679273942264,3
0.9084822439941176,0.9880599485949233,0.07957770460080571,3
0.717744586702467,0.9733933549308894,0.2556487682284224,3
0.41057024852502755,0.657772455192177,0.24720220666714943,3
0.912673368518124,1.0026941272452115,0.09002075872708748,3
0.9645980104075145,1.0758220028819432,0.11122399247442871,3
0.8979970775591717,1.0885437467092567,0.190546669150085,3
0.9464102447037314,1.03145981504561,0.08504957034187866,3
0.5792073532594784,0.6783283519208081,0.09912099866132973,3
0.8921450758378479,0.9733972617752853,0.08125218593743744,3
0.9775369905965654,1.0531616421601018,0.07562465156353637,3
0.9458472795016923,1.0361566711420322,0.09030939164033991,3
0.7347511530598674,1.0792314362027213,0.34448028314285395,3
1.0190706858317011,1.0075624850279672,-0.011508200803733937,3
0.5916553534610165,1.0505564269870733,0.4589010735260568,3
0.8226973285461768,0.9837033264868611,0.16100599794068426,3
0.68513729266646,0.9289934267323939,0.24385613406593398,3
0.8439240785700598,1.000421608713923,0.15649753014386325,3
0.9859572236605357,0.9907631904004802,0.004805966739944489,3
0.877615119897507,1.053539293778762,0.17592417388125503,3
0.8583639438341076,1.0025484079726725,0.1441844641385649,3
0.9186025868841786,1.1126045436370668,0.19400195675288823,3
1.074070197578327,0.9191098318083414,-0.1549603657699855,3
0.963568835818484,1.042423170597432,0.0788543347789481,3
0.9562297890619066,0.8970842105787865,-0.059145578483120076,3
0.8882478404437972,1.0112774047952018,0.12302956435140455,3
0.715481945845438,0.8023717214828278,0.08688977563738975,3
0.7021645576547297,0.9833807571014062,0.2812161994466764,3
0.2448571604988183,0.3836972035541072,0.13884004305528888,3
0.30594756979011795,1.28618755432876,0.980239984538642,3
0.685140872378958,1.0708577722443993,0.3857168998654412,3
0.682930170378753,1.1208665873565977,0.4379364169778447,3
0.6856620398485088,1.1447311302231047,0.45906909037459587,3
0.6651495941706206,1.0730242284451443,0.40787463427452375,3
0.8580991413012757,0.9911127092642731,0.13301356796299735,3
0.8120253000766433,1.0165896963595338,0.20456439628289047,3
0.9218239249028914,0.9186422069248088,-0.0031817179780826432,3
0.8315266195564459,1.0644166821956367,0.23289006263919076,3
0.794735966828994,1.005791168903741,0.21105520207474715,3
0.5925682344939146,1.009808280666869,0.4172400461729543,4
0.8868973568029166,1.0766725963679007,0.1897752395649841,3
0.8401209835866743,0.8063700502488867,-0.03375093333778756,3
0.7418422516327944,0.8779249198926037,0.1360826682598093,3
1.071015914606248,0.9411291978079079,-0.12988671679833996,3
0.5746224597739537,0.7791121202899,0.2044896605159463,3
0.9872676744116173,1.0085754118392665,0.02130773742764913,3
0.9656493721293948,1.0261004120095696,0.06045103988017475,3
1.0932807559870814,0.944279445458007,-0.1490013105290744,3
0.5203423092022934,0.9258418653097475,0.40549955610745414,3
0.9517173459414401,1.0675600875218854,0.11584274158044527,3
0.8985358255688969,0.8720799629448777,-0.026455862624019222,3
0.7746337213313733,0.9438524158233426,0.16921869449196925,3
0.8973608934887116,0.8971013327892896,-0.0002595606994220123,3
0.7254585744109917,0.880878243652449,0.15541966924145734,3
0.5876526620568426,1.0931316700604465,0.5054790080036039,3
0.7927613634664352,0.9424257406459147,0.14966437717947945,3
0.995578093602788,1.0229431483604308,0.027365054757642726,3
0.7828752655856287,0.8810175991899234,0.0981423336042947,3
0.5146844116120725,1.0855870425255307,0.5709026309134583,3
0.9175436119488969,0.9984794768564467,0.08093586490754978,3
0.7377694645997023,1.0606707809773188,0.32290131637761654,3
0.8347118599147372,0.9451107917127199,0.11039893179798277,3
0.8080227976502551,1.112401670818717,0.3043788731684619,3
0.737137686143747,1.1251727904387323,0.38803510429498533,3
0.9192986146009414,1.0210490828696377,0.10175046826869627,3
0.5680733878960651,0.6843035391839699,0.11623015128790481,3
1.0607499553814728,1.0268783442207237,-0.033871611160749104,3
0.5161126669413851,1.0434327110188144,0.5273200440774293,4
0.9152373567663488,0.9818924868988572,0.06665513013250846,3
1.0229292523573914,1.024781651154726,0.0018523987973346756,3
0.8638557949689094,1.0742368018254176,0.21038100685650818,3
0.8569916428810145,0.9832461402883601,0.12625449740734562,3
1.1153510189141977,0.9794423333585313,-0.1359086855556665,3
0.8969584680827827,0.9466025522966668,0.04964408421388411,3
0.8710286334076582,1.0278129082824097,0.15678427487475144,3
0.8305156366891921,0.9117428075991342,0.08122717090994203,3
0.833287464626164,0.9332112922140559,0.09992382758789187,3
0.3682973133388609,0.8530230766089765,0.4847257632701156,3
1.0871084811439515,0.9644761726327499,-0.12263230851120166,3
0.940032136536316,0.9906212724200076,0.05058913588369163,3
0.9498589594538707,1.0657411535558559,0.11588219410198519,3
0.6669375285909034,1.0968080476605702,0.4298705190696668,4
0.9199739324833018,1.0207921201193753,0.10081818763607342,3
0.4948980387747577,0.8916144974902546,0.3967164587154969,3
0.8026466985704894,0.986971097601862,0.18432439903137254,3
0.5262080041542327,0.6990876796585092,0.1728796755042764,3
0.9660264425229694,1.0418791008590687,0.07585265833609922,3
0.4911404980906411,1.085976408998635,0.5948359109079939,3
0.5450823801925408,1.0215773753612685,0.4764949951687276,3
0.4342579213631249,0.8592948653325866,0.4250369439694617,4
0.7292723623998445,1.1462466712138997,0.4169743088140552,3
0.7859259276447293,0.9126437545846785,0.12671782693994915,3
0.654704262282223,0.9637451838240016,0.30904092154177865,3
0.6853553760754031,1.0156975854335069,0.33034220935810377,3
0.9452207493587282,0.954930001473545,0.009709252114816769,5
0.8705369479771053,1.000683878311732,0.13014693033462665,3
1.0353323815595392,1.019369532748451,-0.015962848811088115,3
0.8555299428757075,0.8141723170565982,-0.04135762581910929,3
0.5900577934987651,1.1390313012902349,0.5489735077914698,3
0.9870799791678508,1.064088560654948,0.0770085814870971,3
0.8534150424559954,1.0908011453325765,0.23738610287658113,3
0.754653662874076,1.0005326221953408,0.2458789593212648,3
0.9265053543995831,1.0348248930753081,0.10831953867572497,3
0.8050033374887569,0.9151122228775208,0.11010888538876396,3
0.6358295729822662,1.0381915448707433,0.4023619718884771,3
0.40984377386958776,1.2053233063150277,0.79547953244544,3
0.8379297422824263,1.114695480540952,0.2767657382585256,3
0.7769835281171005,1.0553743718264428,0.2783908437093423,3
0.6812412637683869,1.0325553098977198,0.3513140461293329,3
0.6555756478977337,0.8011656903939567,0.14559004249622298,3
0.940432945345087,0.9751175941098499,0.03468464876476285,3
0.9708020547695582,0.9589042326762348,-0.011897822093323351,3
0.7813674157355465,0.9910589379836319,0.2096915222480854,3
0.9659887570296223,1.0657395136227774,0.09975075659315513,3
0.4301142231414794,1.1565021007620169,0.7263878776205375,3
0.8442397819447888,0.8211666956999307,-0.023073086244858043,3
0.8388917253047893,1.0251146824155954,0.18622295711080616,3
1.1894023205439945,1.046506504883918,-0.14289581566007659,3
0.8009850905551773,1.1248648334601326,0.32387974290495525,3
0.6315911256669902,0.9260477539677044,0.2944566283007143,3
1.0649394238211707,0.9832913291899981,-0.08164809463117262,3
0.7840690783219147,0.883133592653834,0.0990645143319192,3
0.9311296421815984,0.9477583311918629,0.016628689010264486,3
0.9252061778739875,0.9390275886924538,0.013821410818466329,3
0.8333126736496529,1.0625022135787914,0.22918953992913849,3
0.7288935999243025,0.8523189975598827,0.12342539763558025,3
0.7340387512315577,0.996825119539613,0.26278636830805524,3
0.875461856163223,1.0486084576783785,0.17314660151515548,3
0.9451349737624052,0.9929854008839948,0.0478504271215896,4
0.9353764551565877,1.0610628604547958,0.12568640529820807,3
0.724277729342949,1.0856778704883447,0.36140014114539576,3
0.5135903802526691,1.049126619325289,0.5355362390726199,3
0.8233625364610007,0.9543657170431243,0.13100318058212368,3
0.8360866457122607,0.9095608683874365,0.0734742226751759,3
0.7886795568053759,1.0482599859512125,0.25958042914583657,3
0.7418736027536874,0.8612728983904873,0.11939929563679985,3
0.7982180804585812,1.0591045302582935,0.2608864497997123,4
0.9926715953502652,0.9895973183133414,-0.003074277036923756,3
0.7914321288889549,1.0265791967389932,0.23514706785003836,3
0.8885482411060099,1.021288768415597,0.13274052730958696,3
0.32255606870001413,0.8285215769405986,0.5059655082405845,3
0.8636572266648527,0.9216583562284237,0.05800112956357106,3
0.7647401542760413,0.9532481126277134,0.1885079583516721,3
0.917093742307635,1.0605936825838094,0.1434999402761744,3
1.0071293396386372,1.0074683374442097,0.00033899780557256065,3
0.8503915757092019,1.018356372114704,0.1679647964055021,3
0.8586879949722473,1.0036179896289172,0.1449299946566699,3
0.9309108381233082,0.9709612499106097,0.04005041178730151,3
0.670238474401254,0.9805151086925065,0.3102766342912525,3
0.21069379707436695,1.026029685742957,0.81533588866859,3
0.8778855102915444,0.8819773744571323,0.004091864165587933,3
0.753428332337046,1.0155040725008808,0.26207574016383484,3
1.0100214073307527,1.0386734213419395,0.028652014011186777,3
0.950615011311829,1.0725680137274776,0.12195300241564855,3
0.9554624366804891,1.0491960232494466,0.09373358656895747,3
0.9302546052595599,0.8580711220921382,-0.07218348316742174,3
0.7425661549909413,0.9314068594980561,0.18884070450711488,3
1.1426921046118306,0.9609653927592173,-0.18172671185261324,3
0.6412473656305926,0.9814052440113639,0.3401578783807713,3
0.8762559095703449,1.034434270797962,0.15817836122761697,3
0.8627137508872504,1.0318744319786541,0.1691606810914037,3
0.7513562449663529,1.1739928270878246,0.4226365821214717,3
0.9592650612661703,0.9653015151827017,0.0060364539165314035,3
0.9865815680899548,0.9948689517447233,0.008287383654768554,3
1.0104579155405347,1.0592062665542323,0.04874835101369768,3
0.8570855844513998,1.139637086621812,0.28255150217041214,3
0.6006384172087429,0.8477770204767655,0.24713860326802262,3
1.1324809831441902,0.9901184152164456,-0.1423625679277446,3
0.9005524625703955,1.0941233966424075,0.1935709340720121,3
0.5010200849232744,0.7839967099718856,0.2829766250486112,3
0.8212675992449893,0.9943083322839001,0.17304073303891088,3
0.8515559731165061,1.0821118109989227,0.23055583788241663,3
0.8221868470157838,1.0612197133352939,0.23903286631951004,3
1.1371293648521268,1.0002714648925897,-0.13685789995953712,3
0.775175275069796,0.9072839497391338,0.13210867466933784,3
0.8113516009631988,0.8284002619777471,0.017048661014548272,3
0.9491328680494335,0.9423416042025234,-0.0067912638469100894,3
0.40491481345277247,0.6591955203868084,0.2542807069340359,3
0.9441225645372182,1.0428312194841924,0.09870865494697423,3
0.9589247222179257,1.0184057878708446,0.059481065652918885,3
0.390893437527487,0.7917690639190603,0.4008756263915733,3
0.790147696356192,1.1376243474981593,0.34747665114196735,3
0.8462827833378372,0.9544513189562581,0.10816853561842088,3
0.8870765736790832,0.9434167282520199,0.05634015457293673,3
0.9964440839671711,0.9992416266117481,0.002797542644576989,3
0.616961255007502,0.6098820547090681,-0.007079200298433896,3
0.9539346548263522,1.0233910403620654,0.0694563855357132,3
0.7150192820194273,1.0118328883534573,0.29681360633403,3
0.13854723689210888,0.37552103227994094,0.23697379538783206,3
0.7997457828406298,1.0245056913518948,0.22475990851126504,3
0.7993154778414682,0.9909821582876589,0.19166668044619073,3
0.40864825669200977,0.94518213771214,0.5365338810201302,3
0.8518120991450477,1.0116364013900907,0.15982430224504296,3
0.6995351771087697,0.7200770842874976,0.020541907178727947,4
0.8543892063966815,1.021932235109015,0.1675430287123335,3
0.8279694751112774,1.1197765921704446,0.2918071170591672,3
0.910111704688199,1.0067684290436083,0.09665672435540928,3
0.9416675160827382,0.9039542818715752,-0.037713234211163016,3
0.12199447414114829,0.4293317797244325,0.3073373055832842,3
1.0590607721020213,1.0459282327735153,-0.013132539328505999,3
0.7950228043064613,1.1502940155380057,0.35527121123154437,3
0.8879807459640179,1.0081199256767417,0.12013917971272381,3
0.7283070964180557,1.0044058230279855,0.27609872660992985,3
0.9600749582388233,0.9723609831531348,0.012286024914311522,3
0.6588051883070084,1.0738346989468799,0.4150295106398715,3
0.6437589019882224,0.7693775970933306,0.12561869510510826,3
0.8611074906180176,0.9436935798370426,0.082586089219025,3
0.7379212784939901,1.0293561294588471,0.291434850964857,3
1.0002931292465789,0.9713838025946983,-0.028909326651880618,3
0.8173647427107235,1.0795224777383254,0.262157735027602,3
0.6515348215985264,1.0495823074143564,0.39804748581583005,3
0.7086647098887601,0.8792744797800942,0.17060976989133414,3
0.7655854861733775,1.1037595602771821,0.3381740741038046,3
0.7000069120358403,0.9990685629264394,0.2990616508905991,3
0.8010723965980221,1.1061915883414302,0.30511919174340807,3
0.7398576782086987,0.7928844911334793,0.05302681292478051,3
0.8809369264685802,0.9866473200162561,0.10571039354767586,3
0.7594363506058581,0.9672843808310031,0.20784803022514498,3
0.6999243342237673,1.1412954101947508,0.44137107597098346,3
0.9759674235452226,0.9314742010276781,-0.044493222517544506,3
0.8238504567321908,1.0582846110398008,0.23443415430760994,3
0.8138543832905302,0.9753542604440539,0.16149987715352376,3
0.6952008330091773,0.9470913900856311,0.2518905570764538,3
0.9843613633854169,1.01060871533861,0.026247351953193165,3
0.6874890571314873,0.9573839339873815,0.2698948768558942,4
0.9807557409731973,1.0342089671882064,0.05345322621500914,3
0.6529500739925261,1.0086108115596886,0.35566073756716243,3
0.9122763643431842,1.0254404195004896,0.11316405515730543,3
0.6370381615790847,0.9555534015450993,0.3185152399660146,4
0.5246751350452846,1.149843058977197,0.6251679239319125,3
0.938967231823725,1.0544346303735677,0.11546739854984267,3
0.867767468834856,0.96660563875625,0.09883816992139405,3
1.0147046220590288,1.0162799584425213,0.0015753363834924983,3
0.732627163377642,0.975273912650376,0.242646749272734,3
0.8174792996617347,0.9007751891086478,0.08329588944691313,3
0.9951944603237741,1.0328263754855138,0.03763191516173969,3
0.8185929393290544,1.0973355399630982,0.27874260063404377,3
0.49117131505353934,0.8000062092779539,0.3088348942244145,3
0.6873506341946146,1.1379593870429736,0.450608752848359,3
0.265007527127675,1.0015949893178508,0.7365874621901758,3
1.0213597320015928,1.0168499444619918,-0.004509787539600962,3
0.21350399801423806,0.6762177803342776,0.46271378232003957,3
0.5813083298456895,1.1124878290278466,0.5311794991821571,3
0.9863840818933252,0.9958100635542406,0.009425981660915461,3
0.9419168214983837,1.0135909885345504,0.07167416703616669,3
0.9600426602542577,1.0095345040697865,0.049491843815528846,3
0.8349513287050399,0.9198508053860521,0.08489947668101228,3
0.9793529193531827,1.0288322306360946,0.04947931128291194,3
0.5118644826509288,1.0411288319641994,0.5292643493132706,3
1.0446152483962607,0.9503067153011887,-0.09430853309507203,3
0.5529733542272095,0.9623941072090784,0.40942075298186886,3
0.564094019751316,1.1356770148677644,0.5715829951164484,3
1.1071593299176865,0.9607489289849189,-0.14641040093276758,3
1.0549892653578166,0.962646607696809,-0.09234265766100758,3
0.8572387008281985,1.1374834630715152,0.2802447622433166,3
0.8762359476827566,0.9514239289261411,0.07518798124338455,3
0.9335796422044998,0.9978329246189453,0.0642532824144455,3
0.5278541289588938,0.9026003507779857,0.3747462218190919,3
0.8264154879512248,1.0196794634767978,0.19326397552557306,3
0.6964256346726485,0.8772080979233411,0.18078246325069258,3
0.9501200813817758,1.1062240364173892,0.15610395503561336,3
0.6034507443458116,0.9210089289383544,0.3175581845925428,3
0.6097408614380686,1.1487295283862966,0.538988666948228,3
0.7925917935187137,1.0841187720007235,0.2915269784820098,3
0.6795398582902111,0.9278173930035777,0.24827753471336655,3
0.9121515492204175,1.092675383753989,0.18052383453357157,3
0.9972735689925104,1.0013935235351006,0.004119954542590176,3
0.7675784966435704,1.0159516434288471,0.24837314678527678,3
0.9372625453186977,1.0770895669952671,0.13982702167656946,3
0.8197246558106268,0.9024291754573648,0.08270451964673797,3
0.6590442797229268,1.057014624069999,0.3979703443470721,3
0.8180177422000834,0.9570473227886193,0.13902958058853587,4
0.9124886353305457,1.0150200151817361,0.10253137985119043,3
1.0726513639774715,0.9670732277348622,-0.10557813624260937,3
0.8027073461722012,1.112461891607061,0.3097545454348598,3
0.7857411936818208,0.9880840949185984,0.20234290123677756,3
0.1426014927657935,0.9174981000181006,0.7748966072523071,3
0.6048854149224031,1.0159246672477609,0.41103925232535776,3
0.912591390725893,1.039052056596533,0.1264606658706401,3
0.9785795932742751,0.9376316680896581,-0.040947925184616984,3
0.989007108216378,0.9540632473693119,-0.03494386084706613,3
0.5729142618516964,0.6486414271820259,0.07572716533032953,3
0.9866399281196411,0.9301916391996224,-0.05644828892001863,3
0.9306608944996626,0.9252649365454488,-0.00539595795421377,3
0.6611726374836083,0.87230883564746,0.21113619816385165,3
0.7115293795658044,0.7951505113311742,0.08362113176536978,3
0.8499006350014753,1.004343780082222,0.15444314508074664,3
0.7458874825925246,1.120884329586157,0.37499684699363245,3
0.8401365626454984,0.9386398472411586,0.09850328459566016,3
1.0248388175378638,1.0075816053651168,-0.017257212172747005,3
0.7948929888389851,0.9821712316909463,0.18727824285196126,3
0.6758371884838541,1.0086282675037717,0.33279107901991756,3
0.5116596771961319,0.6638167075900351,0.15215703039390316,3
0.8520277021909706,1.0332966855911332,0.18126898340016262,3
0.7495898265738552,1.0114643829032353,0.26187455632938006,3
0.8496772863289461,1.0219518283595317,0.17227454203058556,3
0.5910463516919578,0.9170212505851943,0.3259748988932365,3
0.768917887462236,0.7791368922921671,0.0102190048299311,3
0.895501074603813,0.9983052272417732,0.10280415263796017,3
0.9400093905749023,1.0675457018314112,0.12753631125650888,3
1.011968276439266,0.9415220696589177,-0.07044620678034819,3
0.8869367718197095,1.0361101989182364,0.14917342709852688,3
0.9139092446140675,0.9758213689014978,0.061912124287430315,3
0.8989825052827248,1.0567046550625543,0.15772214977982946,3
0.6488208025054604,1.1325881036356005,0.4837673011301401,3
0.7170998194581639,1.062087628232713,0.34498780877454904,3
0.8683626746453927,1.1346531112416034,0.26629043659621066,3
0.6159744103042837,0.9047398160858134,0.28876540578152976,3
0.8796456427004854,0.8543964124322507,-0.025249230268234668,4
0.7568254397870957,1.0583903510835762,0.30156491129648044,3
0.7962130283048141,1.1429981277076418,0.34678509940282765,3
0.9281547335887473,0.9545317818483635,0.026377048259616176,3
0.5383410967708049,1.062863200769942,0.524522103999137,3
0.7419973721904398,0.9954676204232267,0.25347024823278685,3
0.9128462086918843,0.955237763613399,0.042391554921514696,3
0.7571023099111258,1.0669809003220316,0.3098785904109058,3
1.1043894727488617,1.0448469634163426,-0.059542509332519034,3
0.8817626273956729,1.0830233534302767,0.20126072603460377,3
0.8131203695358403,1.1396594988543587,0.32653912931851836,3
0.8173627041342373,1.0172666130834929,0.19990390894925558,3
0.6034122046125222,1.099100334774948,0.49568813016242574,3
0.9214928555403121,0.9994810641532373,0.07798820861292521,3
0.6949133436004122,0.8933255165839163,0.1984121729835041,3
0.677685243725744,1.0083918561598053,0.3307066124340613,3
0.9461144707688427,1.0223387532291746,0.07622428246033186,4
0.9940753371247368,1.0107454739466837,0.016670136821946846,3
0.7099583067859214,0.9457707927845318,0.23581248599861038,3
0.8471131766261933,1.0259347527813005,0.1788215761551072,3
0.38168479006017386,0.8652204074999558,0.4835356174397819,3
0.8450531990888016,0.8435105197530905,-0.0015426793357110613,3
0.8960152619640193,0.9678922727767111,0.07187701081269182,4
0.6420014770133299,1.150098022582628,0.5080965455692982,3
0.8718117767285358,0.9370472987995514,0.06523552207101557,3
0.8867800880467127,0.9328071314362605,0.04602704338954777,3
0.961921706967809,1.0139952522995306,0.052073545331721593,3
0.8478486616426147,0.9397636936620103,0.09191503201939555,3
0.6824742608987119,0.9842866196586716,0.3018123587599597,3
0.8768128240499595,1.023494918394,0.14668209434404056,3
0.8784376832779832,1.0334079644168477,0.15497028113886446,3
0.2591616866589745,1.3121672350229567,1.0530055483639822,3
0.730244396864179,0.9292300501002773,0.1989856532360983,3
0.9974497462028517,0.9683652695731741,-0.029084476629677503,3
0.9567636688175085,1.0523360251453406,0.09557235632783212,3
0.8643657787620498,1.0562409280191072,0.1918751492570574,3
0.894297014191587,0.9990632198367546,0.10476620564516759,3
0.9276420612390985,0.9819599211515765,0.05431785991247795,3
0.5980145761458457,1.1962757372891089,0.5982611611432631,3
0.9603861927837631,1.1188278325085315,0.15844163972476832,3
0.502241514423501,1.1541467382828572,0.6519052238593562,3
0.9369227769109677,0.9389158648168884,0.0019930879059206763,3
0.6028465439209453,0.9681581115990566,0.36531156767811135,3
0.4203865902730057,1.2757058462019881,0.8553192559289824,3
0.7615373349709486,1.1374633028289518,0.37592596785800325,3
0.8419179410150598,0.9075689314650879,0.06565099045002809,3
0.8833754588135241,1.0232996018046094,0.13992414299108535,4
0.8834895539621939,1.0713413204903055,0.18785176652811164,3
0.470562838075217,1.0972282596058096,0.6266654215305927,3
0.8717819881896357,1.0511503656497543,0.17936837746011858,3
0.908767354085635,1.09578292185679,0.18701556777115502,3
0.9865007973822366,1.0113687467189991,0.024867949336762507,3
0.7062992428271726,0.7192476621320705,0.012948419304897874,3
0.5779718567940056,0.8456698047063084,0.2676979479123027,3
0.8677953545046889,1.0518880309491103,0.1840926764444214,3
0.9318316561154479,0.9832556425898005,0.051423986474352534,3
0.8411731952787935,0.9952554561394734,0.1540822608606799,3
0.7508701167236191,0.9619474392861193,0.2110773225625001,3
0.9509807222942285,0.9340926433158752,-0.016888078978353316,3
0.7497548826415823,1.029653968437455,0.27989908579587275,3
0.9508538892260383,0.9928461068958312,0.041992217669792886,3
0.6622563166292161,1.1183868283379035,0.45613051170868735,3
0.9462144166823341,0.9885872067483275,0.04237279006599337,3
0.8587511983971555,1.1431365285542072,0.2843853301570517,3
0.8675436259955195,0.9872184416113198,0.11967481561580029,3
1.0307586435984426,0.9296006372309625,-0.10115800636748007,3
0.8507891490438217,1.005199386639252,0.15441023759543016,3
0.8428962962281963,1.0333451900625974,0.1904488938344011,3
1.0007378393326358,1.0699081749965722,0.06917033566393638,3
0.4565532354739793,0.9273368553229341,0.4707836198489548,3
0.6512177487571502,1.0452912803442422,0.394073531587092,3
0.8119956034132225,0.9387035498889604,0.1267079464757379,3
0.8937414116050333,0.8711856875467732,-0.022555724058260118,3
0.7838379259600218,1.0812245249276546,0.29738659896763286,3
0.6887875936149066,0.8555957173164455,0.16680812370153886,3
0.6010681178663302,1.1196939755313258,0.5186258576649956,3
0.7950241934430113,1.1075466568191241,0.3125224633761128,3
0.6077057653947757,0.9685421892205955,0.3608364238258198,3
0.5711278047054419,0.9207780658283288,0.3496502611228869,3
0.8991960852123905,1.0857744959353446,0.1865784107229541,3
0.5595287527305687,0.9837658004716966,0.4242370477411279,3
0.9092797876383968,0.9390008178445922,0.02972103020619543,3
1.0357951488311894,1.0775666715312149,0.04177152270002549,3
0.6717931703965422,1.1275199639834832,0.455726793586941,4
0.6696655045295072,0.7844819715490396,0.11481646701953241,3
0.9961324299853876,1.0574405624072136,0.06130813242182598,3
0.9019950378041015,0.9233284231028538,0.021333385298752283,3
0.7675013337242609,0.8543332457641489,0.08683191203988805,3
0.8656749974954933,0.8965486383716845,0.030873640876191266,3
0.5272207721740166,0.9106857737980809,0.3834650016240643,3
0.9256582802072499,0.9263947319069936,0.0007364516997436787,3
1.010053513409067,0.8940910275621263,-0.11596248584694058,3
0.7290339883001907,1.122532830763888,0.39349884246369726,3
0.710446496698255,0.9134870033315341,0.2030405066332791,3
1.0677347483843174,0.9778700187166705,-0.08986472966764691,3
1.0148699983522609,0.9829252268716214,-0.031944771480639456,3
0.9089600581005257,1.024266147309397,0.11530608920887131,3
1.0281832328821874,1.0283496781181014,0.0001664452359140256,3
0.8760137846477241,0.9666326782167609,0.09061889356903685,3
0.8794220313943772,1.1110267843712667,0.23160475297688943,3
0.9126225314300629,0.9839481030137396,0.0713255715836767,3
0.963146272962163,0.939999320693156,-0.023146952269007093,4
0.859518442688864,0.985745485820457,0.12622704313159294,3
0.7875320046807976,1.0778712846863927,0.29033928000559506,3
1.0825672882841046,1.0316967656394045,-0.050870522644700156,3
0.856055601523682,1.0184083854660053,0.16235278394232333,3
0.6489408000095311,1.0299911880960966,0.38105038808656544,3
0.7200588567019272,1.0186685286059645,0.2986096719040373,3
1.0251289751541586,1.025933264431163,0.0008042892770043775,3
0.7943272634728236,1.0879157107784219,0.2935884473055983,3
0.5997537467729419,0.6912504685937557,0.09149672182081381,3
0.6818577430402909,0.9273141535947895,0.24545641055449863,3
0.8990544628809592,1.0093604189536571,0.11030595607269789,3
0.9337295335141119,1.0663380374527827,0.13260850393867074,3
0.8040762305870806,1.0913142431675424,0.2872380125804619,3
0.7166663822579619,1.0349775375415136,0.3183111552835517,3
0.7393972995005622,0.8600625331016737,0.12066523360111148,3
0.9689840989834495,0.9902819465260426,0.021297847542593118,3
1.0664865002434183,0.9665105725819352,-0.09997592766148311,3
0.6772358291150185,0.8369638389552856,0.15972800984026714,3
0.8459032045008701,0.9403874331775695,0.09448422867669937,3
0.5695782981483966,1.1519903155704059,0.5824120174220093,3
1.0110184302571343,1.023823772045817,0.012805341788682645,3
0.7539394036220978,1.1419571760272487,0.3880177724051509,3
0.8534529121915833,0.9586829091608555,0.10522999696927227,3
0.8496554442502267,1.0529292045540533,0.2032737603038266,3
1.0384326024446981,0.9139292317066097,-0.12450337073808848,3
0.5778172067115867,0.8017609938550279,0.2239437871434412,3
1.0797219098080704,1.0017465436120663,-0.07797536619600409,3
0.9266811911005063,1.0304448955183116,0.10376370441780536,5
1.0542967681565454,0.9940095023530405,-0.06028726580350485,3
1.0242353465453513,0.8959769832354431,-0.12825836330990825,3
0.9934252939467803,0.920104363037088,-0.07332093090969227,3
0.6217778855412868,0.9674464021305497,0.3456685165892629,3
0.8937420912677587,1.0809132495216005,0.18717115825384179,3
0.05431958322735719,0.22841517862626037,0.17409559539890318,3
0.8540853565980491,1.0441584065373848,0.19007304993933571,3
0.6967594343000507,0.8769117853636732,0.18015235106362248,3
0.8180126974093807,1.0398676408822456,0.22185494347286494,3
0.8430809312947449,1.0674837490631983,0.2244028177684534,3
0.6743751714050795,1.1208206770895963,0.4464455056845168,3
0.7309179426861824,0.9613029624261987,0.23038501974001635,3
0.8267697043739556,0.9585687256992399,0.13179902132528432,3
1.0754910292318518,1.0056099154696199,-0.06988111376223194,3
0.6838650757131366,0.7593937217551052,0.07552864604196863,3
0.6583401813430462,1.1479676481110739,0.4896274667680277,3
0.9258823437479539,0.8752795460861319,-0.05060279766182196,3
0.699951637260165,1.0043080754888298,0.30435643822866487,3
0.726839643827417,0.7398904831717488,0.013050839344331822,3
0.7935845560723216,1.0377271339297207,0.24414257785739912,3
0.5201665690972281,0.8733310153293243,0.3531644462320962,3
0.603262501238796,1.1325217095229052,0.5292592082841092,3
0.9482377034791112,0.9585821760172282,0.010344472538116989,3
0.7143301043368137,0.8177375233428482,0.10340741900603456,3
0.8795729168628046,1.0569456582586179,0.17737274139581327,3
0.7887053470997882,0.9954731328169415,0.20676778571715326,3
0.7645765281014784,1.0105133200878995,0.24593679198642115,3
0.9931741570182657,1.0237315874832735,0.030557430465007807,3
0.8503589059076007,0.9677600955276465,0.11740118962004586,4
0.8558728737996673,0.9418797052303882,0.08600683143072096,3
0.9058671072712817,1.0432241877373012,0.13735708046601947,3
0.777919103032895,1.035441541277103,0.25752243824420795,3
0.396550172917213,0.6163989403646342,0.21984876744742116,3
0.810746802223332,0.904383619073261,0.09363681684992908,3
0.49360914652957083,0.9275444954517263,0.4339353489221555,3
0.7464484151815316,1.026470235815398,0.2800218206338665,3
0.7702251931040278,1.0859355710527088,0.31571037794868095,3
0.8189067260137527,0.936800049670165,0.11789332365641225,3
0.5977985502946956,0.9555558864490254,0.3577573361543298,3
0.39010214167082413,0.7713998392378586,0.38129769756703447,3
0.846299730425437,0.9175035451992379,0.07120381477380089,3
0.1980825258090992,0.7770636404023675,0.5789811145932683,3
0.7351724147255034,0.8122457146708538,0.0770732999453504,4
0.8792924016394915,1.0309021003207477,0.15160969868125618,3
0.9703871789252602,1.0159649090002625,0.04557773007500232,3
0.5394277380672056,0.6460521097529278,0.10662437168572225,4
0.7158752270331676,1.0324416902369333,0.3165664632037657,3
1.017269126913849,1.0818700548202411,0.06460092790639216,3
0.7596726640631566,1.0641738519323238,0.30450118786916724,3
0.7102438744490065,0.9137390895241427,0.20349521507513624,3
0.9004830533887007,1.0834495948827412,0.18296654149404046,3
0.8641887383208657,0.9376031936264168,0.07341445530555102,3
0.6750235285283371,0.9944250608947935,0.3194015323664564,3
0.8035117260476767,0.9568320870951854,0.15332036104750868,3
0.8869442026062696,0.9090559668409037,0.022111764234634124,3
0.8805815807881276,1.0228007586750656,0.14221917788693794,3
1.0267039001336904,1.0653121826581091,0.038608282524418724,3
0.8987997962612522,0.9609977550962366,0.06219795883498447,3
0.7067313708906195,0.9717481703735646,0.2650167994829451,3
1.043167511484829,1.035257854340966,-0.007909657143862825,3
0.7541109319650324,0.8856297068076463,0.13151877484261387,3
0.5186264416780053,0.749195549651026,0.23056910797302066,3
0.8481327263404195,1.0744984725811062,0.22636574624068673,3
0.9997693208879489,1.0708558212978785,0.07108650040992959,3
0.6494403935974447,1.072093587800963,0.4226531942035183,3
0.8139140662485751,1.1286083835124336,0.31469431726385855,3
0.9855234744058766,0.9841955017300347,-0.0013279726758419486,3
0.9516502383579968,1.085425287252487,0.1337750488944902,3
0.3753291848083002,0.797797033441875,0.42246784863357484,3
0.803462388900693,1.0235896404360891,0.22012725153539614,3
0.771625496003794,1.1493261108585222,0.37770061485472817,3
0.34836938275434004,0.7299364294860127,0.38156704673167263,3
0.9566367577644859,0.8236197911804849,-0.13301696658400097,3
0.6201599972096501,1.1224038101907357,0.5022438129810856,3
0.04976075580130068,0.3237685233533632,0.2740077675520625,3
0.9357696369261616,0.9541719312185764,0.0184022942924148,3
0.3050990381176422,0.493199469570792,0.1881004314531498,3
0.8176465008854088,0.8865203274460853,0.06887382656067653,3
0.6167322061272973,0.9114312428607505,0.2946990367334532,3
1.1188077893486115,0.9439205025870202,-0.17488728676159127,3
0.5479325956588995,1.1499657467248587,0.6020331510659592,3
0.8145159319417744,1.1287876866687594,0.314271754726985,3
0.9403814292319371,0.9760329161991776,0.03565148696724052,3
0.23054275263970828,0.7959274504078699,0.5653846977681617,3
0.7004014666401024,0.7418918103080299,0.041490343667927476,3
0.706959386423821,1.039291944639032,0.3323325582152111,3
0.9845565365385623,0.9865219788807087,0.0019654423421463507,3
0.7185333224921578,0.9610216661207887,0.2424883436286308,3
0.8766236573166267,0.9410655972085458,0.06444193989191904,3
0.8962905735991887,1.1353384637931236,0.2390478901939349,3
1.0932501791072209,1.0289030364557812,-0.0643471426514397,3
0.8931690103394475,1.1409280167771358,0.24775900643768833,3
0.9618509862580247,1.096869199687114,0.13501821342908937,4
0.975544146293237,0.9259754941663221,-0.04956865212691497,3
0.9975511709561892,1.015332883675596,0.01778171271940676,3
0.49536734753269196,0.7454943787507968,0.25012703121810487,3
0.6257351687457979,1.0402615624906335,0.4145263937448356,3
0.5352981413201117,1.1069848758946512,0.5716867345745396,3
0.9579515117452024,1.008302387294614,0.05035087554941153,3
0.7773053911105905,0.9555000063225663,0.17819461521197577,3
1.0736206441421445,0.9381997458921599,-0.1354208982499846,3
0.803688542877658,0.8471848745759248,0.04349633169826683,3
0.6431480348021378,0.9489859359394481,0.30583790113731035,3
0.9871815475239174,1.0194561497350085,0.03227460221109113,3
0.9198173376825123,0.8552995012574638,-0.06451783642504849,3
0.7995916024328414,1.0921964693062485,0.29260486687340703,3
0.9473867215967398,1.0176535065645773,0.07026678496783756,3
1.0861333947130545,1.013643969048645,-0.07248942566440952,3
1.063783664585606,1.0159524495624308,-0.04783121502317522,3
1.0381560832466417,1.005499347203215,-0.03265673604342667,3
0.7137023538626782,0.9891332751457348,0.2754309212830566,3
0.9396007639746515,0.9326365857468811,-0.006964178227770401,3
0.816782311696335,1.0266185498937328,0.20983623819739783,3
0.8359859005609918,1.0968670287715887,0.26088112821059695,3
0.7498527978829075,1.142948073331787,0.39309527544887946,3
0.8202300961110494,0.8769356042664243,0.056705508155374895,3
0.647276079617491,1.0920184490703855,0.44474236945289447,3
0.3527355171572335,0.9701384388168751,0.6174029216596416,3
0.7597359343921375,0.9545592671788368,0.19482333278669928,3
0.7931509270594277,1.101883798904378,0.30873287184495024,3
0.5243677274966204,0.933952321478276,0.4095845939816556,3
0.5011462664052547,0.9811055799149867,0.479959313509732,3
0.9045210470397641,1.028233663624939,0.12371261658517485,3
0.7993659749506321,1.1054845183375104,0.3061185433868783,3
1.0269873811221837,1.0308136843935514,0.0038263032713676814,3
0.7528799933599152,1.189174601870614,0.4362946085106988,3
0.6115228618997399,0.8210158587305912,0.20949299683085132,3
0.61584815044875,0.7358962910901191,0.12004814064136915,3
0.3374610878132966,0.7992517823357335,0.4617906945224369,3
1.0395134472517524,1.0414313254681407,0.0019178782163882246,3
0.4634119715133812,0.6861242252379219,0.22271225372454073,3
0.8618142727663894,0.8807808531604231,0.01896658039403365,3
0.9337779188184374,0.8664699442665205,-0.06730797455191695,3
0.8386162668974679,0.9715426248653957,0.13292635796792773,3
1.0207694354000094,0.9856790537300071,-0.035090381670002335,3
1.0036822175940314,1.0670581641690988,0.0633759465750674,3
0.5324596430746134,0.8371476076545491,0.30468796457993574,3
0.7828961612386717,1.0262723599576782,0.2433761987190065,3
0.957426037646899,0.9940665631265444,0.03664052547964536,3
0.7349568649258167,1.019982140917429,0.2850252759916123,3
0.9478871327357381,1.0039254937779567,0.0560383610422186,3
0.8398853746032943,0.9592556445783295,0.11937026997503519,3
0.9653545433976389,1.0673236352637985,0.10196909186615954,3
0.9099890468997502,0.8499278002257099,-0.060061246674040336,3
0.9193421596280908,0.8474248190080911,-0.07191734061999977,3
0.7311168556145705,1.0226015721665005,0.29148471655193,4
0.9115325587509706,1.0672000209746726,0.15566746222370198,3
0.6755213034993223,0.8992595395201786,0.2237382360208563,3
0.854025017829837,1.1250301624097558,0.27100514457991887,3
0.8817837637410968,0.9486397520112926,0.06685598827019579,3
0.7647578502872086,0.99017164457496,0.22541379428775143,3
0.8335631684230036,0.8216724274992326,-0.01189074092377096,3
0.9762601526985661,0.9888422017738469,0.01258204907528071,3
1.0274453404804589,0.9402648855613269,-0.08718045491913196,4
0.7669262617677175,0.9000646967397813,0.1331384349720638,3
1.0020913747141136,0.9739684628247028,-0.02812291188941074,3
0.6082273289259219,1.0660440080511695,0.4578166791252476,3
0.9680766077410305,1.071011549645467,0.10293494190443653,3
0.5968764025583281,1.003152853233579,0.40627645067525087,3
0.4564049232350186,1.0613087230549145,0.604903799819896,3
0.9311919201691743,1.029831665895992,0.09863974572681777,3
0.9216266706545211,1.0273927728264232,0.10576610217190208,3
0.8778158982117124,0.9144119372603068,0.03659603904859443,3
0.82467227861581,1.0351591345835718,0.21048685596776173,3
0.7930835095059103,1.1018512930051443,0.30876778349923395,3
0.9540121738295919,1.0365567012766301,0.08254452744703822,3
0.8380400844782353,0.8262243655490047,-0.011815718929230612,3
0.44874642097390827,1.3278340671282638,0.8790876461543555,3
0.8895653743273496,0.9712317478861291,0.08166637355877948,3
0.6568126824945708,0.7286079075798736,0.07179522508530278,3
0.9179380146088341,1.0019812586104322,0.08404324400159813,3
0.7570807741691075,1.0988939999079235,0.341813225738816,3
1.0021527128483512,1.0502600577404273,0.04810734489207613,3
0.8251785168149754,0.9750662066193557,0.14988768980438028,3
0.7857010426093386,0.8442560660254088,0.05855502341607022,3
0.9248317773207774,1.0221750088840655,0.09734323156328817,3
1.0726279491077777,0.976296279221506,-0.09633166988627173,3
0.8089892094594001,0.9437539483354469,0.13476473887604679,3
0.8683122059546395,1.0237652336891754,0.15545302773453584,3
0.3070674582617623,0.6527354503020119,0.34566799204024956,3
0.8152704605390486,1.0555286103323112,0.24025814979326254,3
0.805828664745794,1.0728371663773253,0.26700850163153134,3
0.9288040090442402,0.9512624024791598,0.02245839343491962,3
0.9457244454083047,1.020087475878439,0.07436303047013437,3
0.8845321400097246,1.0086556676605203,0.1241235276507957,3
1.0668290064122579,0.9053157145640137,-0.16151329184824414,3
1.008106234747375,1.024381955913385,0.01627572116601006,3
0.6679979967920437,0.9129773553755873,0.24497935858354358,3
0.8648860568429885,0.9267289181380086,0.061842861295020146,3
0.274170330847934,1.1404930007505285,0.8663226699025945,3
0.8991697689008239,0.9891872946882388,0.09001752578741495,3
0.8326234349561177,1.1384380528722013,0.30581461791608366,3
0.9791638517195609,1.043497704289082,0.06433385256952118,3
0.8161514521805491,1.0525457208815432,0.23639426870099411,3
0.50416746754412,1.0442434361556938,0.5400759686115738,3
0.6180291483072129,0.9013542606405209,0.28332511233330804,3
0.7135778716965048,1.0648180266222447,0.3512401549257399,3
0.7586788375803974,0.7813563678423977,0.022677530262000256,3
0.9254379482976011,0.9667156925570393,0.0412777442594382,3
0.45112512937087307,1.1851114356000276,0.7339863062291545,3
0.826382446506032,1.0171985197619966,0.1908160732559646,3
1.080602257333494,1.0441607233395542,-0.03644153399393968,3
0.7205313389328234,0.9064237938043522,0.18589245487152883,3
0.6002261981877298,1.0051108543032952,0.40488465611556534,3
0.5532189884263674,1.0895088895956277,0.5362899011692603,3
0.940508422790737,0.997398482719785,0.056890059929048054,3
0.33453094780034043,0.6826422676940368,0.34811131989369637,3
0.8757470252322159,1.0420799206570928,0.16633289542487684,3
0.8961918850145751,0.8905064042713393,-0.005685480743235827,3
0.5495323146822931,0.9545475137378517,0.4050151990555586,3
0.6439205878983282,0.9090303212017162,0.26510973330338805,3
0.7860071202691048,1.0430029781266534,0.25699585785754864,3
0.9382185699188677,0.9734872285074264,0.035268658588558766,3
0.9913910979764805,0.9635532360521111,-0.027837861924369434,3
0.6456393215698717,1.0135043308558849,0.3678650092860132,3
0.9900001907913251,1.031170161022322,0.041169970230997,3
0.8257058902543447,1.0087328220589877,0.18302693180464302,3
0.8508192022300997,0.9674948030100197,0.11667560077992001,3
0.889147634427685,1.0100022007677676,0.12085456634008263,3
0.9404611136729646,1.0000669787838432,0.05960586511087862,5
0.7953891995822443,0.7969176088909079,0.001528409308663603,3
0.9025822138659491,0.9282017255423851,0.025619511676436058,3
0.9119875777064511,1.002335361527297,0.09034778382084585,3
0.8347774976668385,0.9431783414357999,0.10840084376896142,3
0.960415280481079,1.0935475639189125,0.13313228343783345,3
0.5717208492887884,0.8981652261728865,0.3264443768840981,3
0.6115340352050083,1.0735984304015076,0.46206439519649933,3
0.740242194846251,1.0126874309978298,0.2724452361515788,3
0.7050517721278822,0.6684559734055177,-0.036595798722364514,3
0.7677301160692225,1.0115737979953967,0.24384368192617423,3
0.93331430650166,1.0972455846532199,0.16393127815155983,3
0.9008649921837087,1.0146323283566132,0.11376733617290447,3
0.8183932065757068,0.6607907731755562,-0.15760243340015057,3
0.6497832640478824,0.9143468240100671,0.2645635599621846,3
0.5217675371037893,0.8207179630479045,0.29895042594411514,3
0.6911146798002551,1.1090754025618503,0.41796072276159524,3
0.9209366751253971,0.994608429754901,0.07367175462950393,3
1.079778962895912,1.0308340416912114,-0.04894492120470062,3
0.9390803670984719,0.9007519379865101,-0.03832842911196177,3
0.9481920306144784,0.9882956383681469,0.0401036077536685,3
1.0169047540536953,0.9808339124125889,-0.03607084164110641,3
0.9275856246162704,1.0548965087896285,0.12731088417335812,3
0.929512091934739,1.0040122959595994,0.07450020402486035,3
0.8183697607799768,0.9224903436962922,0.10412058291631543,3
0.6628240900938602,0.7785604125854612,0.11573632249160093,3
0.8584122848802639,1.0165045835335236,0.1580922986532597,3
0.6453201441578004,1.1564329151538326,0.5111127709960323,3
0.7948942126562464,0.9869141543822468,0.19201994172600045,3
1.0214325977529024,0.9889714373523179,-0.032461160400584554,3
1.0053210475578944,0.9307314871808406,-0.07458956037705378,3
0.8817278158918418,0.948871468386202,0.06714365249436016,3
0.721714371688501,0.9730781124018847,0.25136374071338363,3
0.9751578702315804,0.9254657988386918,-0.04969207139288856,3
0.9868231593533368,1.0814193384931774,0.09459617913984064,3
0.1624614235168258,0.8233109792669665,0.6608495557501407,4
0.8571038276025849,0.9874061416675698,0.13030231406498494,3
1.0818577022350884,1.0371812589310956,-0.044676443303992786,3
0.35068223181963165,0.7484903074978497,0.3978080756782181,3
1.0686109392860792,1.0527718321837283,-0.015839107102350924,3
0.49835994022043034,0.9026700067476621,0.4043100665272317,3
0.9366734222133485,1.0962762460965259,0.15960282388317737,3
0.9069090417271299,1.0237878596486807,0.11687881792155075,3
1.0222708147781128,1.0397904130116549,0.0175195982335421,3
0.5751867118280825,0.7698393215224204,0.19465260969433795,3
0.5212643852620512,1.0680873477131265,0.5468229624510753,3
0.814729303998412,0.9515069101642946,0.13677760616588253,3
0.7977790347929938,0.9854763445803814,0.18769730978738752,3
1.017714151999327,0.9677164996618715,-0.049997652337455456,3
0.5817083397201688,0.7841060312000385,0.20239769147986975,3
1.02101493253299,1.0643979262166339,0.043382993683643845,3
1.0486484511980072,1.0428376180496564,-0.005810833148350847,3
0.7650909163404481,0.9283646575043264,0.16327374116387827,3
0.5587935230742984,0.919166094114174,0.36037257103987563,3
0.9089508248002961,0.9335193591049767,0.024568534304680645,3
0.9918874638068494,0.9995498003506776,0.0076623365438281965,3
0.6308297103558413,0.9183811973769364,0.287551487021095,3
1.0191643996272097,1.0386735015070478,0.01950910187983812,3
0.7753011729923025,0.8928309576152322,0.11752978462292973,3
0.5204431161549049,0.7247111460556841,0.2042680299007792,3
0.9475628740673061,0.9214213483832285,-0.02614152568407757,3
0.7705664718434837,0.9827481481858594,0.21218167634237572,3
0.9230980422963286,0.8870299569964212,-0.03606808529990746,3
1.0321054259370803,0.9646293720935878,-0.06747605384349253,3
0.8903139036847683,0.9978770911200587,0.10756318743529047,3
0.7882375834008558,0.9770687102042335,0.18883112680337766,3
0.6886903688618995,0.9475237593970123,0.2588333905351128,3
0.8529300674570516,1.0144977021308268,0.16156763467377522,4
0.7265742483310298,0.9118753201160711,0.1853010717850413,3
0.2954077473750597,0.9470618604334297,0.65165411305837,3
0.8770004588367359,1.0309937299220118,0.15399327108527583,3
0.12694774888065108,0.44217668367606755,0.31522893479541647,3
0.8276635012225959,1.0905937367489078,0.2629302355263119,3
1.0335622642528444,1.0937704452574957,0.06020818100465131,3
0.9647481055655316,1.033685336764692,0.06893723119916051,3
0.750440453107994,0.8128346672443421,0.06239421413634805,3
0.8495743084409961,1.1073944994632514,0.2578201910222553,3
0.8120255863922621,1.0006460696394366,0.1886204832471745,5
0.982395423311979,1.0306476067308146,0.048252183418835526,3
0.9202734165799519,0.9672233354705148,0.04694991889056288,3
0.4338088644206004,1.0241989378539278,0.5903900734333274,3
0.8450863085401653,0.9021277911605281,0.05704148262036279,3
0.7499537705407641,0.9390949892402223,0.1891412186994582,3
1.0188252454176447,0.9714274528010494,-0.04739779261659538,3
0.8357651685365097,1.1013919442313944,0.2656267756948847,3
0.34649852916748447,0.5941572483644493,0.2476587191969648,3
0.9584294490542791,1.0527236287829163,0.09429417972863718,3
0.784027422103056,0.937165333275302,0.15313791117224607,3
0.2655722175532538,0.7921204121208435,0.5265481945675897,3
0.7409738303456311,0.9021809792330777,0.16120714888744658,3
0.7726304900988095,0.7579428768315054,-0.014687613267304056,3
0.8226318030134224,1.1046234580580578,0.2819916550446354,3
0.9255485554598053,0.892211828971367,-0.03333672648843833,3
1.003088275031503,1.049728409884572,0.04664013485306895,3
1.000450265322342,0.8918538177564131,-0.10859644756592879,3
0.8767755728334028,1.038585669714173,0.1618100968807703,3
0.47881450268278697,1.0142114304800616,0.5353969277972745,3
0.10946554417530578,0.32347800772871815,0.21401246355341236,3
1.0064022017382444,1.105036815803485,0.09863461406524054,3
0.8098450969180989,0.7596938243374799,-0.05015127258061902,3
0.6734040016909921,1.032030426442977,0.3586264247519848,3
0.9516501681007385,0.9925764048640329,0.04092623676329432,3
0.704333411484064,1.059153905635005,0.35482049415094097,3
0.7403656161589214,0.8669690947375956,0.12660347857867427,3
0.897212440173907,0.9601074038032833,0.0628949636293763,3
0.7884199993960939,0.8324849878004711,0.044064988404377226,3
0.7411722234836658,1.1495586977518928,0.40838647426822694,3
0.842373101851517,1.022206574619282,0.17983347276776507,3
0.4599133423469466,1.2110335637962935,0.7511202214493469,3
0.7552948505097838,0.8852119939792592,0.12991714346947536,3
0.7945122493449199,1.0348397570392107,0.2403275076942908,3
0.914934073375079,0.90871982058668,-0.006214252788399044,3
0.5565504818159607,1.1651253064177325,0.6085748246017718,3
0.901110314086208,0.8118957248723688,-0.08921458921383918,3
0.9208953333648338,0.8985200169030676,-0.02237531646176616,3
0.7633630220236505,1.0506388545865026,0.28727583256285216,3
0.9839892113250903,0.8818854980958359,-0.10210371322925438,3
0.052617161709761315,0.259859335567237,0.20724217385747568,3
0.11446979750749749,0.8248454821235623,0.7103756846160648,3
0.8083446870848464,0.9612672331974433,0.15292254611259692,3
1.237363392109104,1.0079561099609209,-0.22940728214818318,3
0.8508383854886711,0.9471479816108465,0.09630959612217538,3
0.7662473966410467,0.8313560546646666,0.06510865802361987,3
0.9623257987797906,1.0704638482406335,0.10813804946084282,3
0.699866956371615,1.1164300221644239,0.4165630657928089,3
0.6570667659674663,0.8727694808087434,0.21570271484127712,4
0.485314928583511,0.8124147089557766,0.3270997803722656,3
0.9232602755637445,1.0646190147559602,0.14135873919221575,3
1.0868105339117096,0.9634275513079664,-0.12338298260374314,3
0.7724376851467496,0.9415194704948275,0.16908178534807794,3
0.9754427990604895,0.9355218795397635,-0.03992091952072596,3
0.8916311759542773,1.041214159987698,0.14958298403342074,3
0.8279076992114576,0.7172112858663862,-0.11069641334507141,3
0.7161600732520357,1.0406109462309867,0.32445087297895103,3
0.5158774884294163,1.0145027345168278,0.49862524608741154,3
0.9640015934402162,0.9426345043228916,-0.021367089117324545,3
0.9695118496672106,0.9171067855030659,-0.0524050641641447,3
0.9297317111832901,0.9996904104729815,0.06995869928969134,3
0.9421046482402211,1.0798370232078904,0.13773237496766932,3
1.0213897431513634,0.9369389590183083,-0.08445078413305518,3
0.5568419113110844,0.7778574162019697,0.22101550489088528,4
0.9416688482215889,0.9763349387807626,0.03466609055917369,3
0.9605346177984979,0.9869307712770551,0.02639615347855717,3
0.6889768415419691,1.0698053979789708,0.38082855643700164,4
0.6008160655702249,0.9331138888386276,0.3322978232684026,3
0.8466829987361753,1.1434480483402967,0.2967650496041214,3
0.620141174524324,0.9671165771735228,0.3469754026491988,3
0.9585210513921918,0.9559004188663154,-0.0026206325258764096,3
0.4565984881966824,0.6050893671323689,0.14849087893568652,3
0.9564525095375722,1.058756730353269,0.10230422081569679,3
0.477024021961489,0.9433603940703315,0.46633637210884243,3
0.8494836536785929,1.0252496211369517,0.17576596745835882,3
0.964731976773249,0.9857061926066576,0.020974215833408638,3
1.0217902049222847,1.0007713192077978,-0.021018885714486846,3
0.8663293145086788,0.8589531436171176,-0.0073761708915611734,3
0.6140741430452772,0.8220410797122213,0.2079669366669441,3
0.9556611811890816,1.0084067659404794,0.05274558475139779,3
0.8559205344638703,0.9214151512881056,0.0654946168242353,3
0.7449941018162696,1.0594989696596457,0.31450486784337617,3
1.0331749840760718,0.9420794783814468,-0.09109550569462499,3
0.9520753560865831,1.0038115304203898,0.05173617433380673,3
0.7030278794218021,0.9518673392268461,0.24883945980504396,3
0.6209562428492406,0.8403070388613186,0.21935079601207808,3
0.8141768081162315,0.9427402676632953,0.12856345954706383,3
1.0440836798226123,0.9689017689604935,-0.07518191086211878,3
1.0426116632071487,1.003598657588083,-0.03901300561906562,3
0.7308177751614614,0.9286996880616302,0.19788191290016877,3
0.8930587072931307,0.9685213196571895,0.07546261236405871,3
0.523001102827339,1.046273114809626,0.523272011982287,3
0.9123001441063832,0.9935705837937402,0.08127043968735703,3
0.8271538066826882,1.0549884571519046,0.22783465046921636,3
0.938938506463003,0.9305827453365714,-0.00835576112643166,3
0.9365333588469752,0.9964433584038567,0.05990999955688148,3
0.8919422081466413,0.9717508143831945,0.07980860623655328,3
0.7820766908230904,1.0267400114801908,0.2446633206571004,3
0.8877698296129322,0.9940718985767905,0.1063020689638583,3
0.8863428908331751,1.060779455123137,0.17443656428996202,3
0.7311168547657291,0.85554208509834,0.12442523033261088,3
0.7627677038771843,1.0384214379721672,0.27565373409498295,3
0.9687474236397026,1.0600961870040746,0.09134876336437203,3
1.0102945791460085,1.046360176020185,0.03606559687417654,3
0.8823295473966166,1.0431188460603846,0.160789298663768,3
0.5663374253173894,0.9406810733008732,0.37434364798348385,3
0.9034090445635485,1.1136264912875302,0.21021744672398168,3
1.0522712368358915,1.0014338373193061,-0.05083739951658539,3
0.7570989184163522,0.9379247417471538,0.18082582333080155,3
0.8618033342173447,0.8752430252434683,0.013439691026123635,3
1.0084900971623654,1.016090292053946,0.007600194891580703,3
0.8898898588182698,0.9874808671292354,0.09759100831096568,3
0.9567539554945133,1.1141017158118776,0.1573477603173643,3
0.4761423882330403,0.6803535042789093,0.204211116045869,3
0.7204417968005592,0.8188992413882685,0.09845744458770933,3
0.8626200334515388,1.0991543309643093,0.23653429751277044,3
0.7121563579307986,0.7866021408317311,0.07444578290093251,3
0.7736161260000921,0.9356640627340964,0.1620479367340043,3
0.9243235465771336,1.0392005733867289,0.11487702680959533,3
0.5811299057902483,0.7643053940488622,0.18317548825861396,3
0.8763186842053041,0.9957593492857765,0.11944066508047235,3
0.9961331841096601,1.0215641320436861,0.025430947934026005,3
0.7723953671303192,0.8294778109591447,0.057082443828825546,3
0.7541379866313035,1.030302272935358,0.27616428630405443,3
0.7954974247592186,0.9744421168602946,0.178944692101076,3
0.9466355756331122,1.0403725470438698,0.09373697141075765,3
0.6071009353981743,0.8991240820038134,0.2920231466056391,3
0.8128808394593219,0.9629224939746166,0.15004165451529472,3
0.7972056320486123,0.8900625000225076,0.09285686797389536,3
0.9650490018971931,0.9292270018951546,-0.0358220000020385,3
0.8434822584207248,0.9175024283542896,0.07402016993356486,3
0.8550805524942162,1.1114348270440375,0.2563542745498213,3
0.13304055147476057,0.6906125757592257,0.5575720242844652,4
0.4329512122402413,0.9850413949374456,0.5520901826972042,3
0.8449103177913049,1.0893235928499387,0.24441327505863386,3
0.8708586343239655,0.9328727592652925,0.062014124941326965,3
0.7419821623764853,1.176546717202127,0.4345645548256416,3
0.9947989267423034,1.0333577216288723,0.03855879488656888,3
0.7954539098508329,1.008427330619711,0.21297342076887804,3
0.6954907235644145,1.034315753925977,0.33882503036156253,3
0.9712785444753067,1.058970728259307,0.08769218378400034,3
0.9416833570697363,0.979810289215501,0.03812693214576468,3
0.9415712757611894,1.0489834626987686,0.10741218693757926,3
0.6851593911856628,0.9172294647903432,0.23207007360468035,3
0.9029265231367599,1.0903632794512286,0.18743675631446866,3
0.8152800832691477,1.1124759530270478,0.29719586975790013,3
0.8944412276783559,0.816109503200708,-0.07833172447764791,3
0.988156288986597,1.0141124756638342,0.025956186677237203,3
0.8799658052969302,1.0398602488481918,0.1598944435512616,3
0.5994200079010845,1.1638445782311342,0.5644245703300497,3
1.0054040992886535,1.0407575464689398,0.035353447180286324,3
0.9793689595326854,1.0429566189580588,0.06358765942537337,3
0.7352592304673766,1.0637091968088626,0.32844996634148593,3
0.7863565887392113,1.0205977239612485,0.23424113522203716,3
1.0367894255844319,0.9917645461424784,-0.045024879441953436,3
0.9347434060099146,1.0185362194319245,0.08379281342200995,3
0.9725440616014375,1.0619542634267949,0.08941020182535742,3
0.6968798282003486,1.1568162350936884,0.4599364068933398,3
0.8472413225542552,0.9272458482010393,0.08000452564678406,3
0.1356226723678492,0.34464156080084657,0.20901888843299737,3
0.808194280856576,1.1474046260985173,0.3392103452419414,3
0.8523584006823255,0.9093074753932907,0.05694907471096522,3
0.27986362837361595,0.7758776101600721,0.4960139817864561,3
0.27397260510837385,0.8486806438635158,0.574708038755142,3
1.0147305270313056,0.9023005300996576,-0.11242999693164801,3
1.0418822728676174,0.9912779940566784,-0.050604278810938985,3
0.9938904213176014,1.0490874419750054,0.05519702065740395,3
0.9135301294882966,1.0537148214214471,0.14018469193315053,3
0.8518402553659891,0.9319644062034703,0.08012415083748126,3
1.0212759830017721,1.015071329752131,-0.0062046532496411455,3
0.5030270602428242,0.8107581181455219,0.3077310579026977,3
0.9570690488250929,1.0895272726382614,0.13245822381316852,3
0.8504818869011375,1.0092481015171642,0.1587662146160267,3
0.8638588958041176,0.9759113064931839,0.11205241068906635,3
0.6534988459588718,1.2110751527032626,0.5575763067443908,3
0.7255018844429084,1.0356559527535714,0.31015406831066294,3
0.9571774226110918,0.8915290085678963,-0.06564841404319555,3
0.7743872301343907,0.993121996312311,0.21873476617792031,3
0.7279457808848554,0.9365691081444135,0.20862332725955812,3
1.0249491214398785,0.9950289533763212,-0.02992016806355724,3
0.8966664574561564,0.8735525669076463,-0.023113890548510097,3
0.900409415163579,0.9835001130277228,0.0830906978641438,3
0.3732484363122843,0.6070644536805482,0.23381601736826385,3
0.7590849179748449,1.110464315081877,0.35137939710703203,3
0.8962665002879188,1.0898837672893074,0.1936172670013886,3
1.0361303687077652,1.040646134144367,0.004515765436601704,3
0.9173749404845231,0.9982648323720259,0.08088989188750284,3
1.0057760853067026,0.9370771840329649,-0.06869890127373768,3
0.41376359037241717,0.6857821742772765,0.27201858390485933,3
0.9024921560751057,1.0834272637788864,0.18093510770378074,3
0.8315698372769823,1.1599764189486275,0.32840658167164516,3
1.0237944131596601,1.005363879079391,-0.018430534080269068,3
0.8455562624352918,1.0884481915945845,0.2428919291592927,3
1.0178540196693744,1.0474550682312365,0.029601048561862076,3
0.777659529897196,0.9339773842221177,0.15631785432492173,3
0.7590369577231735,1.0150798762253601,0.25604291850218663,3
1.0379977046103153,1.0369105358253115,-0.0010871687850038114,3
0.964933385354181,1.08130950369373,0.11637611833954886,3
0.6362123420965995,1.0572020126427009,0.42098967054610137,3
0.8230212604181293,1.0470197010746445,0.2239984406565152,3
1.03983013376381,0.9556904896063916,-0.08413964415741848,3
0.716361078339625,0.9884586096350219,0.2720975312953968,3
0.9632062839106874,1.034373303666376,0.07116701975568862,3
0.832899084112394,1.0759150212820952,0.24301593716970116,3
1.0869403281640961,0.9378898635715766,-0.14905046459251958,3
0.7623399870967984,1.1164654926244508,0.35412550552765243,3
0.8931995565143453,1.13896793708821,0.24576838057386463,3
0.512765385330528,0.8902696591321465,0.37750427380161855,3
0.6211272173809308,1.051625933438806,0.43049871605787526,3
0.6169362507514798,0.7329579849294013,0.1160217341779215,3
0.4259736618907188,0.7280800222951553,0.30210636040443656,3
1.0556604318455376,1.0395877318778308,-0.01607269996770677,3
0.8063801476409607,0.9733458367626598,0.16696568912169918,3
0.7623159993217439,0.8712321882514347,0.1089161889296908,3
0.8407671617354837,0.9135490480545442,0.07278188631906046,3
0.3169025350392037,0.5776828527824693,0.26078031774326565,3
0.7140964529868828,0.9193782346364212,0.20528178164953836,3
0.9187679145570229,1.046480103102946,0.12771218854592314,3
1.0210570978309716,0.9749419928887484,-0.04611510494222326,3
0.7127486155160061,1.0535943602958089,0.3408457447798028,3
0.8183700550072285,1.0850301046255226,0.26666004961829415,3
0.839568035808482,1.0816824233003342,0.2421143874918521,3
1.0386066790287667,0.9467000601563391,-0.09190661887242757,3
0.8936415225460442,1.0132939883738081,0.1196524658277639,3
1.0565457462524217,0.9661373040438553,-0.09040844220856636,3
0.9523594456981003,1.0773846312678514,0.12502518556975117,3
0.8481819970873035,0.9760514987821189,0.12786950169481548,3
0.9449167929277009,1.003378069890482,0.05846127696278103,3
0.9715203997107604,1.0654231563780567,0.0939027566672963,3
0.8725478366863393,1.0448595422480251,0.17231170556168585,4
0.4601124446482582,0.7470962020046094,0.2869837573563512,3
0.8672787986446908,1.0383215974607312,0.17104279881604034,3
0.5746369047463915,1.055617924117873,0.4809810193714814,3
1.0557098863232037,0.9934401922429934,-0.062269694080210325,3
1.0417925124775793,0.9745423661403546,-0.0672501463372247,3
0.42820844409222464,1.1671930767245784,0.7389846326323537,3
0.8499665836980637,1.0301799829896985,0.18021339929163482,3
0.8793088407254946,1.0989022150875407,0.21959337436204607,3
0.8844893811353772,1.0010657936129632,0.11657641247758599,3
0.7151544024012967,1.009318416760697,0.2941640143594003,3
0.8587550757386853,0.9748729763621572,0.11611790062347194,3
0.5261014034948581,0.7755798023297266,0.24947839883486844,3
0.9426503192062656,0.9374653825644359,-0.005184936641829729,3
1.0316959752768207,1.025074741486086,-0.00662123379073476,3
0.5228487408612291,0.8125191700259681,0.28967042916473895,3
0.9963584266732097,0.9133663791790742,-0.08299204749413558,3
0.5923132858787004,1.0805273304047451,0.4882140445260448,3
1.0647995319791157,1.0560736699135314,-0.008725862065584344,3
0.8930407704223002,0.9860473531810194,0.0930065827587192,3
0.8204057500125086,0.9138065708039338,0.0934008207914252,3
1.084984974792559,0.9420364891433927,-0.1429484856491664,3
0.7822650315369594,1.0308339879649981,0.24856895642803878,3
0.6983902353615055,0.8652505299094696,0.16686029454796414,3
0.7164562838347983,1.0110536570293986,0.29459737319460033,3
0.7318164166878626,1.0766618042305174,0.3448453875426548,3
0.5987018219628975,1.0412660023203757,0.44256418035747824,3
0.5885336909718661,0.5716397835264203,-0.016893907445445833,3
0.6970431101550637,1.1209460900781398,0.42390297992307613,3
1.1034644269764462,1.0219792587764078,-0.08148516820003837,3
0.8425519281754822,1.0372828608669749,0.19473093269149266,3
0.6365391881729319,1.0307500550587834,0.3942108668858515,4
0.8818362879871869,1.073164393601336,0.19132810561414904,3
1.042945522542971,1.0316724499940977,-0.01127307254887322,3
0.9568018525582295,0.9637125750881029,0.006910722529873459,3
1.1150308985916517,0.9553061252463824,-0.15972477334526936,3
0.8850160245413836,1.0994326586128795,0.21441663407149592,3
0.9328355899768735,1.0313560254763723,0.09852043549949874,3
0.8471579612395568,1.0111856113058673,0.16402765006631048,3
0.7714731010721704,0.9639553555919514,0.19248225451978107,3
0.11691193661408056,0.323487875493732,0.20657593887965142,3
0.6892539992091287,0.8383041951363979,0.1490501959272692,3
0.8173378746369621,0.9520783714241607,0.13474049678719868,3
0.9677376476875631,0.9248179544885803,-0.04291969319898281,3
0.7225927969544986,0.809032645373734,0.08643984841923535,3
0.9536010624393261,1.0434655823314951,0.08986451989216904,3
0.8903467879542014,1.0257549171297957,0.1354081291755943,3
0.6499634144684856,0.7271806503515549,0.07721723588306928,3
0.8326863700803796,1.148514463297446,0.3158280932170664,3
0.6556804325143165,0.921745726820064,0.26606529430574744,3
0.4178859224495793,0.7187384308600985,0.3008525084105192,3
0.6953071633813701,1.1193520159420987,0.42404485256072855,3
0.9527927127844378,1.0426465462258458,0.08985383344140807,3
0.915944220163508,0.85458607013485,-0.061358150028657965,3
1.1173749183171875,0.9522622449394879,-0.16511267337769964,3
0.6338883094817336,0.9865041318781264,0.3526158223963928,3
0.6527054951143343,1.113701235904601,0.46099574079026673,3
0.8354245473440802,1.0916665807335204,0.2562420333894402,3
1.0442525904555024,1.0537845089104316,0.009531918454929178,3
0.7790531958923836,1.030600268122751,0.25154707223036743,3
0.7174497368373919,0.7035982681604165,-0.013851468676975398,3
0.20888442087501008,0.41400649927720545,0.20512207840219537,3
0.904843236792483,1.0419224580196562,0.1370792212271732,3
0.9596727275275383,1.0126336797385718,0.052960952211033474,3
0.8808730168477892,0.9949811012397209,0.11410808439193176,3
0.6540211963273709,0.8774310115866305,0.22340981525925963,3
0.7188562042213541,1.0268523012424566,0.30799609702110253,3
1.1073715978563756,1.0264366104223388,-0.08093498743403682,3
0.7030480542451244,0.8843221320076372,0.1812740777625128,3
0.4207958152562865,1.2054990201914701,0.7847032049351836,3
0.8278454891152875,0.9203594622873265,0.09251397317203891,3
0.7266503418043964,0.895703508057248,0.1690531662528516,3
0.42035690050182734,0.9632507653341454,0.542893864832318,3
0.7389963974195579,0.9798655755738759,0.24086917815431796,3
0.9489180081910453,1.0387265581379528,0.08980854994690746,3
0.8849282809678239,1.0562237159808057,0.17129543501298172,3
0.8446732832090633,1.0955906156703927,0.2509173324613294,3
0.8745311393571322,0.9737528941133441,0.09922175475621187,3
0.7246131221486963,0.8212763879925878,0.09666326584389151,3
0.753291389381842,1.0358883279924553,0.2825969386106133,3
1.0404536003279898,0.9627561795412317,-0.07769742078675812,3
0.8044641744811117,0.9593368962813945,0.15487272180028278,3
0.8043565727812434,1.1322060308590542,0.32784945807781085,3
1.0075619048639126,0.9621653085434902,-0.04539659632042237,3
0.28210600940070807,0.6586491782029863,0.3765431688022782,3
0.9139408770470172,0.9266569339203505,0.012716056873333326,3
0.9053623702531906,1.0729768809670739,0.16761451071388334,3
0.89606467021023,1.0331793467948014,0.13711467658457144,3
0.9779890229051866,0.9955692738856528,0.017580250980466117,3
0.9605748894179296,0.9300153773801758,-0.030559512037753755,3
0.9010450619142369,1.061415412975285,0.16037035106104813,3
0.6468672283865088,0.7853838587842751,0.1385166303977663,3
0.7897247951996804,0.9990463248112584,0.20932152961157802,3
0.8012907922639849,0.9982165175770622,0.19692572531307728,3
0.851795998158855,1.037097224089495,0.1853012259306399,3
0.9475514203843828,1.0181118657099495,0.07056044532556671,3
0.6741313582083985,1.0225963782122356,0.34846502000383706,4
0.9331663553456166,1.0194707854074632,0.08630443006184652,3
0.7619288410762526,1.0961215622515315,0.3341927211752789,3
0.80021356563904,0.7994560365774814,-0.0007575290615585706,3
0.7949220500739639,1.102690812612696,0.3077687625387321,3
0.8591097785407718,1.1163254827020956,0.2572157041613239,3
1.113926816338639,1.023464999786361,-0.09046181655227814,3
0.7112711484640946,1.1363892613400621,0.42511811287596757,3
0.7472016123523118,0.9448604076165704,0.19765879526425867,3
0.8432194946806422,1.035257619561468,0.19203812488082583,3
0.9445540081575894,0.9986991246457988,0.05414511648820941,3
1.0698056875636528,1.0026759425206495,-0.06712974504300329,3
0.8574620573982528,1.0674085847297177,0.2099465273314649,3
0.7585376305163096,1.074035651243994,0.3154980207276843,3
0.7474374251930889,0.9634995862680824,0.21606216107499354,3
0.8732337877365675,0.7932938764842816,-0.07993991125228583,3
0.7966842288944642,1.0491732815957238,0.25248905270125954,3
0.5916753001666897,0.9948874301311861,0.4032121299644964,3
0.925219660763567,1.0459608494952257,0.12074118873165873,3
0.5127670049546043,0.8279572256235529,0.31519022066894864,3
0.02352024963294018,0.12185111602307101,0.09833086639013083,3
0.9548460677987292,1.0576629474521495,0.10281687965342035,3
0.6556775584194466,0.9950237597402932,0.3393462013208466,3
0.6838582114802703,0.9827905330038871,0.2989323215236168,3
0.7145659599614181,0.9619679391118678,0.2474019791504497,3
0.4899549172095806,0.7923185127639871,0.3023635955544065,3
1.0135383865379668,1.019377823708473,0.005839437170506168,3
0.5787405697366393,1.031649663969647,0.45290909423300774,3
0.845234333287308,1.1073533087058491,0.2621189754185411,3
0.9180199745236372,1.0208851988219911,0.10286522429835399,3
0.624311203510455,0.9577494588138208,0.3334382553033658,3
0.8810275813354322,1.019410194403836,0.13838261306840383,3
0.8480217125555378,1.0168128673000263,0.16879115474448847,3
0.8657972946913595,0.9846043953151362,0.11880710062377675,3
0.8285495153742326,0.8847083324656004,0.05615881709136783,3
0.7564194043251611,0.9626237243345166,0.2062043200093555,3
0.9262266823139176,0.8746797882021955,-0.051546894111722086,3
0.7744071604431746,0.8703056226396892,0.09589846219651466,3
0.9238545243414358,0.9590389968595492,0.03518447251811341,3
0.5418571216794773,0.5522160073506512,0.010358885671173934,3
0.6339112884637665,0.8566524742940717,0.2227411858303051,3
0.9591994036839945,1.0058227166672742,0.04662331298327971,3
0.9532296756889065,0.9817410356523526,0.028511359963446115,3
0.7349914001545972,1.1005560653670354,0.36556466521243824,3
0.8216622979297001,1.0610622930625215,0.2393999951328214,3
0.8949192459345554,1.0056933147897147,0.11077406885515928,3
1.0200797075154042,1.0181503834155898,-0.001929324099814389,3
1.0235281181375244,0.9646483147649292,-0.05887980337259524,3
0.7207973604391362,0.790889738758984,0.07009237831984783,3
1.0082084046087638,1.021723318734956,0.013514914126192101,3
0.7171399604236918,1.1078757695166854,0.39073580909299366,3
0.7241927984535002,1.0849368897333433,0.3607440912798432,3
0.3733985350357576,0.6509985664822544,0.2776000314464968,3
0.8750586766971984,0.992725503415801,0.11766682671860262,3
0.7380411484661652,1.083554162725152,0.34551301425898673,3
0.9471706318398629,1.0639424514592264,0.11677181961936345,3
0.6357603713788966,0.9059641754337455,0.2702038040548489,3
0.39569684576661723,0.8004131993908659,0.4047163536242486,3
1.0047328645053586,0.9653018924330995,-0.039430972072259096,3
0.7711706764185358,0.9592325818897685,0.1880619054712327,3
0.8025882034341121,0.9959187200040198,0.19333051656990774,3
0.7864344898834398,1.095572908629862,0.3091384187464222,3
0.6619139673403752,1.1753603178788068,0.5134463505384316,3
0.5045722839891428,0.8625600985798124,0.35798781459066964,3
0.8821917452054543,0.8732942880450512,-0.008897457160403133,3
1.036201734799834,0.9985024954667725,-0.03769923933306152,3
0.4899300364335645,0.7389363774140324,0.24900634098046792,3
0.8108607039094949,0.9219715227914971,0.11111081888200214,3
0.914302406913314,1.005198510805252,0.09089610389193792,3
0.8585619098623916,1.0919812213690456,0.23341931150665407,3
0.4855417044097581,0.7580744998744019,0.2725327954646438,3
0.8824169162061246,0.9366392947678376,0.05422237856171297,3
1.027410672054631,1.018713619201533,-0.008697052853098075,3
0.8741359561780089,1.0881165841394886,0.21398062796147976,3
0.8943646001656749,0.900949549447174,0.006584949281499108,3
0.8548531561083272,1.081177129268592,0.22632397316026487,3
0.9209305582176648,0.880676780932325,-0.04025377728533974,3
0.8295596423867224,0.948584914107285,0.11902527172056254,3
0.8856479658862412,0.9938340528555987,0.1081860869693575,3
0.6381721779018574,0.8751229976420284,0.23695081974017096,3
0.6025532882377549,0.9826705085318254,0.38011722029407047,3
0.8262589120460468,1.027543494668824,0.20128458262277715,3
0.6965522082409795,0.9107457483701152,0.21419354012913572,3
0.8838637393272973,0.9934807763712115,0.10961703704391412,3
0.7499374656616352,1.0348985991510027,0.28496113348936747,3
0.7831032799332999,1.0916545969037874,0.30855131697048754,3
0.7409856349036974,0.9846285697741279,0.24364293487043054,3
0.9208026849887836,1.1144423792008253,0.19363969421204175,3
0.8262483768080142,0.9895322993364133,0.16328392252839907,3
0.5935078947167373,0.9459972894075691,0.35248939469083185,3
0.8671091036771901,0.962330336407979,0.09522123273078897,3
0.9467708198851883,0.9494283377435186,0.0026575178583303494,3
0.9813465602885926,0.9807792878052842,-0.0005672724833083453,3
0.8019615024977003,0.8169537651225137,0.014992262624813457,3
1.0516525899856441,1.052402204124644,0.0007496141389997657,3
0.7527107625588525,0.9969291861883092,0.24421842362945667,3
0.8792600934491444,1.1161421314405593,0.23688203799141494,3
0.7807387083857316,0.9562188603558457,0.17548015197011413,3
0.9941900786033352,0.9719260390125903,-0.022264039590744855,3
0.9449987453514661,1.0322748683662986,0.08727612301483245,3
0.9088332337657162,0.9606507029384371,0.0518174691727209,3
0.4871979026642974,0.6739545406614577,0.18675663799716025,3
0.8228382878631066,1.0818875800580672,0.25904929219496053,3
0.9636051552492246,1.0158046139946175,0.05219945874539289,3
0.7492701697184523,0.9803280761505914,0.23105790643213908,3
0.9489671715195858,0.9854944214494035,0.03652724992981771,3
1.0203060689071917,1.015166025311268,-0.005140043595923682,3
0.6972047001969232,0.9406947533221294,0.24349005312520622,3
1.005778467773265,1.0631104231605433,0.0573319553872782,3
1.0217294316264023,1.0030379135058487,-0.018691518120553585,3
0.9616876977671028,0.9433380199824366,-0.01834967778466623,3
0.8089187475447591,0.8106098225137978,0.0016910749690386417,3
0.8034055600385823,1.0352215589387581,0.2318159989001758,3
0.7754857137027036,0.931982604793546,0.15649689109084242,4
0.9292740058339656,1.0323134954452793,0.1030394896113137,3
1.0210073121388694,1.0207588222411854,-0.0002484898976840011,3
0.9267647497216156,0.9738102417905484,0.047045492068932826,3
0.8170362406676639,1.0823120305512675,0.26527578988360356,3
0.7042361603235365,1.1245054310084084,0.42026927068487185,3
0.6789469230221098,0.8647393167718738,0.18579239374976397,3
0.8625988349421033,1.015040822881289,0.15244198793918573,3
0.6234136240067198,1.2141541427191485,0.5907405187124286,3
0.9120490999389613,1.0334526768233054,0.12140357688434411,3
0.9369346268419083,0.9130215250752072,-0.02391310176670114,3
0.8496094465864172,0.9437094815137016,0.09410003492728436,3
0.7422380640649253,1.0773238783779777,0.3350858143130524,3
0.47844492116943954,0.8358249264481848,0.3573800052787453,3
0.8353258098938613,0.7276878035396995,-0.10763800635416176,3
0.5004385875155105,1.0502846301365723,0.5498460426210617,3
1.0557942987638882,1.0048708951521117,-0.0509234036117765,3
1.1895146257146603,0.9801272513116878,-0.2093873744029725,3
0.9433747174517946,1.0862814632532714,0.14290674580147678,3
1.0004039443285426,1.04982232562693,0.04941838129838727,3
0.9292185512491632,1.0227958364354115,0.0935772851862483,3
0.7494261806198039,0.7748653825409372,0.025439201921133248,3
0.7259120636660157,0.9687091792970267,0.24279711563101103,3
0.7162236848678588,0.8998715056968664,0.18364782082900755,3
0.7751590533580422,1.0357405494279122,0.2605814960698699,3
0.5830516555847743,1.011551585495954,0.4284999299111797,3
0.9534145996491618,1.0581627960778608,0.10474819642869904,3
0.8544675601441862,1.0371532582982388,0.18268569815405256,3
0.419488853787441,0.6107401958925517,0.1912513421051107,4
1.017936298464958,0.9921936295209449,-0.025742668944013114,4
0.6434677117943544,1.0459675253374505,0.40249981354309616,3
1.0114322136628746,0.9900506511790663,-0.021381562483808292,3
0.8926536143703754,1.0921891151177978,0.19953550074742243,3
0.6058513699628313,0.7001900863208156,0.0943387163579843,3
0.8427559196920182,0.8248198509082397,-0.017936068783778514,3
0.8279989445745932,0.9819042149093609,0.15390527033476764,3
0.7874457414056634,1.0149018284533438,0.2274560870476804,3
0.9753003679411304,0.9960937785796778,0.02079341063854745,3
0.4634033507869954,1.0433411400468495,0.5799377892598541,3
0.744520588507478,0.7740738340825084,0.029553245575030362,3
0.7797779936252441,0.8716653518564497,0.09188735823120553,4
0.8086164062952569,0.9349822677191039,0.12636586142384698,3
0.8076528260310327,1.0661508385147012,0.25849801248366844,3
0.43636273674797943,1.0287115670120424,0.5923488302640629,3
1.031288183565866,0.9784436150664726,-0.05284456849939345,3
0.8714111520622334,0.9020827034043665,0.030671551342133063,3
0.6774784121719866,0.8434225176799609,0.16594410550797434,3
0.9918015822891095,1.0114339179734178,0.019632335684308222,3
1.1519781987384912,0.983967416847116,-0.1680107818913752,3
1.0123345887432789,0.9866369284040897,-0.025697660339189188,3
1.0130943175751224,1.0273629677596874,0.014268650184565024,3
0.5973423451198007,1.0795366345318809,0.4821942894120802,3
0.7483213749775395,1.0207052746457592,0.27238389966821974,3
0.9647141770470257,1.0057072084455279,0.04099303139850219,3
0.7479695121326815,0.7788836666575805,0.030914154524898985,3
0.7747540566733724,0.9808682804699747,0.20611422379660227,3
0.8885586177095696,1.0812117511750332,0.19265313346546364,3
0.9772153309902718,1.0617399404886807,0.0845246094984089,3
0.8873477515749048,0.9994604300369693,0.11211267846206452,3
0.8486762359628633,1.047132585441193,0.19845634947832969,5
0.5990901285297617,1.004129277303497,0.40503914877373537,3
0.7329087210973244,1.1473269451977788,0.41441822410045437,3
0.2794120998807611,0.4842420167120219,0.20482991683126078,3
1.0497950491220034,1.0105637089597495,-0.039231340162253936,3
1.0296228078243261,0.9722160289109543,-0.05740677891337187,3
0.7947825845824948,0.935582356407437,0.1407997718249422,3
0.6731996542537386,0.8792456965166382,0.20604604226289958,3
0.7866040370374998,0.8157346997451839,0.029130662707684052,3
0.6275323468203187,0.9915553460808935,0.3640229992605748,3
1.0112498612575251,1.0322645356180216,0.02101467436049642,3
0.9270434683563419,0.9419302758674383,0.01488680751109639,3
0.9119443778156744,1.1156937053627924,0.20374932754711805,3
0.5018944471267824,0.662527133002793,0.16063268587601054,4
0.9657243893806867,0.9779817834850666,0.01225739410437987,3
0.7718221269631237,1.0041280582434167,0.23230593128029298,3
1.0502621147770803,1.0153527381509808,-0.0349093766260995,3
0.6605216517545427,1.116262790759885,0.4557411390053423,3
0.8767377274580236,1.0769829017431227,0.20024517428509914,3
0.5480233062459167,1.0049159207794056,0.45689261453348895,3
0.7142601310569358,1.0646409225238664,0.3503807914669307,3
0.9489721103240667,0.9558855153747303,0.0069134050506636235,3
0.8950510585259898,0.9807465711125207,0.08569551258653096,3
0.760515631883938,0.8381753832274136,0.07765975134347558,3
0.5598265660986075,0.8905732809871241,0.3307467148885166,3
0.8441874705093835,0.9895742444725595,0.145386773963176,3
0.7684264380081318,1.0110707541144555,0.24264431610632364,3
0.93477215982125,1.063059952702493,0.12828779288124315,3
0.9255131394560183,0.9126336502578607,-0.012879489198157623,3
0.5698685128850708,0.9812360258811273,0.41136751299605656,3
1.007851873588582,1.0710842171304589,0.0632323435418769,3
0.9375881621603752,0.923282358161077,-0.014305803999298261,3
0.583173192460577,1.0996056005694164,0.5164324081088394,3
0.9832791159121819,1.0528958171875797,0.06961670127539787,3
1.007576424972001,1.0762244738624627,0.06864804889046172,3
1.1423659223020466,0.9938293097459582,-0.1485366125560884,3
0.633768152279532,0.8037731980003203,0.17000504572078834,3
0.9263249192709369,1.0490351064216412,0.12271018715070436,3
0.9585969718043726,1.0878572627846594,0.1292602909802868,3
0.7866178374351831,0.9576499364932467,0.1710320990580636,3
0.879985609054958,1.0091893529329714,0.12920374387801337,3
0.8112040044165902,1.12414315092331,0.3129391465067197,3
0.6741552722861094,0.8975448004766355,0.22338952819052615,3
0.8097225365546438,0.8270489422653444,0.017326405710700654,3
0.9898766440034498,0.988787137702034,-0.001089506301415799,3
0.7942457447581024,0.7947286438006134,0.0004828990425109758,4
0.8150596543431414,1.0427093882351095,0.22764973389196808,3
0.7372292325670726,0.8241338760520855,0.08690464348501292,3
0.8645886363933215,1.027514679652515,0.16292604325919346,3
0.885014572268569,1.086086912002829,0.20107233973425986,3
0.7229114160337976,1.0717697734246712,0.34885835739087356,3
0.8421827544851874,1.0211060833084862,0.17892332882329876,3
0.8964251878822073,1.0894966242463633,0.19307143636415602,3
0.9454769394729724,1.0102936876797428,0.06481674820677041,3
1.2680567475330646,1.0099076361669348,-0.25814911136612984,3
0.8228791335443179,0.9756217808095272,0.15274264726520936,3
0.7774653316224168,1.1436027337903547,0.3661374021679379,3
0.7954110514259157,0.8663546218959656,0.07094357047004984,3
0.6897398942458632,1.0212742511435173,0.3315343568976541,4
0.933606938410176,0.9277786092072458,-0.005828329202930194,3
0.9053739591097012,0.9505365034267348,0.04516254431703359,3
1.0269288188107235,0.9876677377140609,-0.0392610810966626,3
0.6928849813309333,0.848533824069942,0.1556488427390087,3
0.7822444324068345,0.9235081790434302,0.1412637466365957,3
0.8028693563063973,1.130059915560263,0.32719055925386575,3
0.9518345526949605,1.0738563394790723,0.1220217867841118,3
0.8210318961193954,0.9652913275638116,0.14425943144441622,3
0.998057429864112,0.9730513794602723,-0.02500605040383963,3
0.8052067683645161,0.9201649380101593,0.1149581696456432,3
1.0138096785873647,0.944619640669716,-0.06919003791764866,3
0.79600963440646,1.051210688204879,0.25520105379841906,3
0.9715094207539618,0.9356790296098788,-0.03583039114408304,3
0.6704518735933989,1.082210686182065,0.4117588125886662,3
1.1492377075689393,0.9795218339860241,-0.16971587358291518,3
0.9478051525223835,1.0802332683968945,0.13242811587451098,3
0.7472232356471218,1.1668831290448103,0.4196598933976885,3
0.8035853128087662,1.097909955189598,0.2943246423808319,3
0.5843701613833163,0.8560905480733844,0.27172038669006804,3
0.66310188385135,1.0968412428181342,0.43373935896678417,3
0.8666889960695372,1.0204627194520715,0.15377372338253426,3
0.8726754424556976,0.8767633867434748,0.0040879442877771455,3
0.5017514625277505,1.1379058126816761,0.6361543501539256,3
0.9541604392458961,0.9424319538885447,-0.011728485357351381,3
0.8584527308246099,1.0312213387120326,0.17276860788742265,3
0.4202281962678505,0.8521285337607623,0.43190033749291173,3
0.9636504450490956,0.9860816969105161,0.022431251861420476,3
0.8399809839800084,0.7362539554633981,-0.10372702851661031,3
0.655878247546259,0.9195385211652883,0.26366027361902933,3
0.3807033361863717,0.4232375668521059,0.042534230665734196,3
0.7939911102076194,0.8729786153711723,0.0789875051635529,3
0.8467521590194644,0.9807013170649193,0.13394915804545482,3
0.8900801016251657,0.9616480010979505,0.07156789947278475,3
1.0135018733552488,1.0149569449908824,0.0014550716356336313,3
0.8664482007195674,0.802625933636525,-0.0638222670830424,3
0.685047413138554,1.0517515566041733,0.3667041434656193,3
0.960467617520802,1.0220118019921467,0.06154418447134469,3
0.7020174623637172,1.0415445486674757,0.3395270863037585,3
0.5965223002108468,0.8854146400889661,0.28889233987811924,3
0.9454857838312216,0.9949435166483367,0.049457732817115074,3
1.0020949077349468,0.912101251228499,-0.08999365650644775,3
0.36572662113133814,0.6123078930619189,0.24658127193058077,4
0.8689856056572541,0.9973656594000914,0.12838005374283723,3
0.8758073746177208,0.9484698115979369,0.07266243698021602,3
0.7120845684005093,1.030098563059487,0.31801399465897773,3
0.8818978476364774,1.068120118153173,0.1862222705166956,3
0.5112884572346336,0.8345319238494595,0.32324346661482595,3
0.6367106851003582,1.0923280346282753,0.4556173495279171,3
0.9427942674208762,1.0744923670284798,0.1316980996076036,3
0.45387030931114103,0.6615150385781975,0.20764472926705646,3
0.8313210921982745,1.0362283789978666,0.20490728679959203,3
0.8658026955957983,1.1120117889540049,0.24620909335820662,3
0.9058053594299043,1.0174603730848033,0.11165501365489905,3
0.9550847664235833,1.0447226505091731,0.08963788408558981,3
0.8215880944309643,1.0231638481123657,0.20157575368140146,3
0.6066594435182026,0.8998052471243335,0.29314580360613096,3
1.0168043194789151,1.0426573093630476,0.025852989884132427,3
0.8899967980724129,1.0521971249084376,0.1622003268360247,3
0.8383865685726763,1.113096603727079,0.27471003515440273,3
0.8904432376501442,0.987213249499313,0.09677001184916878,3
0.8370533982510988,0.9998583105057792,0.1628049122546804,3
0.9431896981658304,0.94013773211488,-0.003051966050950372,3
0.4921918065307856,0.6875915974958792,0.19539979096509358,3
1.0592795426011299,0.9503006583527966,-0.10897888424833324,3
0.6341880244852627,0.9930591913839667,0.358871166898704,3
0.7780025288782869,0.9962445520287311,0.21824202315044416,3
0.8901413482268226,1.0858945472550847,0.19575319902826216,3
1.108192292030027,0.9369646685913153,-0.17122762343871156,3
0.6506897209316622,1.0280634798221713,0.37737375889050906,3
0.724800914031154,1.0511920844316651,0.32639117040051113,3
0.9234955818316578,1.1250931553592995,0.20159757352764174,3
0.806932237155354,1.0365517511874098,0.22961951403205583,3
0.7702105333773617,1.0726131046104244,0.3024025712330627,3
0.9364658710737586,1.0028806464932445,0.06641477541948593,3
0.4597429728593897,0.8335041199932084,0.3737611471338187,3
0.912414830545145,1.0670270271696713,0.1546121966245263,3
0.7715534307842066,0.8665238231067255,0.09497039232251892,3
1.1351398634875864,0.9484254868990328,-0.1867143765885536,3
0.6966483522669987,0.8290173608092216,0.1323690085422229,3
0.8475410395823286,0.9911810561903677,0.14364001660803905,3
0.7413759697799297,0.9914002042003712,0.2500242344204415,3
0.6575261537899034,1.0028364569960717,0.3453103032061683,3
0.8427488610116043,0.9580324352123084,0.11528357420070412,3
1.01106082454369,0.8338829173697689,-0.17717790717392112,3
0.9894104599108251,0.9461270514776559,-0.043283408433169246,3
0.9885764902059684,1.1013169205833522,0.1127404303773838,3
0.8760878007880719,0.9337938419736854,0.05770604118561351,3
1.0094322442323977,1.027948361564318,0.018516117331920157,3
0.8442311838314921,0.8151362741624425,-0.029094909669049596,3
0.70036987019672,1.0971984022661696,0.39682853206944957,3
0.838946320280445,0.9397858415171025,0.10083952123665751,3
0.8011381397552033,1.0062335428020135,0.20509540304681018,3
0.9275388335991369,0.9796568225391313,0.05211798893999442,3
0.81556541981662,0.8076728438008528,-0.007892576015767205,3
0.9707802055910699,0.9984471465041291,0.027666940913059213,3
0.837225068713793,0.8339322639835451,-0.0032928047302478447,3
0.9828155798602184,0.9775478071473851,-0.005267772712833296,3
0.8787464885415472,1.0602838858991037,0.18153739735755647,3
0.8942181231224098,0.7915441335981139,-0.10267398952429585,3
0.6632380422739266,0.8951825402307101,0.2319444979567835,3
1.0251138243735713,0.939085105121117,-0.08602871925245437,3
0.6661378568247613,0.7232538388923222,0.057115982067560855,3
0.5796589092763917,0.8544962856285508,0.2748373763521591,3
0.8868144881922491,1.0636919977017205,0.17687750950947145,3
0.9555103919428041,1.0022775099654262,0.04676711802262212,3
0.6272975763031128,0.9772292670594698,0.349931690756357,3
0.7451786581844034,1.1205077118838953,0.3753290536994919,3
0.9986449676554956,1.021124573818809,0.02247960616331346,3
0.8836155379362597,1.0916977615238723,0.20808222358761264,3
0.8416662387097198,0.9328312713233377,0.09116503261361786,3
1.09353810192125,0.9556560641831353,-0.1378820377381147,3
0.7197187267295702,0.9374601777051054,0.2177414509755352,3
0.8345128853441999,1.05074937297234,0.21623648762814018,3
1.0766975951925073,1.0468332610571798,-0.02986433413532752,3
0.9235054046506873,0.9617763472424653,0.03827094259177799,3
0.7015143119923223,1.0305934676134079,0.3290791556210856,3
0.7786110965183648,1.0415897454306318,0.26297864891226697,3
0.645530108953648,1.0636837152698588,0.4181536063162108,3
0.9687345093292382,1.0212888059861505,0.05255429665691225,3
0.8184488989572479,0.7463326760455117,-0.07211622291173625,3
0.899523549699937,0.9203519836188059,0.020828433918868905,3
1.0480486884439608,1.0711127168114714,0.023064028367510536,3
0.42744815748450243,0.67415198098493,0.24670382350042758,3
0.4709181380973392,1.053259655822767,0.5823415177254277,3
0.8595396246916419,0.8264377452873999,-0.03310187940424203,3
0.9731618261514581,0.932254613926889,-0.040907212224569056,3
0.8127908809726957,0.9807747878983459,0.16798390692565024,3
0.6108653011323096,0.9135228592776621,0.30265755814535245,3
0.824684091929639,0.8556385264608611,0.030954434531222152,3
0.9315116341242232,0.9623321784920986,0.030820544367875402,3
0.6570444173083638,0.9707356882830572,0.3136912709746934,3
0.9450825691614024,0.9775607040964724,0.03247813493507001,3
0.8814145688915866,1.0473898860477493,0.16597531715616265,3
0.6989247869086952,0.9121493613041789,0.2132245743954837,3
1.0451019304404525,1.0197378239729917,-0.02536410646746079,3
0.6529257614267585,0.9525686139064803,0.2996428524797218,3
0.9193493814520282,0.9462813298130193,0.02693194836099111,3
0.6898299509018767,0.9909143852876862,0.30108443438580945,3
0.48495291570235144,1.1395718405553887,0.6546189248530373,3
0.37103136006589743,0.6635781613408446,0.29254680127494714,3
0.8377132826021383,1.025125103082717,0.1874118204805788,3
0.8136289941564288,0.9477128846524299,0.1340838904960011,3
1.1636518822579578,0.9731068784708671,-0.19054500378709072,3
0.6841256554642994,0.7922098974232634,0.10808424195896404,3
0.9769182049643694,0.9844125074833731,0.007494302519003626,3
0.6369760324343339,1.0301941835522896,0.39321815111795577,3
0.6467198357655238,0.8516469326067062,0.20492709684118238,3
0.9398178735561917,0.9190486601923071,-0.020769213363884598,3
1.0659500090778258,0.8772408719568574,-0.18870913712096837,5
0.8612140706811999,1.0569823460114312,0.19576827533023122,3
0.5227067075454229,0.8963533588632635,0.3736466513178406,3
0.5717633526359126,0.8357607174019768,0.26399736476606417,3
0.6682773588143547,1.1594457599187593,0.49116840110440463,3
0.7421412128296923,0.909211882379189,0.1670706695494968,3
0.9306510481100221,1.0799713294814075,0.14932028137138542,3
0.8827527999147492,1.0184219831804449,0.13566918326569566,3
0.6582238249805024,1.1612693510125232,0.5030455260320208,3
1.0103694864441004,1.1073224517766795,0.09695296533257913,3
0.9580814259604113,0.9829823526990283,0.02490092673861699,3
0.724866394978128,0.8161580999433798,0.09129170496525185,3
0.7276421689038337,0.9157298161209868,0.1880876472171531,3
0.8440807666237868,1.0119946903102104,0.16791392368642355,3
1.019134723213396,1.0026319661398824,-0.016502757073513674,3
0.9610490248961367,0.9171015826654157,-0.043947442230721,3
0.6973969002279976,0.8684433689019692,0.17104646867397155,3
0.5535762883033178,0.868788994802487,0.3152127064991691,3
0.42199374613718144,0.5487410176473912,0.1267472715102098,3
1.0154961979368042,1.0828180978920798,0.0673218999552756,3
0.5708250744854779,0.91738025543999,0.3465551809545121,3
0.7280161536223118,1.1455781892491852,0.41756203562687344,3
0.9885732204016273,1.0314655721947488,0.04289235179312145,3
0.9094221352751372,0.8909270840605558,-0.018495051214581393,3
0.8489276577077742,1.0406524359523028,0.1917247782445286,3
0.6574430322984647,0.8356985244992148,0.1782554922007501,4
0.7805397555429889,0.7255378587736936,-0.055001896769295344,3
0.8186803160654771,0.8768896958342319,0.05820937976875484,3
0.6544235740030916,1.1165423566532107,0.4621187826501191,3
0.880376530193558,1.049028814923748,0.16865228473019012,3
0.8003423574062876,1.1611735101464151,0.36083115274012756,3
1.0221496605459686,0.971857488736983,-0.0502921718089856,3
0.7337190286802249,0.8795219066513923,0.14580287797116742,3
0.6631566770877724,1.032008660711076,0.36885198362330374,3
0.756531852608,0.9020923177973925,0.14556046518939247,3
0.6438829695851105,0.9002519825133561,0.25636901292824565,3
0.8124957782242829,1.05444225644607,0.24194647822178716,3
0.1498164143498263,0.34167842766783596,0.19186201331800967,3
0.9349757294116758,0.9901119139047486,0.05513618449307278,3
0.9180669847409264,1.036520714459968,0.11845372971904156,3
0.5848434303122692,1.1098046385413887,0.5249612082291195,3
0.7521224321839602,1.0081148976267618,0.2559924654428015,3
0.4587065159590968,0.9561255223994978,0.497419006440401,3
0.935734681540335,1.027558769986964,0.09182408844662893,3
0.7171711606473438,1.0855676356917086,0.3683964750443648,3
1.0065622437315336,0.9709408808287426,-0.03562136290279094,3
0.4685641181971114,0.9708008968193829,0.5022367786222715,3
0.6730041379744895,1.134228676369941,0.4612245383954514,3
0.8616221372841334,1.1265822203180305,0.26496008303389706,3
0.7294915229978501,0.9952100570817796,0.2657185340839294,3
0.9447373378001246,1.0345423369092157,0.08980499910909112,3
0.22001048763859712,0.9477394303148912,0.7277289426762941,3
0.5710135937682898,0.9779706314133257,0.406957037645036,3
0.8890029043007557,1.1085524569577607,0.21954955265700504,3
0.6837387575207917,1.1062553646796798,0.42251660715888806,3
0.7652828332231563,1.023678293494093,0.2583954602709366,3
0.7882766191110212,1.1164699647424159,0.3281933456313947,3
0.6718464117800867,1.0668883556450168,0.3950419438649301,3
0.6597134492154764,0.907932595412794,0.24821914619731766,3
0.9362630397132623,1.0044709085676495,0.06820786885438723,3
0.3860000140326017,0.5572147218770432,0.17121470784444154,3
0.7615145156145231,1.0030502814914415,0.24153576587691838,3
0.6932366457766213,1.0298892445972483,0.33665259882062704,3
0.25096305667650437,0.44528498801765,0.19432193134114562,3
0.7749100157696573,1.0117981220112888,0.23688810624163148,3
0.8403719761198355,0.9767817553971598,0.13640977927732434,3
0.8260175652329311,1.012860963194212,0.1868433979612809,3
0.9052551988776514,0.9990731345356924,0.09381793565804097,3
0.8238397417493143,0.9363019418573293,0.112462200108015,3
0.9668364212916115,1.0775000063758609,0.11066358508424934,3
0.9274850741259946,0.9703366316666987,0.04285155754070413,3
0.7760497965642809,0.9929680596748252,0.2169182631105443,3
0.7288802847874598,0.8523027133514633,0.12342242856400354,3
0.8985289202257282,0.8778348250833916,-0.020694095142336555,3
0.8784839250431924,1.0110953349414944,0.132611409898302,3
1.003267578324773,1.0273990555539299,0.02413147722915676,3
0.8939025038122909,0.9326557422819512,0.03875323846966039,3
0.8332533623859012,0.9828280719265475,0.14957470954064633,3
0.981503985471163,0.8977339799521824,-0.08377000551898062,3
0.7708791623351492,1.0199104273507946,0.24903126501564543,3
0.8117647349868082,0.994105173431542,0.1823404384447338,3
0.3225303908156333,0.5706558381931377,0.24812544737750442,3
0.6098905040951342,0.6441309890927459,0.034240484997611675,3
0.620756489536379,0.9986421524552226,0.3778856629188436,3
0.9430861862661096,0.9272378612569099,-0.01584832500919975,3
0.6683819967098754,0.8298642032908626,0.16148220658098722,3
0.9573971503664956,0.945488297838887,-0.011908852527608649,3
0.9019791809676653,1.0042862079734238,0.10230702700575856,4
0.5180973918780354,1.0281653085540492,0.5100679166760138,3
0.9413030929169875,1.0239501129008117,0.08264701998382418,3
0.6341363173753508,0.8370454177187575,0.2029091003434067,3
0.7635344887192388,1.0503635859337959,0.28682909721455707,4
1.1534282010458918,1.0043303359346525,-0.14909786511123935,3
1.1072663554901716,0.9667643072487597,-0.14050204824141188,3
0.8379628001145207,0.8666237946562025,0.028660994541681806,3
0.7836226461635495,1.0738395806788026,0.2902169345152531,3
1.0152914037272511,1.0749666345737592,0.059675230846508054,3
0.8696307697870376,0.9652914594554668,0.09566068966842922,3
0.16236302198646446,0.37116110246843664,0.20879808048197218,3
0.817558396132417,1.0803791979860924,0.2628208018536754,3
0.951771776352672,1.0675315692912561,0.11575979293858418,3
0.5988490242866831,1.0730884915514742,0.47423946726479116,3
0.8865676272163355,0.9118378785770618,0.025270251360726248,5
0.7273431798960402,1.1818668931788776,0.45452371328283736,3
0.9220186331036522,0.7931623993459568,-0.1288562337576954,3
0.7357763623587872,1.0237293670267598,0.2879530046679726,3
0.9468905077506432,1.0325158003132935,0.08562529256265028,3
0.8536521145142607,0.9790252897659373,0.12537317525167657,3
1.0073722455042573,1.023111022415386,0.015738776911128793,3
0.8867634530699414,1.0839462237055917,0.19718277063565026,3
0.7325573327332114,0.9292754542833673,0.1967181215501559,3
0.6686080893379992,0.8928747941417503,0.2242667048037511,3
0.9557665864037995,1.0192293147204097,0.06346272831661015,3
1.0588303142805706,0.6827022974695213,-0.37612801681104935,3
0.9827733853543279,0.8812327960145777,-0.10154058933975019,3
0.461036677857158,0.8767328868689657,0.41569620901180765,4
0.9598389379414185,0.9958353439846593,0.035996406043240836,3
0.9197838692735781,0.9055002487245636,-0.014283620549014553,3
0.8285036987624971,1.0212597167869237,0.19275601802442666,4
0.5470474135661456,0.9352358557530096,0.388188442186864,3
0.9708162902830775,0.9304703099382279,-0.0403459803448496,3
0.5599442134879024,0.7956237292065014,0.23567951571859902,3
0.89010476495593,1.0347889625762476,0.1446841976203176,3
0.6921589896985555,0.7823735166686091,0.09021452697005361,4
0.7851714699163149,1.1232478255291765,0.33807635561286153,3
0.7837766199503565,0.8124847984592444,0.02870817850888785,3
0.5713260972747736,0.8549509224889559,0.2836248252141823,3
0.9561815658151052,0.9702317615224454,0.01405019570734023,3
0.7977263444338566,0.8510559392306033,0.053329594796746704,4
0.9153412709451914,0.9974908230065008,0.08214955206130947,3
0.7533591455228821,1.0060477592544914,0.25268861373160934,3
0.6127620314222946,0.9660612412603848,0.35329920983809027,3
0.8652519867004157,1.079630224916194,0.21437823821577828,3
0.9909956204503705,0.9877527444951937,-0.003242875955176805,3
0.6847701649223912,1.0396870543678272,0.354916889445436,3
0.8951676722870091,0.9462958231546669,0.05112815086765776,3
0.8489269441408649,0.8937474906483134,0.04482054650744849,3
0.8467877913022461,1.1381423245369988,0.2913545332347527,3
0.6567188011305671,0.9297992813935856,0.27308048026301845,3
0.9724851345360632,0.9952059247500703,0.02272079021400708,3
0.9569440183497393,1.0339663212337815,0.07702230288404222,3
1.01596535856459,1.036755764668596,0.020790406104006065,3
0.9144636511551238,1.0664184691161238,0.15195481796099997,3
0.6681347856587626,1.0388523666690272,0.37071758101026464,3
0.8906567241103507,0.9223287401659913,0.03167201605564063,3
0.482914871824002,0.9039475483020989,0.4210326764780969,3
0.4649474403777978,0.8800231858689702,0.41507574549117243,3
0.869004077005511,0.9871399514009308,0.11813587439541984,3
0.6938452119643328,1.105664806280536,0.4118195943162033,3
0.7413056641906942,1.0045159123423517,0.2632102481516575,3
0.9598375202288797,0.9356916296530317,-0.02414589057584804,3
0.6423680461225836,1.1308955524300477,0.4885275063074641,3
0.7988482087029747,1.001663398101918,0.20281518939894339,3
0.962825508335027,0.8663870483420381,-0.09643845999298895,3
0.9057297999006824,1.1335634292049095,0.22783362930422713,3
0.7221756043988785,1.089387847766857,0.36721224336797853,3
0.9231334104077367,1.0702848884538008,0.1471514780460641,3
0.9235792137654515,1.0402358401993386,0.11665662643388708,3
0.7147340579768373,0.8802908908391011,0.16555683286226375,3
0.9843146603101597,1.097596041813592,0.11328138150343225,3
1.0771755307259538,1.0139291431606186,-0.0632463875653353,3
0.9417022195920973,1.0245930114176696,0.08289079182557224,3
1.0629674970813476,1.051265696411019,-0.011701800670328666,3
0.7476962196407864,0.9279971205384744,0.18030090089768802,3
1.0450279286803328,0.9196333455362069,-0.12539458314412588,3
0.7578631850007231,0.8822493320349205,0.12438614703419737,3
0.917163575809637,1.0032016751658612,0.0860380993562242,3
0.9369291006999028,1.07986451213247,0.14293541143256716,3
0.7220282346882494,0.9620224639752724,0.23999422928702296,3
0.8063043606954823,1.0806119835072825,0.2743076228118002,3
0.9166685902477113,1.045511231341538,0.1288426410938267,3
0.7246866803158296,0.8205271605232677,0.09584048020743807,3
0.9063744505641094,1.052020387181079,0.14564593661696956,3
0.8188664194241655,1.1179253387456638,0.2990589193214983,3
0.825647233819228,1.1310246784312674,0.3053774446120394,3
0.9960333564806949,1.0358054083953425,0.03977205191464761,3
0.8011952973612266,0.9068799905010788,0.10568469313985218,3
0.3018697681404248,0.9069468300011412,0.6050770618607164,3
0.925496848847337,1.0307105627656257,0.10521371391828871,3
0.9792457361114201,0.9829645925796653,0.003718856468245213,3
0.7244714126341195,0.9419946348202027,0.21752322218608322,4
0.9757182059897325,0.9709128771971939,-0.004805328792538588,3
0.8931713837336114,1.0862251699979288,0.19305378626431746,3
0.9138235468204345,1.0491797495804085,0.13535620275997395,3
0.5035089615261337,0.8382745110554348,0.33476554952930115,3
0.8819223503100817,1.0158294449533818,0.13390709464330008,3
1.0401669814851155,0.9659226159006373,-0.07424436558447822,3
0.8604800872044824,0.9229013151160567,0.06242122791157423,3
0.7509557246466775,1.0816402317302303,0.3306845070835528,3
0.5802417429509679,0.9568275805485653,0.37658583759759745,4
0.9434398812700346,1.0325283898012587,0.08908850853122408,3
0.5834556816214012,0.9084880473583963,0.3250323657369951,3
0.6697734792578196,1.026359210825638,0.3565857315678185,3
0.9556947159110252,1.0346485349109524,0.07895381899992726,3
1.0879612947418074,0.9697543978672541,-0.11820689687455321,3
0.9801011522660856,0.9221411748220903,-0.05795997744399528,3
0.8847694010329417,1.0377810761575919,0.1530116751246502,3
1.0258561980287826,0.9373347455563342,-0.08852145247244836,3
1.1392968425537255,0.9463884119267999,-0.19290843062692564,3
0.6519372016105971,0.8444944452899458,0.19255724367934868,3
0.6234528355316433,0.7735906301388012,0.15013779460715793,3
0.8673231620768477,0.919419170349399,0.05209600827255134,3
1.0201671668808634,1.0083946573245537,-0.011772509556309707,3
0.9267630958681397,0.9497401988539754,0.022977102985835773,3
0.7895794115116972,0.8944742138655165,0.10489480235381932,3
0.8873210563627361,1.0022104276273835,0.11488937126464749,3
0.9283976837366442,0.9802078537663043,0.05181017002966004,3
0.7587001876338872,1.0572353041400269,0.2985351165061396,3
1.0427932113263574,0.9045517487616435,-0.13824146256471392,3
0.8577365532329729,0.9410074613307299,0.08327090809775695,3
0.8980655171709604,1.04815203324445,0.15008651607348966,3
0.8423530512158411,1.0417992862329655,0.19944623501712433,3
0.8354111744343918,1.0806668599532177,0.24525568551882582,3
0.9931185653987914,1.0158214916843087,0.02270292628551729,3
0.6897141600221284,1.150511284509449,0.4607971244873206,3
0.7962597126444682,1.1166245135693162,0.3203648009248481,3
0.7308740257272471,0.9963196501143798,0.2654456243871327,3
0.9033356705679184,0.8279567360131376,-0.07537893455478084,3
0.7737897065727052,0.7720312099436231,-0.001758496629082118,3
0.8043419994403447,1.0756872732403502,0.2713452738000055,3
0.8033637882770701,0.860512406456323,0.057148618179252875,3
0.3984538935588561,1.0830524323920143,0.6845985388331582,4
0.89453422486899,1.0027190239084487,0.10818479903945866,3
0.9373150249932957,0.9628425278512651,0.025527502857969453,3
0.5260784107088478,1.182804636459775,0.6567262257509273,3
0.8313216587806522,1.0976032901847395,0.2662816314040872,3
0.7592381156337917,1.0741957380572846,0.3149576224234929,3
0.9856968035195771,1.0009113442275612,0.015214540707984114,3
0.6567165677579606,1.1966547244545953,0.5399381566966347,5
0.9340135051569924,1.0136843372298272,0.07967083207283476,3
1.1202498020808724,1.063647461756474,-0.05660234032439848,3
1.0135330565100937,1.047223859654488,0.03369080314439432,3
0.9563543501334943,1.0459882512037137,0.0896339010702194,3
1.1219708523213736,0.9955737283780502,-0.12639712394332336,3
0.6601304642687663,0.8115260310796595,0.15139556681089317,3
0.8586509589765741,1.0337820350592883,0.17513107608271428,3
0.7574911108016156,1.039502959676231,0.2820118488746155,3
0.6516805850253233,0.9874467141812341,0.33576612915591075,3
0.6945907891066303,0.7680557742114679,0.07346498510483757,3
0.8906654899177128,1.0416965654239048,0.151031075506192,3
0.5398169699011236,0.9958034987594259,0.45598652885830226,3
0.928090830305943,0.9136544208300539,-0.01443640947588909,3
0.8535670582633553,0.8506384845049169,-0.0029285737584384686,3
0.9299444729212492,0.9802825534999702,0.05033808057872102,3
1.0110814563617505,1.0418520548910302,0.030770598529279658,3
0.6827348914803715,1.0140014188873903,0.3312665274070188,3
0.936764798451763,0.963057538796998,0.02629274034523499,3
1.0392203540461216,1.0494538027171738,0.010233448671052248,3
0.9662669661372707,1.0973575376244624,0.13109057148719172,3
0.6635369715494226,1.0307200731388821,0.36718310158945955,3
0.15559816059966278,0.7714076737524777,0.6158095131528148,3
0.9520629282488059,1.0098139194291083,0.05775099118030236,3
0.9074140619136156,0.9875753959995363,0.08016133408592063,3
0.5041420414976667,0.8065545549898439,0.3024125134921771,3
0.9374575249847557,0.9255982682035716,-0.011859256781184047,3
0.959016376434839,0.9731450193778887,0.014128642943049718,3
1.0615979826462856,0.9973344403624971,-0.0642635422837885,3
1.022366688411813,1.0032410264096046,-0.019125662002208443,3
0.3543897939248943,1.1860180895269758,0.8316282956020815,3
0.9376534569917423,1.0590280645273291,0.12137460753558682,3
0.8845866511667508,1.059367117347884,0.1747804661811332,3
0.8573886001863866,1.017859156487048,0.16047055630066143,3
0.6994174227051637,0.967435739919995,0.26801831721483127,3
0.7259274640652852,0.9626506413467046,0.23672317728141945,3
0.6062232875116355,0.8292724738827374,0.22304918637110194,3
0.6889767420690897,0.8500112833756036,0.16103454130651396,5
0.8539391459233658,0.8955178718876576,0.041578725964291796,3
0.9509069291895138,0.9874208877519972,0.036513958562483406,3
0.7871443315613956,0.7409431715174192,-0.04620116004397645,4
0.8180032972199213,0.997681729951676,0.17967843273175477,3
0.7712807832640234,1.0189245890873615,0.24764380582333811,3
0.8310224749171642,0.996830863824453,0.16580838890728877,3
0.25909669850138456,0.7560320685775218,0.49693537007613725,4
0.8722021713841872,1.1032610771207196,0.23105890573653243,3
0.8694408074508155,0.8184430340437615,-0.050997773407054026,3
0.9928791744494607,1.0151849001135698,0.022305725664109044,3
0.9024871451105763,1.0153627325903045,0.11287558747972826,3
0.9944407598412088,0.9985290230057119,0.004088263164503059,3
0.7385986428534438,1.028113322877822,0.2895146800243783,3
0.8773987950237855,1.0524326707699059,0.1750338757461204,3
0.5506472901388975,0.9428065804692345,0.39215929033033703,3
0.6987098099794967,0.9813526179272895,0.28264280794779273,3
0.6957590897919251,1.0748680814490073,0.3791089916570821,3
0.9248294176940781,1.0533927597078168,0.12856334201373865,3
1.0534619513298535,0.9379354272056547,-0.11552652412419884,3
0.8712115893547905,1.0242430733166756,0.15303148396188515,3
0.841548205289392,1.0439596950290888,0.2024114897396968,3
1.0638934836848941,1.0805249616593469,0.016631477974452746,3
1.0393714543578443,0.9286088590539097,-0.11076259530393462,3
0.565217773116236,0.7482782874920731,0.18306051437583715,3
0.6403472518614193,0.870275884054238,0.22992863219281867,3
0.5134925883027249,0.7494489867703703,0.23595639846764538,4
0.8405988310137587,1.1115024020537503,0.27090357103999163,3
0.2070450514074632,0.5230931527306235,0.3160481013231603,3
0.4108194349237139,0.8010846805802322,0.39026524565651827,3
0.8816875209300029,0.991599921910049,0.10991240098004607,3
0.5942140029924635,0.8612497766113149,0.26703577361885134,4
0.6047602517050283,1.0607985881302104,0.4560383364251821,3
0.5937615531329946,1.0027517271498965,0.40899017401690185,3
0.8414449881772939,0.8711149361869787,0.02966994800968481,3
1.0358323344710372,0.9383348369409209,-0.09749749753011627,3
0.9452976984590891,1.013547403637653,0.06824970517856399,4
1.0207006724754815,0.9632392453586214,-0.057461427116860087,3
1.1004099940213123,0.9948964314522997,-0.10551356256901268,3
1.069216064124851,1.0185483661814536,-0.050667697943397316,3
0.8436885588640921,0.8837330649939776,0.040044506129885526,3
0.7937131768934855,1.0811854156313054,0.2874722387378199,3
0.6871754376468991,0.9759314625162708,0.2887560248693717,3
0.9521906467273625,0.8787628960437791,-0.07342775068358343,3
0.5198523848495386,1.1792158849218053,0.6593635000722667,3
0.945324031345188,1.0567211412871704,0.11139710994198238,3
0.9746190949619438,1.0478843877139812,0.07326529275203741,3
0.4437643108148953,0.9822208148278552,0.5384565040129599,3
0.8364094795912627,0.9107040376394036,0.07429455804814089,3
0.6094372229808265,0.9331891855486779,0.32375196256785144,3
0.3959174519994994,0.5909351632709607,0.19501771127146134,3
0.9683523689658035,1.0587234093481426,0.09037104038233912,3
0.6311570573887019,0.9608166316752196,0.3296595742865177,3
0.8072715195279825,1.0307402921726971,0.22346877264471465,3
0.7560441961284788,0.8617184814886745,0.10567428536019563,3
0.8696251329161129,1.052519799865732,0.1828946669496192,3
0.9988909442913444,0.9300990655984421,-0.06879187869290226,3
0.7209673226284821,0.8136179229222804,0.09265060029379835,3
0.7185833995864892,0.8982152374055496,0.17963183781906045,3
0.8437054099839972,0.987948635214298,0.14424322523030075,3
0.6410310172786446,0.9579514607079439,0.31692044342929926,3
0.8746442923848727,1.0747215265377057,0.20007723415283296,3
0.7435416629665912,1.0606210797486229,0.31707941678203166,3
0.7823401502842557,0.8210623292835956,0.03872217899933983,3
0.80021145830148,0.7172401678758944,-0.0829712904255856,3
0.42763431259987233,1.0840512980829102,0.656416985483038,3
0.8804967071038382,0.9432033244519964,0.06270661734815819,3
0.8312948807818228,0.9449982580416304,0.11370337725980761,3
0.4960175980419796,0.8325509705591191,0.3365333725171395,3
0.8571264080388252,1.0984689031439419,0.24134249510511663,3
0.8770757024837877,0.9456842126014671,0.06860851011767932,3
0.9420225651746978,1.0490474242050039,0.10702485903030601,3
0.8868028095433301,1.0391551911351296,0.15235238159179942,3
0.907023987599604,0.9253943602654243,0.01837037266582031,3
0.7320710621614417,1.0110981107875565,0.2790270486261148,3
0.8121756433010776,1.0886342657731571,0.27645862247207953,3
0.6035571426633146,1.0671487401978268,0.4635915975345122,3
0.8030609825191375,0.900075654570364,0.09701467205122649,3
0.938907469222305,0.9241460254424092,-0.014761443779895744,3
0.7190428391531833,1.1132459887182495,0.3942031495650662,3
0.36180290515395663,0.8398801937058706,0.478077288551914,3
0.854094371389391,1.0927121039426162,0.23861773255322516,3
0.6990392139193478,0.8297092105628517,0.13066999664350398,3
0.8120634005640269,1.0483288537078808,0.23626545314385383,4
0.7766279936657625,1.0670884815050865,0.290460487839324,3
0.9398855702623352,0.9133685598138854,-0.026517010448449785,3
0.9866538762718232,1.0463312719598912,0.05967739568806796,3
0.8884099258762632,1.0414446589098152,0.15303473303355197,3
0.933507055474488,1.0211159428610332,0.08760888738654526,3
0.6492057827393322,0.8971589688512807,0.2479531861119485,3
0.8640154765069683,1.0297029267899949,0.16568745028302656,3
0.8532914061701617,0.8165763722849496,-0.036715033885212134,3
0.9235614459334527,1.0026100173071462,0.07904857137369348,3
0.612051388307079,1.1757526731798784,0.5637012848727995,3
1.0217614733759985,1.0424133269389313,0.020651853562932754,3
1.1046860018958933,1.0386961937414745,-0.0659898081544188,3
1.0489467024696641,1.0135050230453557,-0.035441679424308425,3
0.5201522414714861,0.6893821797846559,0.1692299383131698,3
1.109203863986425,1.0339235713968948,-0.07528029258953017,3
0.7805482809673885,1.046347525262352,0.2657992442949635,3
0.8914284785475656,1.084929540045003,0.1935010614974374,3
0.48603119977335213,0.8972863126036164,0.4112551128302642,3
1.0089762300717395,1.037438434033527,0.028462203961787447,3
0.8349655633367647,1.0229034385360916,0.1879378751993268,3
0.937087227369946,0.9504827429973763,0.013395515627430354,3
1.0131616108572061,1.0635419747374881,0.050380363880282,3
0.9891813930738476,1.03506349889303,0.045882105819182506,3
0.7391911164484909,1.062063819165483,0.3228727027169921,3
0.8348689815846773,1.004831124075792,0.16996214249111463,3
0.8674188018864551,1.0225586578483263,0.1551398559618712,3
0.8775385232398042,0.9066154987138022,0.029076975473998012,3
0.7230678719545813,0.9336259495697445,0.2105580776151632,3
0.8653894253369684,0.9096820740155482,0.04429264867857985,3
0.9306485258550226,0.9604766730108164,0.02982814715579385,3
1.0110695804866816,1.0128416885980767,0.0017721081113950543,3
0.9060910904172998,1.1387799053636676,0.23268881494636773,3
0.8931375570458661,0.9678904708587609,0.07475291381289484,3
0.26693497652777926,0.6159208292249769,0.3489858526971977,3
0.6612026117033616,0.736538747505043,0.07533613580168141,3
0.7542027691260035,0.9483105369551174,0.19410776782911388,3
0.8635667018177302,0.9134738398038147,0.04990713798608448,3
0.6379620792869408,1.002453300289478,0.36449122100253717,3
0.7672039854235424,0.9955068159513509,0.22830283052780853,4
0.8927709098720135,0.8874851293570563,-0.005285780514957206,3
0.9489305988702319,0.8364840597689343,-0.11244653910129765,3
0.7162042258947381,0.6933960963110415,-0.0228081295836966,3
0.7887445985847981,0.9633828588283381,0.17463826024354,3
0.809479735312201,1.0872650455051893,0.27778531019298836,3
0.9862101225437958,1.0680914667890622,0.08188134424526639,3
0.941528823288496,1.0353108397161166,0.09378201642762063,3
0.4154255810006142,1.1825384171994746,0.7671128361988604,3
0.8471465310352643,1.0239832595195584,0.1768367284842941,3
0.8657686761877021,1.0223623311602152,0.1565936549725131,3
1.0256373563991978,1.0124363075172582,-0.013201048881939625,3
0.7798140210733714,1.0115155674151852,0.23170154634181384,3
0.8934339286130851,0.8925162733432227,-0.0009176552698624274,3
0.9151017133896626,1.0851736357536053,0.17007192236394264,3
0.8539384495679958,0.9385463870714226,0.08460793750342677,3
0.09993089717153551,1.0216834267757429,0.9217525296042074,3
1.023930542419944,1.0206064841307831,-0.003324058289160936,3
0.6301112826026396,0.8026091799942632,0.17249789739162358,3
0.8826033809768548,1.0170211680636168,0.134417787086762,3
0.8371806750731372,1.0079047734394073,0.17072409836627012,3
0.7860496123719338,0.7511370680084767,-0.03491254436345714,3
0.9934253659858481,1.0605098344700488,0.06708446848420069,3
0.8538815690270559,0.9803312707142456,0.12644970168718972,3
0.753407771835221,0.9364169681837394,0.18300919634851842,3
0.7109578268495387,0.8944439394207923,0.18348611257125358,3
0.8524735542560116,0.8412569446232551,-0.011216609632756502,3
1.0117098930022548,0.9065963854366119,-0.10511350756564286,3
0.9770665104964096,1.0411786372262328,0.06411212672982325,3
0.6260974950123506,1.0858914338207932,0.45979393880844266,3
0.7545367437653621,0.8564306358440872,0.10189389207872512,3
0.9939926617365473,0.978661473114846,-0.015331188621701353,3
0.5868159761385114,0.8023485969523596,0.21553262081384816,3
0.7509594074233841,0.7274966160192134,-0.023462791404170624,3
0.6199235082438481,0.9687104571379853,0.3487869488941372,3
0.947461527538186,1.0987473313499847,0.15128580381179868,3
0.9646945541652735,0.9587048147756972,-0.005989739389576254,3
0.8880330523639742,1.0425715970427478,0.1545385446787736,3
0.9423222637042468,0.9744524364128099,0.03213017270856311,3
0.9764651938750619,0.977700156703197,0.0012349628281350666,3
0.5513086443645091,0.6993297237367043,0.14802107937219522,3
0.8503402725411728,0.956870385627193,0.10653011308602012,3
0.5874816333022604,0.6516317681190091,0.0641501348167487,3
0.959350444674625,0.9856941500059774,0.02634370533135233,3
0.22620527550620873,0.9565290167813189,0.7303237412751101,3
0.9583095706154547,0.9945584995447864,0.036248928929331625,3
0.7798461590320758,0.9083298957324046,0.12848373670032887,3
0.26003739149423727,0.3533398013721903,0.09330240987795302,4
0.3358048905986037,0.6037383772888681,0.26793348669026446,3
0.693489830743653,1.115473520130726,0.421983689387073,3
0.3132578002326509,0.47038344373535734,0.15712564350270647,3
0.8464396928199066,1.02143296107025,0.17499326825034334,3
0.8169572458273618,1.075399928176101,0.25844268234873924,3
0.45819744559502795,0.8805620607162181,0.42236461512119017,3
0.8232381293336236,0.9654067597289477,0.14216863039532412,3
0.9166608200359269,0.9781785218169616,0.06151770178103477,3
0.7821876870891876,0.8501933138184826,0.068005626729295,3
0.8966656783715914,0.9649052752451368,0.06823959687354542,3
1.1184073660380602,0.9951247428323724,-0.12328262320568784,3
0.6417072074658586,1.068111117443037,0.4264039099771785,3
0.4625018417791676,0.7593630059971427,0.2968611642179751,3
1.0138358615220306,0.9978955863213027,-0.015940275200727938,3
0.07813256456209303,0.27585392131819336,0.19772135675610034,3
0.9789252648630601,0.9691582654469605,-0.009766999416099598,3
0.9875600468130064,0.8839182619983836,-0.10364178481462272,3
0.8158594617136801,0.9167040639560643,0.10084460224238423,3
0.9337122598275602,1.0214957414819286,0.08778348165436833,3
0.9502812841601176,0.9727527216147489,0.022471437454631316,3
0.8494800621648814,0.9366419137847531,0.08716185161987178,3
0.9386270096034203,1.1179621471037573,0.17933513750033703,3
0.9213477298037366,1.0796127313335246,0.15826500152978806,3
0.8483413052433717,0.9924998758788999,0.14415857063552817,3
0.823152346687054,0.9943063940387701,0.17115404735171613,3
0.975053473038067,1.02514434639088,0.05009087335281304,3
0.5575125490276075,1.172892254019714,0.6153797049921065,3
0.7180572414152642,0.998426710697548,0.2803694692822838,3
0.8799208664719251,0.9211243291968552,0.04120346272493003,3
0.8042657993464074,1.0676108426963136,0.26334504334990616,3
0.982972349276967,1.0305193662594447,0.04754701698247776,3
0.5098921020534077,0.48359251891337074,-0.026299583140036997,3
0.8178338381885705,1.1212528194143407,0.30341898122577027,3
0.7039542186401292,0.9057970644615919,0.20184284582146272,3
1.0063034941353743,0.8915531098637162,-0.11475038427165818,3
0.7747358319531333,1.0484699211658781,0.2737340892127448,3
0.7428384604981912,1.0947360677423208,0.35189760724412955,3
1.000556290118795,1.040696487464379,0.04014019734558394,3
0.36458999898748956,0.6666941255082504,0.3021041265207608,3
0.7872450701962854,0.9329608277911887,0.1457157575949033,3
0.7433106847569557,1.1319006849161295,0.3885900001591738,3
0.8895756405359628,0.8558835914912247,-0.033692049044738104,3
0.9029480853407821,0.8642165343660952,-0.038731550974686835,3
0.8929762599693036,0.9922244998084521,0.09924823983914843,3
0.8044404128967508,1.0479443872601855,0.24350397436343463,3
0.8005912281379575,1.0339636044856906,0.2333723763477331,3
0.9017379229058131,0.9164173246842712,0.014679401778458057,4
0.6418235814346859,0.6361944996038761,-0.00562908183080979,3
0.4959870673132034,0.9968724765845208,0.5008854092713174,4
0.7891391972897464,0.9862685855586848,0.19712938826893844,3
1.0447067221695496,1.0585308089899048,0.013824086820355186,3
0.9075361089251636,0.9700022534695115,0.06246614454434796,3
0.7729359943465021,0.8027476745326106,0.02981168018610858,3
0.6425909002813838,1.0873196585124676,0.4447287582310838,3
0.7567263147564787,0.9520812468179803,0.19535493206150167,3
0.84121593373136,0.9792125398985816,0.13799660616722154,3
0.5341720289374934,0.8141319053828091,0.2799598764453157,3
0.8179801243907805,0.8564608854596365,0.038480761068856006,3
0.7548729667673038,1.0317630650685898,0.2768900983012861,3
0.9168190384807362,1.0830645669725085,0.16624552849177232,3
0.9067215658289669,0.9961799442267123,0.0894583783977454,3
0.5109735156458903,0.8759806550522888,0.3650071394063985,3
0.8287129077948908,0.7797113308907136,-0.04900157690417717,3
0.7005398454457873,0.9999310320966958,0.29939118665090847,3
0.556994952649466,0.891678417818789,0.334683465169323,3
0.3987062256607909,0.783010056586539,0.3843038309257481,3
0.9751705166609057,0.8955573835816883,-0.07961313307921736,3
0.7583438498272417,1.035241146291712,0.27689729646447026,3
0.6681987031069325,1.0753603812146988,0.40716167810776627,3
0.8224570250394981,0.7885819530728522,-0.033875071966645964,3
1.1683141107921182,1.012777656600222,-0.1555364541918962,3
0.8894175482280366,0.9117067636084296,0.022289215380392968,3
0.6416266766001959,0.9468816087639171,0.30525493216372124,4
0.9401715983723729,1.0987289615748033,0.1585573632024304,3
0.6315015887800756,0.9918947983691871,0.3603932095891116,3
0.10224182945765745,0.2574614665422196,0.15521963708456213,3
0.8319578953437486,0.9275934817905714,0.0956355864468228,3
0.7949649388057609,0.8973028773523766,0.10233793854661566,3
0.8308417788310287,0.8462247931552713,0.015383014324242605,3
0.8568377211158978,1.0585792699881267,0.20174154887222884,3
1.0032708829866241,1.0427721572580346,0.03950127427141048,3
0.8664629444248734,0.9471493888771453,0.08068644445227191,3
0.9082864719261194,0.8668771498288005,-0.04140932209731896,4
0.2920105572891048,0.5736366646201776,0.2816261073310728,3
0.07381618155944808,0.33821219047517764,0.26439600891572956,3
0.652041917985842,0.9861134054590858,0.3340714874732438,3
0.8129173141258159,1.0274340499826404,0.21451673585682451,3
0.770394703611837,0.7908825847790013,0.020487881167164268,3
0.832721947675125,0.9326111105943541,0.09988916291922911,3
0.8479362782037299,1.0143632854984335,0.1664270072947036,3
0.8551751602114754,0.8772176269658474,0.022042466754371937,3
0.8484626214531269,0.9952032404828831,0.14674061902975621,3
0.9207759282098651,1.0288277784694666,0.10805185025960151,3
0.2857436915536012,0.9975387662031924,0.7117950746495911,4
0.9905329421790461,0.8691386348608325,-0.12139430731821355,3
1.045932312504135,1.0271265949971098,-0.01880571750702531,3
0.8350745950017013,0.9586540579162695,0.12357946291456812,3
0.6166104128063152,1.1970720062864075,0.5804615934800923,3
0.3908107442303006,0.7894050449068982,0.3985943006765976,3
0.9129386623410344,1.0053749860581047,0.09243632371707033,3
0.6958480105152719,1.1073025899268107,0.41145457941153885,3
0.7743018929569735,1.0551149704347267,0.2808130774777532,3
0.7586136278488762,0.8446475260424917,0.08603389819361551,3
0.5273701880851001,0.8958919930383289,0.36852180495322884,3
0.873579525626981,0.9318748284813136,0.0582953028543326,3
0.793668434938599,0.9069033380982712,0.11323490315967222,3
0.5573490278635321,0.8670282400181165,0.3096792121545844,3
0.9713663278196117,0.913723345725806,-0.057642982093805695,3
0.6796123133808215,0.9448323244972513,0.2652200111164298,3
0.7945392633888653,0.9327409522725363,0.13820168888367101,3
0.7944655567136663,0.81880652020431,0.02434096349064374,3
0.8119153570814761,1.0430494902100036,0.23113413312852749,3
0.6471038121555859,1.0774591339944342,0.4303553218388483,3
0.8595710763333275,1.0156660970002438,0.15609502066691627,3
0.9685678839473937,1.0383899972060788,0.06982211325868515,3
0.6436078613873968,1.0333966589412733,0.3897887975538765,3
0.7461225882576011,0.7473753855044217,0.0012527972468205917,3
0.8611620617206273,1.0361783690821489,0.17501630736152163,3
1.0011327721956227,1.0032538098668502,0.0021210376712275103,3
0.9992464836574767,0.9726441914102854,-0.02660229224719135,3
0.9026795317724,1.0706189033490694,0.16793937157666938,3
1.0829214517744856,0.9432944150824376,-0.139627036692048,3
0.5392076004152928,0.9198535604365192,0.3806459600212264,3
0.4142669385003882,1.0802823121650784,0.6660153736646902,4
0.860032487965433,1.0645457976451633,0.20451330967973036,3
0.9337447696493401,1.0490908039602107,0.11534603431087065,3
1.1544289254568805,1.0593655333344572,-0.09506339212242332,3
1.0092359526791046,0.993782272082701,-0.015453680596403618,3
0.989792719593315,0.9984177005399053,0.008624980946590255,3
0.6549985406255242,1.138408006587454,0.4834094659619298,3
0.5115559965137234,1.1411326387556897,0.6295766422419663,3
0.6443013902687413,0.771161960493004,0.12686057022426267,3
0.9675604553539154,0.9565544077182707,-0.011006047635644722,3
0.8958195348675703,0.9144471383210252,0.018627603453454933,3
0.8381326583021975,1.1252263459310754,0.2870936876288779,3
0.6241085658071093,0.7951325378528581,0.17102397204574882,3
0.9839521009946252,1.1080593918890864,0.12410729089446126,3
0.960062593400534,1.0136418760063866,0.05357928260585254,3
0.4947720122040425,1.2046948718326735,0.7099228596286311,3
0.9682021387911355,1.1255859462342734,0.15738380744313796,3
0.5556968957212879,1.18196685287752,0.6262699571562321,3
0.7498181027753155,1.0773654751208352,0.3275473723455198,3
0.777472036279209,1.0636044045712911,0.2861323682920821,3
0.5055850736124341,0.8124650112113903,0.30687993759895615,3
0.8389472196633372,0.9784099132675166,0.1394626936041794,3
0.697076638628176,0.9989466797692347,0.30187004114105864,4
0.8105949124154819,1.0286485782589687,0.21805366584348684,3
0.7656729136200595,1.0841695954822888,0.31849668186222924,3
0.9366144175412758,1.081220375795347,0.14460595825407108,3
0.7173006474725043,0.9813709303194521,0.2640702828469478,3
0.8874968354854745,1.0822604190869403,0.19476358360146573,3
0.5866621374414953,0.9346907873667474,0.34802864992525206,3
0.99474126658396,0.9386723402437094,-0.056068926340250624,3
0.7128989700468624,0.9997588087255194,0.28685983867865694,3
0.7369429747208576,0.7686327092774335,0.03168973455657598,3
0.6085184067068313,1.1049952866201553,0.496476879913324,3
1.0161335230800168,0.9064310668840435,-0.1097024561959733,3
0.5608886565234471,0.9897484495694997,0.4288597930460526,3
0.9603025501634956,1.0260584144449318,0.0657558642814362,3
0.9691086046494214,1.081262332884702,0.11215372823528058,3
0.6398996965570128,1.087308935608352,0.4474092390513392,3
0.9578121342516519,1.0555536155636231,0.09774148131197125,3
0.9385024505300246,0.9284300776138853,-0.010072372916139272,3
0.7013223984627014,0.9291820750174681,0.2278596765547667,3
0.9227091973728966,0.9778507846092077,0.05514158723631113,3
0.8282706026878386,1.0045849694432278,0.17631436675538925,3
0.91242377124893,0.9724698039700564,0.06004603272112641,3
0.8128034731840671,0.942226186287006,0.12942271310293896,4
0.6812619721134979,1.0950876828347555,0.4138257107212576,3
0.7053230263061926,0.9077842239055922,0.20246119759939962,3
0.82124778125822,1.0633814130117867,0.24213363175356672,3
0.9572164378251959,1.0723796671523311,0.11516322932713519,3
0.7283809739593923,0.8639328804382721,0.13555190647887982,3
0.47905590077208204,1.0665809254497616,0.5875250246776795,3
0.0721885528067383,0.31140714869713476,0.23921859589039646,4
0.6170875482862801,1.0671291685073288,0.45004162022104865,3
0.9693753860437593,0.9167802124079639,-0.052595173635795356,3
0.8939888611756549,1.0241548232579174,0.1301659620822625,3
0.8358097269506675,1.1013332904569457,0.26552356350627826,3
0.8911101179157133,1.051700791182592,0.1605906732668787,3
0.8556868437720213,1.03733288621198,0.18164604243995863,4
0.6972697637488805,0.8475201833833073,0.15025041963442676,3
0.7271577652266659,1.0006996542507305,0.2735418890240646,3
0.48857992083666396,1.0075651602285611,0.5189852393918972,3
1.0006378853937645,0.9108381507786698,-0.08979973461509472,3
0.8313062941579838,0.8621443571453131,0.030838062987329273,3
0.3430802593758607,0.7608946539297335,0.41781439455387287,3
0.7095216542080991,1.025720933701401,0.31619927949330195,3
0.8205130343910803,0.9932988212548318,0.17278578686375157,3
1.1132260679367494,1.0342037638652937,-0.07902230407145572,3
0.6878535397819929,1.113583631200467,0.42573009141847407,3
1.0144462542026682,1.0257037675053202,0.011257513302652011,3
0.6169915090621378,0.9873021489740477,0.3703106399119098,3
0.7282961576644936,1.1122300296234129,0.38393387195891926,3
0.40210506704538296,0.6086009743887516,0.20649590734336865,3
0.7893516706667287,0.9363727982067711,0.14702112754004237,3
1.1286077550139235,0.9418068647739993,-0.1868008902399242,3
0.9296845792050201,0.9867550954581974,0.05707051625317727,3
0.9476658768196629,0.8915745704586202,-0.05609130636104265,3
0.9725531012183531,0.9923277389602934,0.019774637741940215,3
0.4846632214758773,0.7779394708804205,0.29327624940454317,3
0.8320715105050887,1.1546838638406265,0.32261235333553784,3
0.5908485630062197,0.9096407661708751,0.3187922031646554,3
0.6484203736626264,0.9002394027901488,0.2518190291275224,3
0.9851491645208237,1.0586294861047,0.0734803215838764,3
0.9626266236988985,1.0055266477022813,0.042900024003382775,3
0.8350539114154135,1.0411538328354688,0.2060999214200553,3
0.7913039746213736,0.8600048595169545,0.0687008848955809,3
1.0260070435597939,1.0325568583439106,0.006549814784116759,3
0.9918204250022512,0.9015262168167881,-0.09029420818546308,3
0.15356424581819514,0.3335861472025386,0.18002190138434346,3
0.5676159662809698,0.9313458188080299,0.36372985252706014,3
0.8275036201972517,1.0325980414504914,0.20509442125323973,3
1.0382065595996837,1.019582055791381,-0.018624503808302606,3
0.6797062723180479,1.0447377604903607,0.3650314881723128,3
0.7891664767106519,1.0335774108041247,0.2444109340934728,3
0.7186766104125912,0.9221562857984642,0.20347967538587297,3
0.5706295367414663,0.6907028378887041,0.1200733011472378,3
1.0487278545294099,1.0473202418670824,-0.0014076126623274732,3
0.5210585269272009,1.164815499569416,0.6437569726422151,3
0.8814967966407118,0.9324623925613948,0.05096559592068306,3
0.821169602433689,0.8982258358086114,0.0770562333749224,3
0.9923273536393493,1.007812936828364,0.015485583189014607,3
0.5159541630056911,1.119644422348195,0.6036902593425039,3
0.7697774230942143,0.813861348915325,0.04408392582111076,3
0.9191060952193718,1.0577355184716044,0.1386294232522326,3
0.8658520468907756,1.0655488774420536,0.19969683055127807,3
0.8398001015739522,0.8745421340290693,0.03474203245511709,3
0.8767262532234276,1.0008493399527119,0.1241230867292843,3
0.7670750841792158,0.9524799460537032,0.18540486187448746,3
0.6181509451931299,0.6966425114007355,0.07849156620760567,3
0.9984297984033506,0.9791637963990849,-0.019266002004265648,3
0.7389330984297033,1.0986210460288628,0.35968794759915945,3
0.899305504725842,1.12602161217267,0.22671610744682802,3
0.9051152812348562,0.9454794150798441,0.04036413384498794,3
0.7116154872212676,0.9478818981864927,0.23626641096522516,3
0.30673749877022793,1.0506542833472714,0.7439167845770435,3
0.7652039016550161,1.005542059989404,0.24033815833438799,4
1.0800082342198847,0.9933600604798343,-0.0866481737400504,3
0.8683519178886663,0.9609574245316157,0.09260550664294942,3
0.4406869159343726,0.7990630570272215,0.3583761410928489,4
0.9418880270927803,0.991929140641259,0.05004111354847873,3
0.8063676246491682,1.1124124281087826,0.3060448034596144,3
0.7608033850203694,1.0338603411114167,0.2730569560910473,3
0.9833021464292249,0.9849124259497885,0.0016102795205635845,3
0.6381049402036126,0.9936430019991332,0.3555380617955206,3
0.9143506368587553,0.973139655566859,0.05878901870810371,3
0.6687345563439943,1.151657821697744,0.48292326535374974,3
0.7387784205912538,0.8298183716142578,0.091039951023004,3
0.614110074915752,1.0636733185267933,0.4495632436110413,3
0.908354672258592,0.9272673011976958,0.018912628939103837,3
0.7552700430105534,1.0898414814942905,0.33457143848373705,3
0.9804782151710245,0.9749878707989916,-0.005490344372032885,4
0.5808929836459406,0.819444572158111,0.2385515885121704,3
0.8237055827902081,0.9556512519705231,0.13194566918031503,3
0.8261173628345152,1.070507917017578,0.24439055418306277,3
0.7188494256711768,0.941825894791311,0.22297646912013414,3
0.3792376271071453,0.6700309344488081,0.2907933073416628,3
0.8672092855253732,1.031062898980952,0.1638536134555788,3
0.7959345986789009,1.0774511345917737,0.28151653591287273,3
0.9941572397143681,0.9771241378283018,-0.017033101886066326,3
0.9262319061787884,0.9905748766179132,0.06434297043912485,3
0.8188269364475315,0.8512795857339213,0.0324526492863898,3
0.8112927714713877,1.1088437999440788,0.2975510284726911,3
0.7633074253470045,0.953556606834821,0.19024918148781655,3
0.8661288293783168,1.0762761814686763,0.2101473520903595,3
0.9225846746324875,1.0079040453769608,0.08531937074447327,3
0.7503147236264504,1.0807251565651355,0.3304104329386851,3
0.9175910342775438,0.8327356186916923,-0.08485541558585152,3
1.0010958465999558,0.9009499342700314,-0.10014591232992431,3
0.57132773914515,0.8035081267949454,0.23218038764979543,3
0.614189058918065,0.8635488796626586,0.24935982074459362,3
0.8597537787000229,0.8816657859810384,0.0219120072810155,3
0.6800531796268761,1.1071263539445808,0.42707317431770475,3
0.8784629816319998,0.997315185176171,0.11885220354417125,3
0.7885052640822605,1.039959055147825,0.25145379106556454,3
0.9992547113936806,0.9746797934230107,-0.024574917970669907,3
0.7554101539932431,0.9889510787316672,0.23354092473842414,3
0.8852660734103514,1.08183766519942,0.19657159178906858,3
0.8031137799728946,0.8153267973058455,0.012213017332950882,3
1.0171669651898434,1.016518852192121,-0.0006481129977224942,3
1.0008641407306413,0.8825984478950283,-0.11826569283561306,3
0.6279554685363112,1.107706926755052,0.47975145821874066,3
0.6522663521723453,0.8148144345848791,0.16254808241253382,3
0.7563701994243444,1.0453163966316483,0.28894619720730397,4
0.8688537334645258,0.9169843341342071,0.048130600669681334,3
0.844015950182781,1.0163236569950487,0.1723077068122677,3
0.9987633001728087,1.0112869962227564,0.012523696049947741,3
1.0484194144128511,0.9406809449208934,-0.10773846949195776,3
0.8946911901718807,0.9666967793058476,0.07200558913396693,3
0.7107789043408612,0.9233424057920361,0.21256350145117486,3
0.8640478991850965,0.9571489956052716,0.09310109642017506,4
0.9615495848025354,1.0388053374434074,0.07725575264087203,3
0.8510796187564602,0.9956915248958769,0.14461190613941666,3
0.8185357650044583,1.036171059891171,0.21763529488671274,3
1.0147587320886107,0.9913995702914902,-0.023359161797120498,3
0.6022227083365749,1.1570927241751505,0.5548700158385756,3
0.9615451567717042,0.9517003692792931,-0.009844787492411022,3
0.8766485210818021,0.9494047830931687,0.07275626201136653,3
0.9796027158043692,0.9583903658077444,-0.021212349996624802,3
0.7990185331898795,1.0739609377356878,0.2749424045458083,3
0.9752711372405743,1.0535806669730021,0.07830952973242777,3
0.34165209727562956,0.7075073742111779,0.36585527693554837,3
0.6798779448737585,0.7818600143972021,0.10198206952344357,3
0.2945304535025524,0.8345190610427098,0.5399886075401574,3
0.755740258158441,0.9570880076708765,0.2013477495124355,3
0.6305630227818221,1.084096017894801,0.45353299511297884,3
0.9411696278033966,0.9384844512813544,-0.002685176522042254,5
0.894059569282317,1.0010106832141137,0.10695111393179668,3
0.8262811423806763,1.087118791839669,0.2608376494589927,3
0.672966710881659,1.0062822473731872,0.3333155364915281,3
0.7037116429788953,1.030074773501522,0.3263631305226268,3
0.9877393260874016,1.0889738487853662,0.10123452269796462,3
0.9430270124828839,1.110389925739152,0.16736291325626818,3
0.9979719064722222,0.9473600511299216,-0.050611855342300616,3
0.9179474169862646,0.9962325036127219,0.07828508662645728,3
0.8375954054833037,1.0643993369019356,0.22680393141863187,3
0.8906166091394204,0.8098940501992845,-0.08072255894013591,3
0.7443954085535296,1.022975689057006,0.2785802805034765,3
1.0590146046190854,0.9212553205013105,-0.13775928411777483,3
0.8363624219165383,1.0003974065543477,0.1640349846378094,3
0.7263211401054894,1.0107892018595748,0.28446806175408534,3
0.6948391824350857,0.89923110790224,0.20439192546715435,3
0.6320424423507018,1.0228303750915693,0.3907879327408674,3
0.7595418589125459,1.0097052786937577,0.2501634197812118,3
0.847858072256104,1.0818267177513163,0.23396864549521235,3
0.7427774687661832,0.8499119397181998,0.10713447095201656,3
0.43100259272407615,1.0208118577449747,0.5898092650208986,3
1.097884184162333,0.9837319471542368,-0.11415223700809618,3
0.7892476011479299,1.060881150107043,0.27163354895911307,3
0.8465108630333249,0.9359141517788778,0.08940328874555292,3
0.9271059434669668,1.0628682563411198,0.13576231287415297,3
0.7139280782145688,1.0378330733188155,0.32390499510424664,3
0.672444744818488,1.0698446749933874,0.3973999301748994,3
0.92002770813233,0.8648525057341839,-0.055175202398146106,3
0.8986696483299337,0.9093299091886273,0.010660260858693649,3
0.8008478305874118,1.105227804511205,0.3043799739237931,3
0.7895435751463347,1.1275288896714624,0.3379853145251277,3
1.020641668132438,1.0797480588325676,0.059106390700129685,3
0.8186184051599095,0.7941965313562452,-0.02442187380366423,3
0.6650427299084214,0.7241645433105811,0.05912181340215972,4
0.8598154209056086,1.0576542042605341,0.19783878335492555,3
0.8163115962469697,0.9577214811398254,0.14140988489285566,3
0.9242314740335731,1.0010983357752852,0.07686686174171209,3
0.9015193077977076,0.9434067074072994,0.04188739960959176,3
0.9849158726330908,0.8577820250500299,-0.1271338475830609,3
0.6703897221199063,1.084837539719419,0.41444781759951266,3
0.6257812135149141,1.0925713269215351,0.466790113406621,3
1.1913388376789382,1.0227626489113215,-0.1685761887676167,3
1.014074188255451,0.9758521212974124,-0.038222066958038536,3
0.7326038298999334,0.9363409037712066,0.20373707387127316,4
0.9117770076992918,0.9871513816066226,0.07537437390733082,3
0.8630635587800362,0.9927794810720304,0.12971592229199425,3
0.894080966265116,0.989147484942467,0.09506651867735094,3
0.7756927333751594,1.1285657351276839,0.35287300175252445,3
0.5780835988864713,0.9762138402251479,0.3981302413386766,3
0.9197508285952202,0.9469426941798889,0.027191865584668684,3
0.7334657790215153,0.9477532098850044,0.21428743086348911,3
0.6121675832739779,1.09841590819783,0.48624832492385206,3
0.9424060784142149,0.9412161217540806,-0.001189956660134217,3
1.037237878212112,0.9458607747367741,-0.091377103475338,3
0.8415976272653517,1.0510278569103162,0.2094302296449645,3
0.5298721431292195,0.8565833670525349,0.3267112239233154,4
0.4307814493486383,1.0738342846810995,0.6430528353324612,3
0.7734076416748065,0.9119886142082679,0.13858097253346147,3
0.879222055045952,1.1125827605390386,0.23336070549308663,3
0.9639682056448495,0.9921524122848945,0.02818420664004495,3
0.8086552353165668,1.035799486383602,0.22714425106703517,3
0.8740326718356362,1.019414983777155,0.14538231194151874,3
0.893063495527711,0.9020138788732026,0.008950383345491586,3
0.9696837964576682,1.077106216572276,0.10742242011460779,3
1.0280572055518875,1.0086611816898832,-0.01939602386200434,3
0.46910528712862004,0.9407819036524451,0.47167661652382503,3
0.9248164777129344,1.0131497231718214,0.08833324545888699,3
0.7730657322636661,0.842154058913392,0.06908832664972586,3
0.7241812737867979,0.9536254349633824,0.2294441611765845,3
0.8034894742423928,0.9599386795687384,0.15644920532634554,3
0.5095681635072681,0.9537604833495029,0.44419231984223484,4
0.9109294973558699,1.038906448613334,0.127976951257464,3
0.9099756223214042,0.9931987968114928,0.08322317449008865,3
0.7115961885476343,0.8479085114639628,0.13631232291632855,3
0.9079508993888032,0.9618163458379294,0.053865446449126164,3
0.9140532734725691,0.9917506760585791,0.07769740258600999,3
0.6013261619086898,1.033393431126519,0.4320672692178291,3
0.9691884661289322,1.0340585318576903,0.06487006572875809,3
0.8110037735771742,1.0898218817791108,0.27881810820193653,3
0.8981880263830049,0.9485250589052425,0.050337032522237646,3
0.696302493656314,0.9299653157220636,0.23366282206574962,4
0.8720044198487247,1.1132071476997887,0.241202727851064,3
0.756245040525434,0.7320133580385451,-0.024231682486888895,3
0.9602584430787584,1.011408899510969,0.0511504564322105,3
1.0081091897312902,0.9914422930233734,-0.016666896707916767,3
0.8050007488877009,0.845503611761294,0.04050286287359306,3
0.4763759951896552,0.8215948049281101,0.3452188097384549,3
0.7533105673939584,0.8734368054099523,0.12012623801599387,3
0.8029011051309896,0.8777451854375193,0.07484408030652978,3
0.9854570732845379,0.9464282215563115,-0.039028851728226455,3
0.9355037882060805,0.9841489823093793,0.04864519410329882,3
0.6560141219764231,0.7285588105245664,0.07254468854814333,4
0.5490198569986776,0.8799587006750796,0.33093884367640203,3
0.9960947368432875,1.0464964446796798,0.05040170783639231,3
1.0579435683765879,0.96905093646174,-0.08889263191484786,3
0.7143451294820635,0.7741971022565055,0.059851972774441986,3
0.920677386020733,1.0339763065217373,0.11329892050100432,3
0.3854324512692293,0.8352918137875243,0.44985936251829495,5
0.7516270857887785,1.0376724400501245,0.28604535426134603,3
0.8412470182443395,1.1076752433575079,0.26642822511316844,3
0.9023749894751021,1.0524099368502013,0.15003494737509926,3
0.769131994009497,0.8197448115890426,0.0506128175795455,3
0.8105380357416985,1.0307900733120552,0.22025203757035672,3
0.5696601599809801,0.6252852259252908,0.055625065944310714,3
0.8410802596508233,0.9657596017012021,0.12467934205037878,3
1.0827991898455394,1.02524715630587,-0.05755203353966931,3
0.6172436164108949,1.1221330873420934,0.5048894709311985,3
0.9054811578705984,0.8710622741424944,-0.03441888372810398,3
1.0337430477074232,0.9991901471677822,-0.034552900539640996,3
0.9632900877929587,1.0225206571717211,0.059230569378762477,3
0.9640993050702122,1.0492219649615584,0.08512265989134615,3
0.7306332654181247,1.104396978874251,0.37376371345612625,3
0.8062715756964952,1.0008651923141199,0.19459361661762464,3
1.0771494537528599,1.0049185954278905,-0.07223085832496934,3
0.9939588821233288,1.0417650724302079,0.04780619030687905,3
0.8787796423157765,0.9568654609136574,0.07808581859788088,3
0.8597080894073629,0.9835640489317863,0.12385595952442341,3
0.5436302775492906,0.7940620731173677,0.25043179556807704,3
1.0380153186410355,0.9258245710265018,-0.11219074761453363,3
0.7435785655121949,1.0253948939208823,0.2818163284086874,3
0.6202947053354683,1.0125345548947708,0.3922398495593026,3
0.7290017944408029,1.074750974008813,0.3457491795680101,3
0.3162544119900148,0.6230267989400697,0.30677238695005493,3
0.7997447135551234,1.0177717041471657,0.21802699059204222,3
0.9871455043248302,1.0215520616574347,0.03440655733260456,3
0.1518940301130983,0.652095788639353,0.5002017585262547,3
0.9222356924201294,1.0179487944482624,0.09571310202813299,3
0.5678769967500176,0.9669448001676111,0.3990678034175935,3
0.6972539278181984,1.0243687150661498,0.3271147872479514,3
0.8406917461086192,0.9951945564490151,0.15450281034039592,3
0.9467987168501498,1.0354657664793132,0.08866704962916339,3
0.7722676223494438,1.089669567839597,0.3174019454901531,3
0.997126331446708,0.9841100058394796,-0.01301632560722843,3
0.8727037837480037,1.0891195765649724,0.21641579281696866,3
0.5929600198607323,0.8161418514631412,0.2231818316024089,3
1.3215749809414652,0.818928855440344,-0.5026461255011212,3
0.8627705917241302,0.9523846781149462,0.08961408639081603,3
0.7646776138284577,1.03111189352947,0.2664342797010124,3
0.7709976213653136,0.8139072196215535,0.04290959825623997,3
0.7143863322881324,0.9893972928392186,0.2750109605510862,3
1.0414590968294195,0.9817660427510753,-0.05969305407834424,3
0.8108160542873285,0.907885931845055,0.09706987755772645,3
1.003996317858806,0.974121093048517,-0.029875224810289036,3
0.6740785376493521,1.0372492180500905,0.3631706804007384,3
0.7580067722730999,1.1162758004793325,0.35826902820623263,3
1.0613900732328725,0.9692172522300538,-0.09217282100281865,3
0.6160933791457828,1.0657558936749028,0.44966251452912,3
0.856070658345357,1.093671255045368,0.237600596700011,3
0.9784739712641918,0.9380106360532947,-0.04046333521089707,3
0.6834585966933557,0.8015220948982842,0.11806349820492845,3
0.8007760348912265,1.0004082814489454,0.19963224655771894,3
0.9576306124622781,1.0548194685324266,0.09718885607014849,3
0.7258436440207613,1.0610936546557472,0.33525001063498594,3
0.7334939205726734,0.9374307821310947,0.20393686155842128,3
1.0223312718493653,1.0646928837726426,0.042361611923277254,3
0.8040385350676554,0.8146580367623057,0.010619501694650313,3
0.9496866487584071,1.0264231476689463,0.07673649891053913,3
0.7447804987344837,1.0425206335859025,0.2977401348514188,3
0.5302707237816363,1.028577273922173,0.4983065501405367,3
0.9205964166972723,0.9496384513117604,0.029042034614488066,3
0.8445109569788123,0.9834601391202252,0.13894918214141294,3
0.8753728593312091,0.998000469439536,0.1226276101083269,3
0.9540568435033719,1.0608089452734468,0.10675210177007488,3
0.49338571457615793,1.0851616545634177,0.5917759399872597,3
0.6028744355159876,0.7676759166829795,0.1648014811669919,3
1.0012290864502058,0.9914316213512272,-0.009797465098978608,3
0.7695524550147378,0.8212601204557382,0.05170766544100036,4
0.749320327522599,0.9168926265244653,0.16757229900186632,3
0.6692678636244007,0.9221442961444126,0.2528764325200119,3
0.8818403728117682,0.989122549383669,0.10728217657190076,3
0.6894701660908655,0.9844464942093698,0.29497632811850427,3
0.397923515573193,1.035139351852273,0.6372158362790799,3
0.8819468490688039,1.0819656755490823,0.20001882648027836,3
0.5216053596171344,1.0130387417551114,0.49143338213797705,4
0.8225074276810387,1.0375046129141288,0.21499718523309008,3
0.7768921672336567,1.1268774227713805,0.34998525553772375,3
0.791087069175554,1.1379320722978261,0.34684500312227207,3
0.9344303869358888,1.0498234770393786,0.11539309010348986,3
0.6586523898949896,0.8860523900989623,0.22740000020397266,3
0.9537612047223866,0.8967423135952093,-0.057018891127177285,3
0.969384082771438,1.0130728384188612,0.04368875564742325,3
0.8774007241848876,1.017881862824022,0.14048113863913447,3
0.9145269217839888,1.0223788122040878,0.10785189042009902,3
1.0425455397360666,0.9808883725188668,-0.061657167217199715,3
0.7611104983386927,0.897786121015597,0.13667562267690425,3
0.794847499351686,0.9756413343661471,0.1807938350144611,3
0.8077144769783431,0.9817373725301511,0.17402289555180805,3
0.9617213227803096,0.8561259498676858,-0.10559537291262389,3
0.9431908434687555,0.8806328058321522,-0.06255803763660328,3
0.9128583165483861,1.1241051698546203,0.21124685330623416,3
1.1336006247703214,0.9604773029581961,-0.1731233218121253,3
0.8741338518213345,1.0657827482937603,0.19164889647242578,3
0.7484068637966228,0.7929945646998732,0.04458770090325037,3
0.7727141643534724,1.0671646102424401,0.29445044588896774,3
0.7300718118362306,1.0438431940167214,0.31377138218049083,3
0.7864178846665858,0.9649340108323553,0.1785161261657695,3
0.9028783337826037,0.9514794604922738,0.048601126709670095,3
0.84940546033944,1.167640623124393,0.318235162784953,3
0.9754473116563493,1.0700060164153533,0.09455870475900396,3
0.9883717356008097,0.9718470621559071,-0.016524673444902604,3
0.6711605348121048,0.8010880692037899,0.12992753439168514,3
0.9439917297432483,1.0321592073074388,0.08816747756419052,3
0.7040986057840645,0.9849691651671503,0.2808705593830858,3
0.9367560639397386,0.9562208980948113,0.019464834155072608,3
0.7881808294281605,1.0080123753758419,0.2198315459476814,3
0.7920358402378548,0.7327968608805673,-0.0592389793572875,3
0.9212638529581463,1.0229542456246996,0.10169039266655333,3
0.9209069332282743,0.9468143823297966,0.025907449101522317,3
0.8672965782983092,0.949356238160898,0.08205965986258879,3
0.9319621640082107,0.9903489480649963,0.058386784056785546,3
0.7587306769299622,1.1765304282968228,0.41779975136686054,3
1.005098063392259,1.0275987000715696,0.02250063667931057,3
0.861343546429162,0.8601060583249585,-0.0012374881042035435,3
0.6685053247162278,0.9578946538309981,0.28938932911477033,3
0.8905323782123041,0.895177632235382,0.004645254023077916,3
0.9442178066899353,1.0283575676997463,0.08413976100981102,3
1.0456831103784978,0.9863458237629846,-0.059337286615513185,3
0.6770600155944165,0.9995291170352264,0.32246910144080987,3
0.5344098788374112,0.9472081416672692,0.412798262829858,3
0.8752624627984328,0.9575121135409669,0.0822496507425341,3
0.4909730384896553,0.8268900183757194,0.3359169798860641,3
0.6900657885622348,0.8313723142146117,0.1413065256523769,3
0.722780764228584,0.9748428707278345,0.25206210649925054,3
0.7273815292328155,0.9139043816699957,0.18652285243718014,3
0.8084533596738359,1.0318557567412538,0.22340239706741793,3
0.7607794996550256,0.8525128789216422,0.09173337926661662,3
0.8181405212038579,1.092231207011928,0.27409068580807006,3
0.8550332252871844,0.9149274211574256,0.05989419587024125,3
0.8680599079851516,1.0776119617413678,0.2095520537562161,3
0.5287472870230888,0.7934582882889517,0.2647110012658629,3
0.8983691520320838,1.111015360063249,0.2126462080311653,3
0.8706130756137008,0.7066355138223247,-0.16397756179137613,3
1.0933579864332925,0.9927157873515915,-0.10064219908170102,3
0.7208960105624524,0.8376755423913187,0.11677953182886625,3
0.6497707549773183,1.0504622337494283,0.40069147877211,3
0.7747893149631755,0.8452743492487702,0.07048503428559472,3
0.5736570456933547,0.9183405861665754,0.3446835404732207,3
0.8383442367327272,0.8219153511755434,-0.016428885557183803,4
0.8640250044619282,1.0686001072919253,0.20457510282999714,3
0.9252187973173711,1.0599989601165218,0.13478016279915073,3
0.6843550572243515,0.9261967717188369,0.24184171449448533,3
0.9526052114985404,1.052365985942851,0.09976077444431053,3
0.8051729272662465,0.8211923450454639,0.01601941777921745,3
0.6595638052586512,0.9648827108989682,0.30531890564031694,3
0.9396377929173538,0.9991163513809905,0.0594785584636367,4
1.0005419844307397,0.8587017420017407,-0.14184024242899906,3
0.8804848816314875,0.9760740123126579,0.09558913068117036,3
0.8232054014830175,1.0852260390335562,0.2620206375505387,3
0.7285424679153614,0.9635334602958385,0.23499099238047716,3
0.42585777689344795,1.1035926330790078,0.6777348561855598,3
0.881071268009187,0.9583858215283249,0.07731455351913785,3
0.8822663407036564,1.094771803624939,0.21250546292128258,3
0.819439753824964,0.871545131835488,0.05210537801052395,3
0.8740489723750806,1.0928533550493773,0.2188043826742967,3
0.9049929712704521,1.0872366164656813,0.18224364519522918,3
0.9073911301054275,1.0493450121573535,0.14195388205192605,3
0.7655591630121285,1.0560169370480696,0.2904577740359412,3
0.5355835751181989,0.8867015624741353,0.35111798735593647,3
0.9810253549495567,1.0590081808207135,0.07798282587115679,3
0.7880051331383864,1.156373042744959,0.3683679096065726,3
0.9550708845285527,1.0731037636099345,0.11803287908138183,3
0.6370573959091073,0.9734126393061028,0.3363552433969955,3
0.7553782235983829,1.127905775548472,0.37252755195008913,3
0.9855055117852526,0.8588417999038664,-0.12666371188138614,3
0.7211162026071668,1.1725872304495295,0.4514710278423627,3
0.7827695422859482,0.897185060523546,0.11441551823759777,3
0.907070568155531,0.9292704825538772,0.022199914398346232,3
0.5186302419737692,0.9946251925552472,0.475994950581478,3
0.9119866688981655,0.9695230566825723,0.05753638778440684,3
0.7056575731428952,0.7239501653769191,0.018292592234023908,3
0.9121880533745139,1.0691444627106115,0.15695640933609756,3
0.8458301766541085,0.8652351187032062,0.019404942049097706,3
0.6874881209002126,1.0545334005200384,0.3670452796198258,3
0.7511293080024142,0.9968273927871449,0.24569808478473076,3
0.823576151513193,0.9860295862006966,0.16245343468750362,3
0.20443604217802025,0.5776757237955008,0.37323968161748056,3
0.9562756633575045,1.0099563812468395,0.05368071788933504,3
0.985070324626445,0.8524748433591753,-0.1325954812672696,3
1.0054152774843328,1.0699318508736941,0.06451657338936134,3
0.9797278030279636,0.9669800420603544,-0.012747760967609212,3
0.9425652340910791,1.0332772607086589,0.09071202661757982,3
0.796159156283299,1.0375272898507697,0.24136813356747067,3
0.949803294207302,1.0225106948485774,0.07270740064127534,3
0.6235608872673232,1.0137802249035595,0.3902193376362363,3
0.7527573627181943,1.0212076207930731,0.2684502580748789,5
0.8975310405176298,1.0320186240415654,0.13448758352393564,3
0.5382800572557631,1.0222493609888503,0.4839693037330872,3
0.8873320202289676,1.0645210173400332,0.17718899711106562,3
0.8914062151041162,0.8706573570079189,-0.02074885809619731,3
0.6408847004952597,1.0518258455321967,0.410941145036937,3
0.8948911063422871,1.077203249814449,0.18231214347216196,3
0.5921270035210796,0.9707606807962428,0.37863367727516317,3
0.8822356566603831,0.8722819210966624,-0.0099537355637207,3
0.7803822135421975,0.999341658208509,0.21895944466631145,3
0.9288400775210908,0.9648586291109817,0.03601855158989098,3
0.09962051759745653,0.3260595779624276,0.22643906036497108,3
0.7647322911239454,0.9151252194432635,0.15039292831931816,3
0.7960880317032728,1.018506225117732,0.22241819341445912,3
0.8529353993320961,1.0495138899362333,0.19657849060413723,3
0.9939676254680382,0.9496057512228205,-0.04436187424521765,3
0.6120128759840918,0.9053805653297156,0.29336768934562374,3
1.1152482858581116,0.923925336795187,-0.19132294906292469,3
0.2887916294367524,0.8695266122432666,0.5807349828065141,3
0.4112759832228737,0.8297214577042554,0.41844547448138175,3
0.842166821604009,0.9753848147472914,0.13321799314328242,3
0.9054438490323855,0.9794021544703801,0.07395830543799464,3
0.9633702220737075,0.907478403972733,-0.05589181810097443,3
0.9571103361189927,1.0620373653525121,0.10492702923351949,3
1.009553724463037,0.8073471704428037,-0.20220655402023335,3
0.7224262274699043,1.0607380498068797,0.33831182233697543,3
0.7338329873670897,0.9350152081430123,0.20118222077592263,3
0.5180985433898432,1.1593627346107456,0.6412641912209024,3
0.9716181117998418,1.0092715982084897,0.03765348640864785,3
0.8011686109496341,0.9014614361142126,0.10029282516457849,3
0.8210503215057908,0.9561135783459163,0.13506325684012543,3
0.6844120926060221,1.074691450224776,0.3902793576187539,3
0.6291785588866393,1.1385992249511498,0.5094206660645105,3
0.7410631299091558,0.8925585195769729,0.15149538966781706,3
0.9486871126343911,1.0095419532817662,0.06085484064737512,3
0.14700145358620598,0.5707744273686125,0.4237729737824065,4
0.6815902270720912,1.0913313170133627,0.40974108994127156,3
0.10096157413042087,0.49060125242428726,0.38963967829386636,3
0.9652004676499417,1.0500126177308509,0.08481215008090914,4
0.8423550181663766,1.0723789152874148,0.2300238971210382,3
0.5945693696905983,0.8415410611512939,0.24697169146069564,3
0.5335911666762444,0.7862926841694832,0.25270151749323877,3
0.6467854126869063,0.9880714723714508,0.3412860596845445,3
0.8846783517935634,0.9165002488419299,0.031821897048366576,3
0.5978969483625516,1.1373533628987056,0.539456414536154,3
0.9422706058762031,1.0322254065715377,0.08995480069533457,3
0.9115165302783008,0.9861450021396523,0.07462847186135146,3
0.4278301578938142,0.7655323386259256,0.33770218073211145,3
0.8344073346838639,0.8379559550708011,0.0035486203869372623,3
1.0071877891768772,1.0477884652085012,0.04060067603162398,3
0.8198275731569407,1.0964123461615922,0.27658477300465156,3
0.6193051398557436,1.1832206465458026,0.563915506690059,3
0.9375408796675087,0.9410146964441595,0.0034738167766508177,3
0.39328702323718395,0.7613079373120245,0.36802091407484055,3
0.8203585874725752,1.059570524036428,0.23921193656385276,3
0.8181475245499609,0.9905743145318432,0.17242678998188232,3
0.9204389630034708,1.0492093568708682,0.12877039386739741,3
0.4325130818569949,1.0854899601125856,0.6529768782555907,4
0.858908186439971,1.0053621272827755,0.1464539408428045,3
0.9591088911054458,0.9637898561276946,0.004680965022248795,3
0.8496702377681628,0.8275967839734524,-0.022073453794710374,3
0.8447242555717572,1.120824923831238,0.27610066825948076,3
0.6395674730384393,0.9485711848552753,0.30900371181683595,3
0.7395876573019453,0.806691037690233,0.06710338038828767,3
0.6438391924723741,1.0561255371074239,0.41228634463504976,3
0.6696585828397155,0.7202179461988416,0.05055936335912614,3
0.5737029871038662,0.932084427562411,0.3583814404585448,3
0.41379751501095957,0.8424498885876065,0.42865237357664693,3
0.6070625969281833,0.8851794945679717,0.2781168976397884,3
0.42342231812196457,0.6619689064827835,0.23854658836081893,3
0.7691850232013876,1.0549500896943693,0.2857650664929817,3
0.9053281239316147,0.9137136259022849,0.008385501970670228,3
0.8061871434236584,0.9858842026058134,0.17969705918215506,3
0.6675136188101585,1.0384781100716154,0.3709644912614569,3
0.46888451415815674,0.9919000859863528,0.5230155718281961,3
0.7970355138885439,0.9371440205638368,0.14010850667529295,3
0.7395122401444223,0.9579490130223306,0.2184367728779083,3
0.9728679936187028,1.0767358557965365,0.10386786217783373,3
0.9530114674371546,1.033555159956163,0.08054369251900839,3
0.6122008598070316,1.0134451438406855,0.40124428403365386,5
0.7703678552832277,1.0290921575568157,0.258724302273588,4
0.6757331592329684,0.9517198714599889,0.27598671222702054,3
0.8115697760452281,1.1179458455416857,0.3063760694964577,3
0.6400722163824428,0.9099677357542824,0.26989551937183953,3
0.8736819563661313,1.1174877938116776,0.2438058374455463,3
0.9337113464041787,0.8224670764262637,-0.11124426997791503,3
0.9742488584239672,1.0159967581526794,0.04174789972871218,3
0.8042616905453874,1.0000465143279356,0.19578482378254813,3
0.5133482961298229,0.9423144565586312,0.4289661604288083,3
0.46277105898363075,0.972652448097436,0.5098813891138052,3
0.3537331807901615,0.9073581926092951,0.5536250118191335,3
0.9773301231875804,1.005506248150839,0.02817612496325861,3
0.7628931390866553,0.8458682547198932,0.0829751156332379,3
0.893438129886422,1.0202076111740415,0.12676948128761945,3
0.8874465305494157,0.9887238500673113,0.10127731951789565,3
0.5505646107375827,0.8316982873785549,0.2811336766409722,3
0.8255701607790487,1.0156206210210776,0.19005046024202898,3
0.9090199382100227,1.0333327936530128,0.12431285544299009,3
0.6284220783856418,0.8819511132046844,0.25352903481904265,3
0.8154735509963011,1.0750109589040566,0.2595374079077555,3
0.6399512234387851,1.0240156525317536,0.38406442909296856,4
1.01690498319022,0.9254461096319723,-0.09145887355824767,3
0.9320891032971497,0.9349444885498446,0.0028553852526949086,3
0.9354638626342855,1.0059308728046295,0.07046701017034396,3
0.8235279715874432,0.9482151643845687,0.12468719279712548,3
0.915104586036055,0.9798933774036381,0.06478879136758309,3
0.653258363191987,1.0302920877664645,0.3770337245744775,3
0.5488520711529314,1.2296343293270098,0.6807822581740783,3
0.7934805711175488,0.9381578774137141,0.14467730629616538,3
0.7413655211494813,0.9382855120865715,0.19691999093709023,3
0.9474956358493754,1.0230283934940059,0.07553275764463052,3
0.8839346300276884,0.8881938738372062,0.00425924380951781,4
0.19145313461935473,0.38097131735414164,0.1895181827347869,3
0.7220921722702035,1.1380425458882173,0.4159503736180138,3
1.1589877109508298,0.9858016221480289,-0.17318608880280084,3
0.6605252089028457,0.9092621341738278,0.24873692527098212,3
0.4329537655795847,1.1519098897669802,0.7189561241873954,3
0.8951293310846912,1.1117909852247656,0.21666165414007443,3
0.891417790616757,0.8728340425112803,-0.018583748105476694,3
1.0303823125709364,0.9719798852130079,-0.058402427357928444,3
0.9187207983373842,0.8810818388311586,-0.03763895950622553,3
0.6564275941503965,0.9730550599634148,0.31662746581301826,3
0.8141361451178337,0.9511644081039122,0.1370282629860785,3
0.8034975239033715,0.9327689654722807,0.12927144156890924,3
0.8246763618591826,0.9891409219838047,0.16446456012462207,3
0.7551491324974654,0.9162331442227185,0.1610840117252531,3
0.4739412951756116,0.7031989159351202,0.22925762075950856,3
0.7651457364274098,1.035235135923993,0.2700893994965833,3
1.1218004078891601,0.9574846393752434,-0.16431576851391672,3
1.0466382348412564,1.009814901795571,-0.0368233330456853,3
0.39917485637767997,0.7096709371514413,0.3104960807737613,3
0.36935963988543374,0.7464241384195357,0.37706449853410196,3
0.9144417410819987,1.0576378092560723,0.1431960681740736,3
0.35884568138086564,0.46181758957416225,0.1029719081932966,3
0.5610930357236423,0.9790896652076763,0.41799662948403393,3
0.7968920043094108,0.8868254193890394,0.0899334150796286,3
0.9647169112329171,1.063167556731096,0.09845064549817895,3
0.8258652026557705,1.0423983342853997,0.21653313162962928,3
0.6692735208353398,0.914891232350049,0.24561771151470924,3
0.9552203830512471,0.986514717885299,0.03129433483405186,3
0.8748963430988262,0.9726230343922975,0.09772669129347122,3
0.6899218183597351,0.9911532208641901,0.301231402504455,3
0.9242781369674349,0.8840515032835082,-0.04022663368392665,3
0.8454660329813645,0.9234445073724872,0.07797847439112271,3
0.7062214819889083,1.194250289779998,0.4880288077910897,3
1.0477198710353468,1.0677611209531515,0.02004124991780465,3
0.7024850552112261,0.9646761189364996,0.26219106372527357,3
0.6680794583711703,1.0629378026212788,0.39485834425010846,3
1.0358120690013062,0.9755616474508263,-0.06025042155047988,5
0.9399138357728164,1.0516090099886035,0.11169517421578712,3
0.4727042813129249,0.8552885681522069,0.382584286839282,3
0.9744935360103691,0.9403130627943149,-0.03418047321605422,3
1.0241928995013103,0.9041158517446815,-0.12007704775662886,3
0.9312160880531195,1.0074267753567019,0.07621068730358238,3
0.9169114270551024,0.9453955018090673,0.02848407475396486,3
0.8644879748465519,0.9248408158564875,0.06035284100993554,3
0.8219426605228987,0.9583133737752325,0.13637071325233385,3
0.8890644104327792,0.9015486134903957,0.01248420305761655,3
0.8518824839695425,1.1039488093903935,0.25206632542085106,3
0.7302218815436704,1.0342423490147226,0.30402046747105216,4
0.6412984917055033,1.0987270506362599,0.4574285589307565,3
0.9426168925633731,1.017389851381749,0.07477295881837587,5
0.7039207857872204,0.9662867797481021,0.26236599396088167,3
0.9783820891984619,1.0607322584677754,0.08235016926931349,3
0.5393366500560998,0.786069254733316,0.24673260467721625,3
0.4597117273371946,1.0859801195999252,0.6262683922627306,3
0.2959864755388591,0.7923182706643845,0.49633179512552544,3
0.72346297543374,1.0717209148415503,0.34825793940781025,3
0.4035155884244048,1.1736239071513463,0.7701083187269415,3
0.84712749609735,0.9509595150487617,0.1038320189514117,3
0.5837155311418804,0.781642702678489,0.19792717153660866,3
0.8631657545124914,0.9854870395426568,0.12232128503016537,3
0.7800278184314977,1.0552167958925167,0.275188977461019,3
0.8776315478740734,1.0382477416723845,0.16061619379831116,3
0.41955686534836345,0.8152386909877828,0.39568182563941934,3
0.777680759133125,0.7345019876543264,-0.04317877147879856,3
0.7346884658608318,0.9357388051669935,0.20105033930616167,3
0.8134609030990647,1.0274472622564939,0.21398635915742914,3
1.1473942889900903,0.9946278106908473,-0.15276647829924306,3
0.8809521455726077,0.9944590779831974,0.11350693241058973,3
0.6702241307900966,0.976571361649118,0.3063472308590214,3
0.7297857266206047,0.851145126244498,0.1213593996238933,3
0.3758211842535337,0.8595122881078461,0.48369110385431235,3
0.8163757123102241,1.0945277472575952,0.27815203494737106,3
0.8334921630039595,0.9969634224814486,0.1634712594774892,3
0.8079987092075365,1.0012046758803697,0.19320596667283318,3
1.090159596981081,0.999481156878329,-0.09067844010275194,3
0.7690024383115529,0.8095305600595445,0.040528121747991586,3
1.0080284897671214,1.0992310567344517,0.0912025669673302,3
0.60479023328688,1.0860364356399272,0.48124620235304727,3
0.869212873450804,1.0962230505139356,0.22701017706313165,3
1.019393850675265,0.9943291735152922,-0.025064677159972737,3
0.6231668306228694,1.1295658014070415,0.5063989707841722,3
0.2801861464837661,0.39145914328582543,0.11127299680205932,3
0.45204749468868144,0.9952579791412939,0.5432104844526124,3
0.8329412002662425,1.0949175036571426,0.26197630339090006,3
0.4791500935898739,0.6270644865650279,0.14791439297515396,3
0.6142579537508772,0.9117074307122801,0.2974494769614029,3
0.9165922760047536,0.9232699472730606,0.006677671268306984,3
1.0534690656108698,1.0072717049881532,-0.04619736062271662,3
0.7556293125853344,1.045739284732323,0.29010997214698864,3
0.6303511460656499,0.94345998077326,0.3131088347076101,3
0.8057280006029263,0.8871703083665485,0.08144230776362227,3
0.9668516344908787,0.9534631760307857,-0.013388458460093067,3
0.726312576580099,1.0267234774599379,0.3004109008798389,3
0.6089866825112623,0.8193659966096408,0.2103793140983785,3
0.7009648131516512,0.9690311235772981,0.268066310425647,3
0.6127154464363987,0.868208828972528,0.2554933825361293,3
0.6773156367281352,0.9192545762751703,0.24193893954703505,3
0.677887160091159,1.0463557889843849,0.36846862889322585,4
0.8594572550657946,1.0880155975445234,0.22855834247872875,3
0.6173185650906292,1.105082329992793,0.4877637649021638,3
1.0578726814747634,1.0012845612100811,-0.056588120264682296,3
0.6609530598972619,1.0935763246069388,0.4326232647096768,3
0.772666411827837,1.0278055073936827,0.2551390955658457,3
0.9288851199899143,1.0593648701085165,0.13047975011860224,3
1.006076866605941,1.0513153826047992,0.0452385159988582,3
0.699776502273775,1.0884657801259428,0.3886892778521678,3
0.6342197121759116,0.993376551415074,0.3591568392391624,3
0.9182470365254279,1.0610160724076168,0.1427690358821888,3
0.5292978569051436,0.6905807412085928,0.16128288430344917,3
0.8475185561093844,0.9736801730223492,0.1261616169129648,3
0.6097085143158436,1.1356752211819836,0.52596670686614,3
0.7604621944526501,0.8912871376503823,0.1308249431977322,3
1.041083747953974,1.071181275689972,0.03009752773599783,3
0.8722781418509006,0.9396295785220511,0.06735143667115051,3
0.8162888857593397,0.9860818120929487,0.16979292633360898,3
0.7727869529456745,1.0205894311747883,0.24780247822911383,3
0.9431686436612317,0.8554050705299705,-0.08776357313126115,3
0.9137742747389631,1.1120918710206433,0.19831759628168022,3
0.8531411429613843,1.011468440810281,0.15832729784889665,3
0.7551072222181792,1.1371109047528738,0.38200368253469463,3
0.7775733856998159,1.1400711677552602,0.36249778205544425,3
0.25623335547123194,1.0440403528355444,0.7878069973643125,3
0.913454994862953,0.964799793090215,0.05134479822726201,3
0.7631703464921324,1.0117165661979288,0.24854621970579638,3
0.9386875379221005,0.9641595830751003,0.025472045152999834,3
0.7351396593575786,1.031650644852461,0.2965109854948823,3
0.2602944451419979,0.8240608440793342,0.5637663989373363,3
0.7357543028512082,1.0622993741152182,0.32654507126401,3
0.7466540586618569,1.0888233006957369,0.34216924203388,3
1.021664052969368,1.0294807576221587,0.007816704652790829,3
0.9877723921410909,0.9544132502492909,-0.033359141891800004,3
0.6758737754494879,1.0220739868016901,0.34620021135220225,3
0.6918789025780226,0.7673698764848763,0.07549097390685366,3
0.9916858078573239,0.9735714784692773,-0.01811432938804658,3
0.7394450753636501,1.1005738710399384,0.3611287956762883,3
0.43074251648287093,0.7316686083093816,0.3009260918265107,3
0.7627079325167863,1.0562588765273015,0.2935509440105153,3
0.8285222835265379,1.1282562342949745,0.29973395076843656,3
0.7155204225412246,1.0012204353545198,0.28570001281329516,3
0.8421010400924751,0.9816693291556449,0.13956828906316976,3
0.6480810027011981,1.0489875871778511,0.40090658447665306,3
0.8722607000235518,0.906735186081789,0.03447448605823722,3
0.8467457730886334,1.0230390851501445,0.1762933120615111,3
0.7036538232141714,0.9494054841231643,0.24575166090899292,3
0.4521145597652707,0.5852502364722743,0.13313567670700355,3
0.5403796204844622,0.732813376309386,0.19243375582492384,3
0.6904786260786235,0.926052927464991,0.23557430138636748,3
0.921482244889526,1.025960605198619,0.10447836030909297,3
0.841880474613097,0.925235001836967,0.08335452722387005,3
0.9503680814049569,1.0216666453110341,0.07129856390607725,3
0.6881764159239336,0.9232606279913416,0.23508421206740793,3
0.9025084748619621,0.9334860997913073,0.030977624929345193,3
0.8314938317817391,0.7346146243171219,-0.0968792074646172,3
0.5776173793291829,1.0091199899469603,0.4315026106177774,3
0.6590117110870403,0.9811352660308471,0.32212355494380684,5
0.9230329237710645,1.0230919745412363,0.10005905077017185,3
0.7008527897619746,1.0431370396771649,0.34228424991519024,3
0.7847805514313644,0.8683272170244539,0.08354666559308954,3
0.8707424964424118,0.8721112000096568,0.0013687035672450554,3
0.4686159553801521,0.895400585705888,0.4267846303257359,3
0.6776733416883868,0.7248513128323654,0.04717797114397859,3
0.16461283875657262,0.5075034345623671,0.3428905958057945,3
0.794246606509927,1.0058347459818786,0.21158813947195165,3
0.8383747803542863,1.022887319989414,0.1845125396351277,3
0.9198459524940077,1.1127352531854735,0.19288930069146581,3
0.9032628179672927,1.0754939108074215,0.17223109284012883,3
0.7199267793112697,0.884658359557936,0.16473158024666634,3
0.677024555650942,0.8167750901553409,0.1397505345043989,3
1.0495154547817296,1.000498696239299,-0.049016758542430594,3
0.9699690705203603,1.096492313031709,0.12652324251134872,3
0.9363450704419278,1.0755525089506617,0.13920743850873385,3
1.0185929269345726,1.0053957669943752,-0.013197159940197434,3
0.8858154558922297,0.9066030954957464,0.020787639603516705,3
0.954996126571516,0.9233846611321285,-0.03161146543938753,3
0.7685286132911745,0.962173595621079,0.19364498232990446,4
0.9704198557122736,0.9727019075706812,0.0022820518584075744,3
0.8202021414977466,0.9858244147851926,0.16562227328744594,3
0.7031558700864715,1.1073254760721134,0.4041696059856419,3
0.831814468499139,0.9614195911543426,0.12960512265520363,3
0.6580273226920936,0.7862201847591983,0.12819286206710467,4
0.13711699015659196,0.2773366808618475,0.14021969070525553,3
0.8225694676931119,0.9151841233278525,0.09261465563474058,3
0.9514933175739531,0.9277138646727201,-0.023779452901232956,3
0.9083234583962532,0.954485584073864,0.0461621256776108,3
0.9834134539345596,1.0493259001302035,0.06591244619564396,3
0.7070053013359244,1.0424674692139824,0.33546216787805794,3
1.0880089274133828,1.051157511739779,-0.03685141567360395,3
0.9014407465421913,0.9163612251771106,0.014920478634919299,3
0.7403781344940645,1.1188822870726918,0.37850415257862724,3
1.0541505145844026,1.00131987074803,-0.05283064383637259,3
0.781165975973624,1.0126015113151698,0.23143553534154582,3
1.0071674200345373,1.0109844694681647,0.003817049433627373,3
0.8304562346612733,0.9821643454296166,0.15170811076834334,3
0.9622695768197687,1.062606955733656,0.10033737891388728,3
0.845394654639605,1.1000544566077357,0.25465980196813076,3
0.9645435352005723,0.936300558403709,-0.028242976796863384,3
1.0123347127510725,0.9856301624783812,-0.026704550272691252,3
0.977972252291612,0.9385980655186646,-0.03937418677294735,3
0.6931817698940806,1.0525246259641057,0.35934285607002503,3
0.9124050966464269,1.0640286743980547,0.15162357775162782,3
0.974205691224136,1.0175500075838964,0.043344316359760326,3
0.6948373717343357,1.0381141869315205,0.3432768151971848,3
0.4719707460544509,1.0044371521781783,0.5324664061237274,3
0.48163502504774697,0.7901499669109623,0.3085149418632153,3
1.0169886835543078,1.0360784626027661,0.019089779048458322,3
0.9855259643126137,1.0012739228285692,0.01574795851595545,3
0.09724697953418586,0.40443311773942825,0.3071861382052424,3
0.9829736671521129,1.0073929256234944,0.02441925847138149,3
0.7028361096706134,0.9315329535154501,0.22869684384483668,3
0.578143913762743,1.0246059363600915,0.44646202259734846,3
0.5393427352309131,0.7499437780682983,0.21060104283738512,3
0.721149353270232,0.8599078663031982,0.13875851303296616,3
0.6271039506406898,1.1162489331074334,0.48914498246674365,3
0.41479685877306816,1.0166817537893416,0.6018848950162734,3
0.6731556852836611,0.8793912190833962,0.20623553379973514,3
0.9402501288277825,1.0469676587718384,0.10671752994405592,3
0.9651180744937651,1.0000198874665744,0.034901812972809365,3
0.8238158653503745,1.1468841918810915,0.32306832653071693,3
0.7077309279066708,1.0662262971066099,0.3584953691999391,3
0.8320967615911697,1.0018074165251227,0.169710654933953,3
0.8959722572417715,0.8911025232031138,-0.004869734038657758,3
0.6749933286491343,1.0583860292893752,0.3833927006402409,3
0.5302294468439999,0.7872730919785554,0.2570436451345556,3
0.9007308232985403,1.0266935127677281,0.12596268946918787,3
0.5446686261097708,0.7616699521690412,0.21700132605927036,3
0.7930308524398989,0.9942577227908311,0.20122687035093223,3
0.7903791622478625,1.108489198254622,0.3181100360067596,3
0.9742669393007404,0.9972160703134059,0.02294913101266549,3
0.9526651403296282,1.0257085584432808,0.07304341811365256,3
0.9673429781654365,0.8894594642309055,-0.07788351393453097,3
0.8032912435221504,0.9180188169343471,0.11472757341219664,3
0.6016511673094586,1.0345370829809262,0.4328859156714676,3
1.0437234074822994,1.0382165904395129,-0.005506817042786549,3
0.7765635272325417,1.1363767659108142,0.3598132386782724,3
0.9709094028936944,1.0967152879457112,0.12580588505201673,3
0.9122653600269166,0.9489235140513184,0.03665815402440176,3
0.8736545881729125,0.9120497263952562,0.03839513822234364,3
0.7653699493190447,1.0378939471788378,0.2725239978597931,3
0.893148331879795,1.032055956284498,0.13890762440470295,4
0.8585760408902796,0.9851666410753561,0.1265906001850765,3
1.022834411999272,1.0504470124300291,0.027612600430757084,3
0.7249083342059942,1.0680923478763957,0.3431840136704015,3
0.6900791458157193,1.1224193685057706,0.43234022269005135,3
0.8659160425785072,0.9326903852664639,0.06677434268795668,3
0.9763710468325009,0.9982531312833812,0.021882084450880357,3
0.7478232474535184,0.9792571747007377,0.23143392724721934,3
0.6686303432828966,1.0064793343498168,0.33784899106692023,3
0.9397629865507058,0.9243112562510332,-0.015451730299672617,4
0.2848627608078645,1.3728789406357256,1.0880161798278611,3
0.6817592379540556,0.7885870517380443,0.10682781378398876,3
0.8043681095012662,0.914809163700224,0.11044105419895778,3
0.9611708274497512,0.9508727595898199,-0.01029806785993137,3
0.6765908463956594,0.8888648219341689,0.21227397553850957,3
0.7720345777705271,1.0965634251265262,0.3245288473559991,3
0.9598405595982308,1.0707138580703495,0.11087329847211869,3
0.7751123807662843,1.0427997599277576,0.26768737916147334,3
0.5290185408947696,0.9567797080019252,0.4277611671071556,3
1.024784703230862,1.063750217281548,0.038965514050686156,3
0.8303382902145211,0.9882419385100667,0.1579036482955456,3
0.9062130183542989,0.951299546859526,0.0450865285052271,3
0.8625769509989296,0.9248199907668754,0.06224303976794576,3
1.0576876376139226,0.9850983874532071,-0.07258925016071549,3
0.9588903487684892,1.0581787541338523,0.0992884053653631,3
0.8141659300877199,1.098238965827132,0.2840730357394122,3
0.8547561523296103,0.9824176118825669,0.1276614595529566,3
0.5817168143388382,0.9495858193971614,0.3678690050583232,3
0.7170476079962753,1.0404492090134057,0.32340160101713034,3
0.9968166687309634,1.0170753508291344,0.020258682098170944,3
0.9060114607599281,0.8567919719134431,-0.04921948884648497,3
0.9719338493494707,0.9396559377788026,-0.03227791157066806,3
0.09115616802254527,0.3174767021783594,0.2263205341558141,3
0.9413586869984861,0.962706728483813,0.021348041485326874,3
0.5177921993539759,1.0203598981449526,0.5025676987909767,3
0.4695152550075268,0.8993904314164238,0.42987517640889705,3
0.3428753718321216,1.066776411637254,0.7239010398051324,3
0.6766693914635528,0.8437287152136627,0.1670593237501099,3
0.570476798138202,1.069771283915783,0.49929448577758095,3
0.8802066664230779,0.9788242711387681,0.09861760471569025,3
0.6933413086064113,0.9838214497851929,0.2904801411787816,3
0.949146828556869,0.9300730343076117,-0.01907379424925737,3
0.45362423134862745,0.9289531439115942,0.4753289125629668,3
0.8683115507759274,1.031320404781408,0.1630088540054806,5
0.8267222229030573,1.097967501230198,0.2712452783271406,3
0.7319651771674753,1.009278109953903,0.27731293278642766,3
0.7882526857820142,0.8986172920159495,0.11036460623393529,3
0.7243915699684257,1.0858882516101676,0.36149668164174187,3
0.4834294438001659,1.0173223884445313,0.5338929446443654,3
0.30727044904181444,0.5337737931204319,0.2265033440786175,3
0.5105696881892673,0.8798905314967068,0.36932084330743953,3
0.12580858311547757,0.502163596078403,0.3763550129629254,3
0.9049717854452805,0.9482045422423699,0.04323275679708949,3
0.9844133751366075,1.0235675596102491,0.03915418447364161,3
1.024342793104395,1.0475324436337154,0.023189650529320538,3
0.8082047099587061,0.8997852343020841,0.09158052434337804,3
0.7136808005011009,0.6990054703296648,-0.014675330171436185,5
0.8719396021570427,0.9931625097034923,0.1212229075464496,3
0.8611370779884935,0.8166009845342581,-0.04453609345423537,3
0.739187275427104,1.0094566206489466,0.27026934522184254,3
0.4796888587724242,0.5397068328007442,0.06001797402831999,3
0.9275443548042266,0.969701387094549,0.042157032290322416,3
0.9338433627139997,0.9772163431793279,0.043372980465328226,3
0.27063211859621367,0.33329224876437746,0.0626601301681638,3
0.8040388489413868,0.968072963759172,0.16403411481778518,3
0.5809272698830602,1.020643360226124,0.4397160903430638,3
0.9102906598199405,0.9371573976185413,0.026866737798600826,3
0.3206550780623236,0.5234706119374446,0.20281553387512102,3
0.6064730721361843,0.9146685539917261,0.3081954818555418,3
0.8479194746569355,0.884027649166643,0.03610817450970749,3
0.9754145375713594,1.0522418891871397,0.07682735161578025,3
0.8909342496729185,1.0496093737825234,0.15867512410960494,3
0.916226407557412,0.9922729829861312,0.07604657542871918,3
0.9202043734287115,1.0223337544653495,0.10212938103663793,3
0.6188957675848246,0.8229101358308445,0.20401436824601993,4
0.9574341145610802,1.09774825539044,0.1403141408293599,3
0.890500981920212,0.9689917088537836,0.07849072693357162,3
0.9304174352694917,1.0544834003561196,0.12406596508662793,3
0.7280978615616059,0.8803257052626543,0.15222784370104836,3
0.9246282401853412,1.09324175004085,0.16861350985550883,3
0.9621898058496634,0.9209464369670971,-0.0412433688825663,3
0.7146159324711795,1.0540143677092089,0.3393984352380294,3
0.7227629198766496,1.117269316054187,0.39450639617753724,3
0.8937303898908354,0.988342182444541,0.09461179255370555,3
0.7443832371521987,1.057204347944442,0.3128211107922433,4
0.9212661592050708,1.0049867363846214,0.08372057717955061,3
0.7218981794478518,1.0819752851152602,0.36007710566740836,3
0.6631842491394545,0.7730679792335021,0.10988373009404762,3
0.6496922885648936,0.8696146741341422,0.2199223855692486,3
0.4697718121651466,0.9456442465130004,0.4758724343478538,3
0.9679556217183571,1.0105240792196735,0.042568457501316326,3
0.8367767484905118,0.9143970649889909,0.07762031649847911,3
0.6897915606679452,0.9467436569613078,0.2569520962933626,3
0.8541531692965203,0.9602143427510983,0.106061173454578,3
0.5945158798711923,0.8321073065640212,0.23759142669282896,3
0.7047462705748513,0.9158663321883156,0.2111200616134643,3
0.6619942147234932,1.0824820208220007,0.42048780609850755,3
1.0387338665949932,1.040317453121117,0.0015835865261237814,3
0.7851786731927992,1.0362483778664682,0.25106970467366896,3
0.7270180226228482,0.9732231575450679,0.24620513492221974,3
0.6990822705100191,0.9874943347238517,0.2884120642138326,3
0.8609133122761166,0.9851218083786382,0.1242084961025216,3
0.4945272922829984,0.8863279932412528,0.39180070095825437,3
0.7843756286132146,0.9464874273725128,0.16211179875929815,3
1.101160367439864,1.0506422722669408,-0.05051809517292316,3
0.8412423323453322,1.0427963125707342,0.20155398022540205,3
0.8005642023127818,0.9153863769706453,0.11482217465786348,3
0.7934982607649232,0.9786914783084173,0.18519321754349405,3
0.6464675792154146,0.9323511959996137,0.28588361678419905,3
0.7835902044140821,0.9611582164218408,0.17756801200775874,3
0.8618038334229352,1.0741306090988916,0.21232677567595637,3
0.8678329952852062,0.9831869294703924,0.11535393418518625,3
0.5363397154337095,0.6907080059370043,0.1543682905032948,3
0.7872241647735547,0.9489658475932954,0.16174168281974066,3
0.8840158643934863,1.071609094920675,0.18759323052718857,3
0.6952451513327871,0.8294267497444763,0.1341815984116892,3
0.9943830578231662,0.9347101569802663,-0.05967290084289989,3
0.7890757566228921,0.9956010507017995,0.2065252940789074,3
0.9429513575899887,0.9577488118863943,0.014797454296405554,3
0.7016751650766089,0.9796852559030839,0.278010090826475,3
0.9404517762347786,1.0441628818404411,0.10371110560566255,3
0.9864333898948057,1.000372659398023,0.013939269503217222,3
1.1465765687159104,0.9819876498094533,-0.1645889189064571,3
0.5894018724931311,0.8886953104058848,0.29929343791275365,3
1.1652588018775272,0.9828037227239378,-0.18245507915358938,3
0.9309680105179529,0.8927064579324828,-0.03826155258547004,3
0.9635197377813502,1.1027164199959054,0.13919668221455517,3
0.9150899726294613,0.9998737670578961,0.08478379442843476,3
0.7788006310494661,1.0279575725577141,0.24915694150824808,3
0.973495006865001,1.0246234332057655,0.05112842634076453,3
0.9805175936586443,1.0064251418020311,0.025907548143386805,3
0.7709899237354849,0.9869748624226495,0.21598493868716462,5
0.06848150398427545,0.8992930481261916,0.8308115441419162,4
0.8099984275402123,1.0125505687085112,0.2025521411682989,3
0.7661185215460762,0.9842860247578227,0.2181675032117465,3
0.449901048224291,0.7649319763094065,0.31503092808511546,3
0.7439201512286728,1.0260585490309841,0.2821383978023113,3
0.8051399952809885,0.9976117325868188,0.19247173730583034,3
0.8867220321575646,1.0185018454574535,0.13177981329988886,3
0.959622706980295,1.014870097872678,0.05524739089238295,3
0.5032830630935045,0.8606475000691665,0.357364436975662,3
0.9433023923269076,0.9803590019863807,0.037056609659473105,3
0.9101660128074621,0.9852017439354628,0.07503573112800066,3
0.7831733187093505,1.0636138752122084,0.28044055650285793,3
0.8656353380840807,0.9955294466954602,0.1298941086113795,3
0.9960099351873802,0.9481790197384143,-0.047830915448965894,3
0.29420033740346213,1.3586363094912575,1.0644359720877954,3
0.6530406034335233,0.9431927590585132,0.29015215562498986,3
0.762247305223497,1.0234236742327727,0.26117636900927566,3
0.5815646172011091,0.9143277111228784,0.3327630939217693,3
1.0135221690771836,0.984006667591079,-0.0295155014861046,3
0.7769555637230943,1.0220973397758937,0.2451417760527994,3
0.99332349324435,1.0105040700932537,0.017180576848903728,3
0.9545960737908348,1.028949932806403,0.07435385901556812,3
0.7496873405945741,0.9155808830959232,0.16589354250134913,3
0.812932056647948,1.0896739494438492,0.2767418927959012,3
0.6958550090202739,1.0835044137693661,0.38764940474909226,3
0.7746267294824127,1.0293823029796563,0.25475557349724354,3
0.529383518369105,0.9996796316324303,0.4702961132633253,3
0.7373969490848158,0.8933986347748679,0.15600168569005213,3
0.8557891920966343,1.0850349492833433,0.22924575718670903,3
0.7907582751904888,1.0783355454888308,0.287577270298342,3
0.9140653170274065,1.0116416284102556,0.09757631138284917,3
0.609917208165881,0.9828555357767133,0.37293832761083223,3
0.9170936596497372,1.0812028179074546,0.16410915825771744,3
0.4871422751755796,1.2035178024885844,0.7163755273130048,3
0.07468139653856302,0.9378605870294806,0.8631791904909176,3
0.7178894975284686,1.0435419937793784,0.32565249625090975,3
0.7680268166465497,0.9479173162546458,0.1798904996080961,3
0.7036612008193276,0.8339564255623564,0.1302952247430288,3
0.428284045772406,0.5295265906309075,0.10124254485850148,3
0.9149466739981799,1.0371098639353598,0.1221631899371799,3
0.9328023981157286,1.0903100745973133,0.1575076764815847,3
0.8336371909730813,0.7383128636381082,-0.09532432733497309,3
0.404263739868048,1.0815838653097811,0.6773201254417331,3
0.384406622128199,1.0641501245192115,0.6797435023910126,3
0.8019546929600381,1.0385680676955367,0.2366133747354986,3
0.9454047875666971,0.9709314904710945,0.025526702904397403,3
0.5016143786577584,0.9521633812894863,0.4505490026317279,3
0.6076930140567485,0.9890849552167401,0.38139194115999164,3
0.9322868521246691,0.8426054754512904,-0.08968137667337872,3
0.7489874597233972,1.0094143192294536,0.2604268595060564,3
0.39340806025067254,0.5522754257002731,0.15886736544960056,4
0.04262146816617442,0.25922584958614636,0.21660438141997196,3
0.47487819390307634,1.2360828073308687,0.7612046134277923,3
1.0940337604516095,0.9925508133688744,-0.10148294708273509,3
0.5850078058507563,0.8532689444717917,0.2682611386210354,3
1.0363623323836137,0.9692869222424303,-0.06707541014118346,3
0.7491147605179685,0.9060700105887755,0.1569552500708069,3
0.2847916930377568,0.8183704798181592,0.5335787867804025,3
0.7850989069158509,0.9677146789323732,0.18261577201652224,3
0.7601253772322835,1.096487526785891,0.33636214955360744,3
0.9000354537121313,0.9995594100093335,0.09952395629720212,3
1.0129351616855984,0.9728320541868738,-0.04010310749872459,3
0.8774668721529819,1.0331412789099363,0.15567440675695443,3
0.3271246529315698,0.4576220474770713,0.13049739454550152,4
0.8150396452872364,0.9692008094528095,0.15416116416557313,4
0.9887052731553585,1.0370334711008506,0.048328197945492146,3
0.4640275151981758,1.04757762412746,0.583550108929284,5
0.8290533780904553,1.0557190193254202,0.2266656412349649,3
0.9832787739591313,0.9854355297236486,0.0021567557645172375,3
0.6749522113187865,1.1210807857198455,0.446128574401059,3
0.7307160580885075,0.7870953984280626,0.05637934033955516,3
0.7563047391648697,0.87300937350891,0.11670463434404021,3
1.0367277872538163,1.0004133317699584,-0.03631445548385792,3
0.3729723176797892,0.9862227937971575,0.6132504761173683,3
0.5628404272448689,0.5725644892054845,0.009724061960615593,3
0.7056787876619106,1.0918823520170378,0.38620356435512715,3
0.8981992543062274,0.9647318535629333,0.06653259925670596,3
0.6272229867497309,1.010689023414071,0.3834660366643402,3
0.7488488999522894,1.0573920702143484,0.308543170262059,4
0.6652386005611133,0.8589303346939976,0.19369173413288432,3
0.8992236295119248,1.1068590566819954,0.20763542717007055,3
0.9221706124940185,0.9188539043762137,-0.003316708117804823,3
0.7453916023711995,1.0829808249734554,0.3375892226022559,3
0.9512880095272789,0.9470717162430253,-0.004216293284253547,3
0.8925622433883116,0.9218634361480911,0.029301192759779493,3
0.7238582410442369,1.0265998282848057,0.30274158724056877,3
0.9362853876882923,1.0652718121335696,0.1289864244452773,3
1.093295808953405,1.080354354865578,-0.012941454087826987,3
0.7050606950121933,0.7940673653944098,0.08900667038221655,3
0.6935982283368053,1.0131208486773697,0.31952262034056444,3
0.8618614646964496,0.9219076436794074,0.06004617898295772,3
0.4735566771739676,1.0003460720212103,0.5267893948472426,3
0.9384765453689898,0.8373205749749179,-0.10115597039407198,3
0.904321880632813,1.0112633693078021,0.1069414886749891,3
0.8233505330212196,0.9615443620847927,0.13819382906357303,3
0.9927385433275968,0.9595658698164925,-0.03317267351110431,3
0.8917538449405911,1.0208351105611393,0.12908126562054822,3
0.9045554308967421,1.052860187418389,0.14830475652164687,3
0.6149783072470503,0.8257145115222817,0.21073620427523143,3
0.8678649000817221,1.0532482523166986,0.18538335223497648,3
0.9894431214103369,1.0615000533917367,0.07205693198139984,3
0.9945882225081535,0.9664511513033368,-0.028137071204816677,3
0.8042407523595837,1.0053687996036262,0.20112804724404254,3
0.7735019929765292,0.9678780445331956,0.19437605155666637,3
0.809453625060352,0.9573080524584956,0.14785442739814358,3
0.8852899427066869,0.9779453582294171,0.09265541552273016,3
1.0704667170055484,0.9792252903882994,-0.09124142661724899,3
0.577064531385263,1.0767717208191783,0.49970718943391523,3
1.0640264071934509,1.0155573679734804,-0.04846903921997048,3
0.8235574453602392,1.1286237495613798,0.30506630420114056,3
1.0068241073529687,1.0760690069364052,0.06924489958343649,3
1.0165310700410886,1.0204517444088919,0.003920674367803301,3
0.7146259430157618,0.9984165489982658,0.28379060598250405,3
0.7165688507324298,0.996272438358063,0.2797035876256332,3
0.8372263289554687,1.013430048038388,0.17620371908291932,3
0.6457612786523866,0.8435009402622731,0.19773966160988643,3
0.9987806342872574,1.0360965706679837,0.03731593638072628,3
0.9169053224118813,0.949959181046918,0.03305385863503674,3
0.5264177721045283,0.6593795815265956,0.13296180942206726,3
0.4214602798998115,0.7067942104760512,0.2853339305762397,3
0.9744717179386762,0.9684539508270426,-0.0060177671116335985,3
1.0755553089736671,1.0524802602282137,-0.023075048745453408,3
0.5017425041884961,1.1334657953207705,0.6317232911322744,3
1.0125580125701232,0.9316132644522359,-0.08094474811788732,3
0.8443772572753524,1.0617084881606367,0.21733123088528428,3
1.0952900712785156,0.8840121468587331,-0.21127792441978255,3
0.8731933392105868,0.9006112092086198,0.027417869998032973,3
0.9172189491101871,1.0167578233394576,0.09953887422927055,3
0.7541260458526068,0.8016287846358803,0.04750273878327349,3
0.6887050967853293,0.9595864247583216,0.27088132797299225,3
0.652989819782716,0.8995244536264522,0.2465346338437362,3
0.8102903039038899,1.0023945109792265,0.1921042070753366,3
0.10852150029107034,0.8480539556960257,0.7395324554049554,4
0.4919675813555115,0.8275762417670501,0.33560866041153864,3
0.9898319224741035,0.893909887167133,-0.09592203530697041,3
1.0097280476068127,0.9161593022252693,-0.09356874538154336,3
0.8420065307128461,0.9847737844163532,0.14276725370350707,3
1.0226157259399982,1.0048420653882653,-0.017773660551732906,3
1.004758658166942,0.8894653401166864,-0.11529331805025567,3
0.6859032769700116,0.9762198471277902,0.29031657015777856,3
1.0453297527004164,1.0447150812876718,-0.0006146714127446273,3
0.6880818229626555,0.8811452281902025,0.19306340522754695,4
0.8295971363042149,1.0132485611445372,0.18365142484032226,3
0.7598399143355056,0.6976293064136658,-0.062210607921839745,3
0.8153321176660926,1.0882434110059651,0.2729112933398725,3
0.9450047047085843,0.9513336096908398,0.006328904982255468,3
0.8750199765836499,0.9848575772608111,0.1098376006771612,3
0.9081809874537464,0.9505789061060522,0.0423979186523058,3
0.6690447416635033,0.9406095939444606,0.2715648522809574,3
0.9492895759981914,1.0616038330944073,0.1123142570962159,3
0.883434786309277,0.8863182453109901,0.0028834590017131623,3
0.6163505064365524,0.9913864895204348,0.3750359830838824,3
0.8513257720585514,1.0821198439078379,0.23079407184928646,3
0.9815479704769225,1.0029690982460342,0.021421127769111648,3
0.7993797689294521,1.0622811003370876,0.2629013314076355,3
0.6272558361181689,0.9125266906060396,0.2852708544878707,3
0.4471543854317102,0.6898248257392365,0.24267044030752632,3
0.8643720492353856,0.9652287486183265,0.10085669938294095,3
0.7324337747445916,1.0336958145723096,0.30126203982771804,3
0.8488587265721919,1.0169047547992862,0.16804602822709436,3
0.8541673641637378,1.0559774332363472,0.20181006907260934,3
0.36743068482402147,0.5692094596843308,0.20177877486030932,3
1.102709141298534,1.023131264692216,-0.07957787660631799,3
0.9362814624251139,1.0129432603782438,0.07666179795312988,3
0.5177462363460286,0.8171584283220975,0.29941219197606894,3
0.5405122920787891,1.0748859070471692,0.5343736149683801,3
0.9018136771968375,0.9952179864664797,0.09340430926964227,3
0.7369757895412415,0.9760799473773009,0.23910415783605932,3
0.33787842717688454,1.0508604719452719,0.7129820447683873,3
0.8644878565083296,0.8103659531733387,-0.054121903334990895,3
0.8814988245493833,0.9544265987153426,0.0729277741659593,3
0.9923052446594582,0.8818912190644997,-0.1104140255949585,3
0.6998154000195647,0.7260998120308807,0.02628441201131604,3
1.0254917690672165,1.0546031719273237,0.02911140286010716,3
0.5173643689977913,1.165954720288726,0.6485903512909347,3
0.7463586925903664,1.0193886271598973,0.27302993456953095,3
0.5577901257378146,0.9352149020389942,0.37742477630117954,4
1.065178279033784,1.0880096814091185,0.02283140237533443,3
0.8678679794890635,1.038555591235813,0.17068761174674962,3
0.8102846268519324,0.9384760227142109,0.12819139586227857,3
0.22796193910696283,0.7187524314369373,0.4907904923299745,3
0.1838125517347942,0.298719256750202,0.11490670501540781,3
0.8316991108575065,1.1048311975959577,0.27313208673845124,3
1.0629544656991268,0.9682101170727602,-0.0947443486263666,3
0.767134324836358,0.9444960905987992,0.17736176576244123,3
0.825829123207459,1.078350615842805,0.25252149263534585,3
0.7644049831348476,1.035669671033948,0.2712646878991003,3
0.492739081123024,1.0698734661754628,0.5771343850524387,3
0.5205374959047403,1.1157237314735873,0.595186235568847,3
0.8849617358777544,1.0202227792082381,0.13526104333048372,3
0.6357196097732015,0.9618980852325998,0.32617847545939826,3
0.6897408044888697,0.7476103697419966,0.05786956525312692,3
0.7340652651954642,1.0227169290532623,0.28865166385779806,3
0.56880431622366,1.046403166562776,0.477598850339116,3
0.9142190247385731,1.0626519660373037,0.14843294129873064,3
0.8903822464376402,1.1228627110064842,0.23248046456884397,3
0.5397578878024726,0.9866835554531317,0.4469256676506591,3
0.9452354662802689,1.0051424727644136,0.05990700648414471,3
0.8346993247953893,1.0297774152686103,0.195078090473221,3
1.0042290190162604,1.0498955500297336,0.04566653101347318,3
0.8934234227533038,0.9258606170876826,0.03243719433437886,3
0.15756545661818477,0.5958949256989716,0.43832946908078685,3
0.6119215820012315,0.9283916649701874,0.31647008296895596,3
0.5408077299739251,0.7419319841246376,0.20112425415071244,4
1.1089714375233368,1.027147873234756,-0.08182356428858073,3
0.6188929009771797,1.0895079618055934,0.47061506082841364,3
0.6106451270029785,1.075945634213212,0.46530050721023364,3
0.7090798814903899,1.0905687294735136,0.38148884798312366,4
0.7557673589503975,1.0528184608174975,0.29705110186710004,3
0.5628277006165409,0.9992791243551599,0.436451423738619,3
0.9935810475174336,0.995758225942484,0.0021771784250503856,3
0.8721692475412985,1.067891681416712,0.19572243387541355,3
0.7944684129960651,1.0227431493585097,0.22827473636244466,3
0.5643112082716142,0.954522094042592,0.39021088577097784,3
0.6822282066547243,1.1732039568548993,0.49097575020017503,3
1.0084337616830898,0.9882899232467761,-0.020143838436313732,3
1.00847533558591,0.9607970745982115,-0.04767826098769845,3
0.9316707706824752,1.0698440264350277,0.13817325575255257,3
0.9153093632292002,1.0469300943310742,0.131620731101874,3
0.6363427928690819,0.9658038237456363,0.32946103087655443,3
0.7079106871667357,0.9793575287173374,0.2714468415506017,3
0.7317143718647087,1.0799048920078063,0.3481905201430976,3
0.9462893551109485,1.0069857113174727,0.06069635620652425,3
1.0020054936701595,0.9987721170750008,-0.0032333765951586546,3
0.8802380148670584,0.9646736927830312,0.08443567791597273,3
0.7606331717522624,1.0563495566177197,0.29571638486545726,3
1.05483337943902,0.9967636737530547,-0.058069705685965145,3
0.40625840410894365,1.0472223056332701,0.6409639015243265,3
0.8510000064135448,0.9594417103845287,0.10844170397098396,4
0.8226254165024939,1.0345535186513701,0.21192810214887625,3
0.8269050546359562,0.766953075495161,-0.0599519791407952,3
0.7023535766849526,1.0908030291126374,0.3884494524276848,3
0.7824964992340512,1.00189639638956,0.21939989715550878,3
0.9785090326605776,1.0022833853023505,0.023774352641772856,3
0.9848659774493947,1.0634517745573775,0.07858579710798275,3
0.9630719249687225,0.9928638870091959,0.029791962040473408,3
0.6471976497444292,1.0071326494201522,0.35993499967572307,3
0.9377292224275238,1.088027247642021,0.1502980252144972,3
0.9757453479160578,0.9936493918167205,0.01790404390066269,3
0.5107213038647654,0.9094606617225344,0.39873935785776893,3
0.8882452743829783,0.8895592941015842,0.0013140197186058966,3
1.0043037380667177,1.026591411620678,0.02228767355396033,3
0.8309600340147041,1.0768403185587014,0.24588028454399735,3
0.9880380079906712,0.9934357393942024,0.00539773140353117,3
0.9192929529628807,0.930411672629762,0.011118719666881272,3
0.8264139874055294,0.9884427085314426,0.16202872112591316,3
0.5929926101137419,1.021242931325055,0.4282503212113131,3
0.8833437270159068,1.0023675053037635,0.11902377828785671,3
0.8104447189395062,0.8807739479694687,0.07032922902996253,3
0.9610205361852211,1.0866125579559098,0.12559202177068873,3
0.6688326975761298,0.9317612431091818,0.262928545533052,3
0.6877438227312919,0.8598833210343628,0.17213949830307096,3
0.6243456696400018,0.9270346412116097,0.3026889715716079,3
1.0436828792681192,1.0394594160638928,-0.004223463204226396,3
0.9740537050173685,0.9412164935568939,-0.03283721146047469,3
0.8533128772710361,0.892422242255418,0.03910936498438189,3
0.9489960945380176,0.9523420863038,0.00334599176578243,3
0.9181011213904666,1.0173422678948534,0.09924114650438676,3
1.010238657011009,1.1083977043988014,0.09815904738779246,3
0.7694798041415221,0.8720031142371647,0.10252331009564264,3
0.8396298197992561,1.0704534908683372,0.23082367106908108,3
0.5836016354029545,1.1622480385680056,0.5786464031650511,3
0.1851824382269015,0.5949888018707675,0.409806363643866,3
0.5408741863705067,0.8873285204522876,0.34645433408178095,3
0.8201062563935378,0.8687172154172926,0.048610959023754785,3
0.7696696355566616,1.0480416335548997,0.2783719979982381,3
1.014177363865755,0.994863246494751,-0.01931411737100397,3
0.8315180354146448,1.0897952030034554,0.2582771675888107,3
0.8939310813897995,0.9348984001067059,0.0409673187169064,3
0.934504114041726,0.9201091285764885,-0.014394985465237431,3
0.8672275144300823,0.886606299682948,0.019378785252865738,3
0.6034813314655436,0.9757650458815033,0.37228371441595964,3
0.9045766694445103,0.7112188374408716,-0.19335783200363876,3
0.3324973529982144,0.8341029022426524,0.501605549244438,3
0.7459499130823393,1.0205880065567086,0.2746380934743693,3
0.7633336759622787,0.9268700606009723,0.16353638463869358,3
0.8354059211866458,0.9796627806041498,0.144256859417504,3
0.7805023388794694,1.0608403762153773,0.2803380373359079,3
0.7414178621151368,1.138321919133378,0.39690405701824116,3
1.0183227858628645,1.043962423905725,0.025639638042860513,3
1.0609826091600567,0.9745100907711999,-0.08647251838885683,3
0.8759810577860747,0.8324962783858922,-0.04348477940018247,3
0.9728021846944578,1.0398492760582119,0.06704709136375409,3
0.9271085043635648,0.9382890400809046,0.01118053571733979,3
0.9389390230251067,0.9991264204069862,0.060187397381879504,3
0.8158911712111416,0.9907603099745176,0.17486913876337595,3
0.33920247557656136,0.7216332091405596,0.38243073356399826,3
0.9330435695351931,0.9548497918329453,0.021806222297752198,3
0.5302915005841737,0.6563096987452257,0.12601819816105198,4
0.9291504609387027,1.0491070031366114,0.11995654219790874,3
0.6595415728634594,1.025355763522168,0.36581419065870857,3
0.8563936206528742,0.9038975219677683,0.047503901314894126,3
0.8945983103830766,1.0190412084035463,0.1244428980204697,3
0.6418270603431089,0.8314236857125331,0.18959662536942423,4
0.27599899834290365,0.6372579521587061,0.3612589538158024,3
0.8175361644288225,0.9458685006503181,0.12833233622149565,3
0.9848625467651276,1.0683097488609237,0.08344720209579604,3
0.881024073402244,1.0471206891325555,0.16609661573031154,3
0.966124962649071,1.0917974123750125,0.1256724497259415,3
0.6328139042384155,0.9285856478693513,0.2957717436309357,3
0.8159892886228866,1.10052873636542,0.28453944774253337,3
0.8234298840662078,0.8751870309086985,0.051757146842490775,3
0.13567683767725866,1.2794075939753249,1.1437307562980663,3
0.9666271570939651,1.0700445745969382,0.10341741750297317,3
0.6204685914976986,1.0745209937544147,0.45405240225671606,3
0.8245403319331612,1.0641879628161433,0.23964763088298202,3
0.6724221869073904,0.9606762785646193,0.28825409165722893,3
0.8901467908164056,0.9544340769104023,0.0642872860939967,3
0.4523224824940992,1.0808620538140858,0.6285395713199866,3
0.561345467156354,0.7901999347058448,0.2288544675494908,3
1.0902885329230327,0.9922558366466812,-0.09803269627635158,3
0.524622901320084,0.6694662928593308,0.14484339153924675,3
0.8528572171739878,0.9049366017962109,0.05207938462222317,3
0.9095519659314683,1.0958166316875286,0.18626466575606038,3
0.7171996376200078,0.8739750260903404,0.15677538847033257,3
0.9489824276169962,1.0196136210614408,0.07063119344444457,3
0.7031989967483974,1.123193561183492,0.41999456443509464,3
0.7420061794650085,1.0427696889848561,0.30076350951984765,3
0.9440448641661472,1.0584400967530145,0.11439523258686735,3
0.8954694106414218,0.9216333438196779,0.02616393317825605,3
0.9742654986565116,1.0594084934221715,0.0851429947656599,3
0.536129273859973,1.0451078314294804,0.5089785575695074,3
0.09251486822943793,0.3373775506215279,0.24486268239208997,3
0.8367706668750999,1.0796464575031335,0.24287579062803355,3
0.6371196660686388,0.9188696836677318,0.281750017599093,3
0.6230512892258833,0.8613688040910181,0.23831751486513486,3
0.9969821506891374,1.009621692279012,0.01263954158987457,4
0.8968477286685506,1.1118566128754783,0.21500888420692776,3
0.9733524660079876,0.9428576205758418,-0.030494845432145867,3
0.5428180826768148,0.8878837926101785,0.3450657099333637,3
0.6649193417101127,1.105893197452128,0.4409738557420153,3
0.7833652119482566,0.9187104603621508,0.13534524841389417,3
0.8487999375660435,1.163755607003877,0.3149556694378335,3
0.9172616969171641,0.9234187937334613,0.0061570968162971695,3
0.7681679968444143,0.964113099540473,0.1959451026960587,3
0.8509499004786361,1.0991821364088517,0.2482322359302156,3
0.6701762723022702,0.9384780122905018,0.2683017399882316,3
0.7868974189393445,1.0649496214750802,0.2780522025357357,3
0.8425063855888113,1.0721729810458773,0.22966659545706603,3
0.47075557846661653,0.8381865798291713,0.3674310013625548,3
0.6973730330648165,1.0956725072989038,0.3982994742340873,3
1.0505767479053296,1.0501155203535257,-0.00046122755180388886,3
0.8506425627930592,1.0740111856536847,0.22336862286062553,3
0.6792339031551773,0.8116448378389141,0.13241093468373677,3
0.7639083550491956,1.0975950218330712,0.3336866667838756,3
0.9388995217768253,0.8301173478342602,-0.10878217394256517,3
0.8778738444581569,1.0530820400013088,0.17520819554315192,3
0.8642440448304267,0.9933542091072837,0.12911016427685695,3
0.6045803259683805,0.8799013562439226,0.2753210302755421,4
0.927298504664168,1.0013373792357367,0.07403887457156877,3
1.0068240888058861,0.9816095611821064,-0.025214527623779737,3
0.39941228915113464,0.817370483286236,0.4179581941351013,3
0.521328189045858,1.02268746681149,0.501359277765632,3
0.7253034485205244,1.026220412253103,0.3009169637325785,3
1.1823182109190915,1.0032653600131496,-0.17905285090594192,3
0.6595303082045489,1.2027188029142368,0.5431884947096879,3
0.9278431325404153,0.993828133925273,0.06598500138485774,3
0.8468318625136594,1.0369092148143806,0.1900773523007212,4
0.8373217589531508,1.0092993406429593,0.1719775816898086,3
0.9005536348325915,1.0343322175007972,0.13377858266820564,4
0.7146708144570905,0.95817624699116,0.24350543253406953,3
0.623797261300642,0.9504575972361554,0.32666033593551347,3
0.7672627011324178,1.0773900770403706,0.3101273759079528,3
0.7879750169914523,0.8689610682916538,0.08098605130020142,3
0.6663111882871875,0.9635261897862554,0.2972150014990679,3
0.4039996291376135,0.6807327017897195,0.27673307265210595,3
0.689356366414535,1.0262249779029937,0.3368686114884587,3
0.5893350443492326,0.8376536529751535,0.24831860862592092,3
0.6846466293884289,0.982607015375728,0.2979603859872991,3
0.6424470997845388,1.0842674164028652,0.4418203166183263,3
0.35157267412672233,0.6600865095937614,0.30851383546703903,3
0.8410876661285485,0.9989379072892163,0.15785024116066781,3
0.798227646478705,1.0775850230003101,0.2793573765216051,3
0.6090295743535743,0.9846960858488748,0.3756665114953005,4
0.8950020361138747,0.9789109058177866,0.08390886970391187,3
0.8091888523397425,0.9774316006982503,0.16824274835850783,3
0.9042982865981866,1.055283275013243,0.15098498841505648,3
0.6974334978636026,0.9357825221207742,0.23834902425717153,3
0.661397374525861,1.009106372463239,0.347708997937378,3
0.7355695016771135,0.8359375398093979,0.10036803813228434,3
0.9479826403610927,1.0218999725636277,0.07391733220253505,3
0.71969251785387,1.1313316035490686,0.4116390856951986,3
0.8069409715158032,0.8719058282962003,0.0649648567803971,3
0.7770255831260213,1.096309780005337,0.31928419687931564,3
0.7360261366392147,1.074882816024133,0.33885667938491837,3
0.7938019564151524,1.035526163841807,0.24172420742665457,3
0.8453915832397256,0.995855177198085,0.1504635939583594,3
0.6361247898306093,0.818065454260324,0.18194066442971468,3
1.0068353110195136,0.9892675712942106,-0.01756773972530301,3
1.2134041137402267,0.9940157202978848,-0.21938839344234196,3
0.9354090105187776,0.9516425882794038,0.016233577760626283,3
0.8904569575575552,0.9209239930451775,0.030467035487622307,3
0.906583258256892,0.9444216278566566,0.03783836959976461,3
0.8630510566834744,1.0369870627978224,0.173936006114348,3
0.9307284291648802,1.0900451416730081,0.15931671250812796,3
0.8750903130692844,0.8281710624390313,-0.04691925063025315,3
0.7946588891819598,0.9679991535907704,0.17334026440881056,3
1.0369131718215616,0.9544740976822883,-0.08243907413927332,3
0.8110598735093375,1.0561191252290973,0.24505925171975984,3
0.40743337020182313,0.8632161555693795,0.45578278536755634,3
0.716925417148509,1.0182074704607857,0.30128205331227675,3
0.8432888800383971,1.0981353344055889,0.2548464543671918,3
0.8288739497771678,0.9074885510010228,0.078614601223855,3
0.9268260940861189,0.8676198544057181,-0.05920623968040084,3
0.8756615156374811,1.0335949618091405,0.1579334461716594,3
1.1143212958060829,0.952066344619096,-0.16225495118698685,3
0.672458153236066,1.2151661528711157,0.5427079996350498,3
0.6593624307506464,0.9930385872192607,0.33367615646861437,3
0.9202394100394851,1.0462875579438087,0.12604814790432362,3
0.7871713108957175,1.008654662803774,0.22148335190805657,3
0.982428422703269,1.0019855078352133,0.01955708513194432,3
1.0311391876519642,1.0133672775519689,-0.017771910099995347,3
0.7118625466357473,0.8349323289431625,0.12306978230741517,3
0.9255870503495283,0.7974042807474837,-0.12818276960204456,3
0.8705150615269419,1.0060769190732073,0.13556185754626537,3
1.234156781789356,1.011378948838476,-0.22277783295088005,4
0.9708062290734658,1.0793100232627504,0.10850379418928457,3
0.9583655729175702,0.9059704823323711,-0.05239509058519909,3
0.8237066181590862,1.089792761174116,0.26608614301502986,3
0.5211789591784375,0.8196502971739985,0.298471337995561,3
0.7511946622006173,1.0075000071854052,0.25630534498478796,3
0.935555338633368,1.000060758072834,0.06450541943946597,4
0.6721994322647106,1.0771426242812154,0.40494319201650486,3
0.7530010933144936,0.9701470617980945,0.2171459684836009,3
0.9122183798233946,0.7947986162155101,-0.11741976360788453,3
1.0985565170851217,0.9508376211545763,-0.14771889593054544,3
0.09910828838791812,0.3020600519443811,0.202951763556463,3
0.7349294374976696,0.9598464641054679,0.22491702660779833,3
0.8690949506126382,1.0358847361805332,0.16678978556789503,3
1.0258857016563565,1.0419288594469298,0.016043157790573304,3
0.8207931013946026,1.0249476612273305,0.2041545598327279,3
0.7303153263964504,1.0027192363160153,0.272403909919565,3
0.6268385643637272,0.961704245173428,0.3348656808097008,3
0.6903499452764881,0.8794347958163297,0.1890848505398416,3
0.7053847692766952,0.994778188625786,0.2893934193490908,3
0.7063352814707751,0.9362221291862692,0.22988684771549417,3
0.6975608711134111,0.9527492771486376,0.2551884060352264,3
0.9293723749887118,1.0689888933672254,0.13961651837851352,3
0.7359659669135669,0.9652421501708118,0.22927618325724497,4
0.7906806153339478,0.8074089272609081,0.016728311926960227,3
0.7692150692831223,0.8486659810260176,0.07945091174289531,3
0.48174234724687826,0.9200008453371361,0.43825849809025785,3
0.9891638684286879,0.9602521725350159,-0.02891169589367193,3
0.6217087603356481,1.0490895536498919,0.4273807933142437,3
0.566110329030213,0.8229638315506416,0.2568535025204286,4
0.9193003832048532,0.9119141671526281,-0.007386216052225114,3
0.5734530368116555,1.1292842419217397,0.5558312051100842,3
0.6677011659718075,1.0064707675687399,0.33876960159693237,3
0.8840276651315406,1.0800661234579183,0.19603845832637767,3
0.7410670898133039,0.800491233640947,0.05942414382764305,3
0.9613040435888107,1.0233413395735833,0.06203729598477259,3
0.9218242377538249,1.0733268393002036,0.15150260154637862,3
0.6780754092757776,1.050580258758419,0.3725048494826414,3
0.996536373120142,0.9568824507355972,-0.03965392238454479,3
0.8960269883425411,1.0439989355612378,0.14797194721869666,3
0.7937792302834233,1.0218576899717582,0.22807845968833484,3
1.0814705907478592,0.9401854938064134,-0.14128509694144586,3
0.8179456199926258,1.0883239468147585,0.2703783268221327,3
0.7721304057096314,1.1205961306626686,0.3484657249530372,3
0.7191039868491068,1.0786862857804222,0.35958229893131544,3
0.9857877911126319,1.0375219941007414,0.05173420298810949,3
0.9188613077610503,1.0628412882140659,0.14397998045301552,3
0.8171479529367712,0.9414208568877036,0.12427290395093238,3
0.8209270217959936,1.0821873888546398,0.2612603670586462,3
0.7899689184628698,0.9170519610262436,0.12708304256337388,4
1.0131065393912548,0.9152132046349035,-0.09789333475635131,3
0.8365891149757443,1.0207219109609853,0.18413279598524102,3
0.8504245551854575,1.1140483410469626,0.26362378586150514,3
0.7512360281499421,0.7935151118622928,0.042279083712350785,3
0.8525638525364013,0.9770328049047496,0.12446895236834832,3
0.8477726024834167,1.0379122393088014,0.1901396368253847,3
0.9744281877359041,0.9071798636480628,-0.06724832408784132,3
0.49236538363235355,0.8124775372601111,0.3201121536277575,4
0.5085921716218383,0.8771853073237518,0.36859313570191343,3
0.7369562152880199,1.0065844945941549,0.269628279306135,3
0.8075690476796165,1.0514317822015475,0.24386273452193108,3
0.5016587971608727,0.9609257413803896,0.45926694421951686,3
0.863813571403691,1.1102455433698915,0.24643197196620048,3
0.9874949077015656,0.8276652806025687,-0.15982962709899684,3
0.6398386604386577,0.7434804260761055,0.10364176563744787,3
0.4417359658825037,0.8453219493975235,0.4035859835150198,3
0.5452749749309331,0.4426640269510513,-0.10261094797988185,4
0.48175322017066174,0.8018829729019499,0.32012975273128813,3
0.9289878534956246,0.9924998951519527,0.06351204165632807,3
0.520655700012432,1.1008149682346402,0.5801592682222082,3
0.4444299342645011,0.9732760413994662,0.528846107134965,3
0.7375251607204134,1.1404541240338169,0.40292896331340344,3
0.891959125842245,0.9056579250798305,0.013698799237585435,3
0.9332747389608255,1.0705626806024016,0.1372879416415761,3
0.6332046509336763,0.8750325661590173,0.24182791522534097,4
0.9840457621373742,0.8743081328397974,-0.1097376292975768,3
1.0832866706104045,0.9849043849456885,-0.09838228566471596,3
0.8242820573846854,1.072170828736018,0.2478887713513327,3
1.0328440346337602,1.0774009685906445,0.044556933956884315,3
0.9384081793455168,0.9738325243341504,0.03542434498863356,3
0.8523397422298414,0.8704220503499239,0.01808230812008249,3
0.9004619751912906,1.105269644008343,0.20480766881705237,3
0.5724385674945168,1.1498558642497874,0.5774172967552705,3
0.7575560768813654,0.872060583006506,0.11450450612514063,3
0.9053584933347479,1.0592373428151496,0.15387884948040165,3
0.8477394900986664,0.9746330205355702,0.12689353043690377,3
0.8481087679168678,1.021538458991106,0.17342969107423822,6
0.5153693498990879,0.8645434835181574,0.34917413361906946,3
1.003279347526626,0.957950747677887,-0.04532859984873894,3
0.8394608074423935,0.8990830000251663,0.05962219258277279,3
1.0595962664436493,0.9688424074822279,-0.09075385896142141,3
0.8704159247730879,1.0982694469257535,0.22785352215266552,3
0.9380503760465438,0.9605480658688743,0.02249768982233047,3
0.9072231212059267,0.9527542333300186,0.04553111212409189,3
1.029368110059751,0.9169286905788004,-0.11243941948095049,3
0.9102204180584428,0.9785936670344115,0.06837324897596875,3
1.0472499791589969,1.0042752059894007,-0.04297477316959619,3
0.765580506295066,1.0472356640599902,0.2816551577649242,3
0.9206101616018656,1.0016011705762433,0.08099100897437772,3
0.8184691249250352,0.8985277899347395,0.08005866500970427,3
0.584668633309253,0.8761097605665187,0.2914411272572657,3
0.8491179969625294,0.9925174704957085,0.14339947353317906,3
0.9079876240894563,0.9538549848654654,0.04586736077600906,3
0.4472401706999567,0.7361875772996198,0.2889474065996631,3
0.7778422924281805,1.082807887778182,0.30496559535000145,3
0.6648277954822059,1.0943461114571993,0.42951831597499335,3
0.9554054115018074,0.9725396396817836,0.01713422817997623,3
0.8851732911923356,0.9046270010048898,0.019453709812554232,3
0.5999394527233902,1.1621992426072825,0.5622597898838922,3
0.9370163247719792,1.0323421254480718,0.09532580067609264,3
0.7608159719094965,0.8812654263450274,0.1204494544355309,3
0.8709334535330622,0.984357510526873,0.11342405699381086,3
0.8431178835778387,1.050749712702348,0.20763182912450928,3
0.5792968506124747,0.863626830427326,0.2843299798148513,3
0.6532267262261786,0.7271755573329272,0.07394883110674855,3
1.037795541399638,1.0118993980711644,-0.025896143328473675,3
0.9716706614685627,0.9936352768252454,0.021964615356682704,3
0.8193839558935084,1.0867932345185798,0.26740927862507136,3
1.0651531733343038,0.9988367829236016,-0.06631639041070225,3
0.5560776242658148,0.8701851775511631,0.31410755328534834,3
0.637891731644448,0.9581311754119607,0.3202394437675127,3
0.829462922426067,0.9213585713208229,0.09189564889475588,3
0.9293541522797216,0.9791601931785535,0.049806040898831894,3
1.014886711427355,1.0488725217228483,0.0339858102954933,3
1.0617550822574646,1.0424008706409766,-0.019354211616487982,3
0.8784214630985204,1.1083766956614702,0.2299552325629498,3
0.8246173622553851,1.0213463523992012,0.19672899014381617,3
0.9399367457118923,0.957736951930165,0.017800206218272607,3
0.5659252747155277,1.0990949590533223,0.5331696843377947,3
0.5309481143278219,0.7051524636197803,0.1742043492919585,3
0.4793842862971353,0.783983998078006,0.3045997117808707,4
0.6995335567725662,0.9113570018573967,0.21182344508483042,3
0.8888340256280485,0.9282286043722294,0.03939457874418095,3
0.7497294416667154,1.0404655941719156,0.29073615250520024,3
0.9337672298628443,0.9717426414453133,0.037975411582468976,3
0.7782548272612435,1.0308282593506526,0.2525734320894091,3
0.918643553326496,0.908657102381435,-0.00998645094506101,3
0.8606207801123049,1.0347234074786138,0.17410262736630888,3
0.7206396969426173,0.8345942127677353,0.11395451582511795,3
0.4717881045061464,0.9800037446145217,0.5082156401083753,3
0.7329506023815489,0.9563833485871926,0.2234327462056438,3
0.7927149629874212,0.9795050269345005,0.1867900639470793,3
0.8006337861829589,1.0488539397600112,0.2482201535770523,3
0.9685961837563908,0.9561632388420997,-0.012432944914291033,3
0.8861512080865537,1.082912231109021,0.19676102302246723,3
0.8568338899644806,1.029826412589443,0.17299252262496234,3
0.8321987761317443,1.1534642804405844,0.32126550430884004,3
0.6019781875337729,0.9894410249697192,0.38746283743594634,3
0.5403683176454204,0.9507221974667605,0.4103538798213401,3
0.9425911180577555,1.0389497555701783,0.0963586375124228,3
0.8059053362078804,0.9250752032862286,0.1191698670783482,3
0.964396034052043,0.9371183512806376,-0.02727768277140541,3
0.9183874337784861,1.0331826814192169,0.11479524764073079,3
1.1315512734316602,0.9890877462945064,-0.14246352713715382,3
0.8455948866413214,0.7524204016206192,-0.09317448502070225,3
0.5797080540031725,0.9465032961354529,0.36679524213228043,3
0.7538815293280257,0.9560323471721832,0.20215081784415756,3
0.9151637022477923,1.0069095259940077,0.09174582374621543,3
1.0444827276028295,0.9628210725686597,-0.08166165503416978,3
0.6788399267479006,1.0941064132989118,0.41526648655101117,3
0.9982808976138069,1.066445954420858,0.0681650568070511,3
0.661369398109081,0.6977404103305777,0.036371012221496635,3
0.6989230159133478,1.1036714377877803,0.4047484218744325,3
0.9939426124806406,0.9966087317218687,0.00266611924122806,3
0.886330878264947,0.9344819515712387,0.04815107330629165,3
0.9475227854351095,1.0575065737999376,0.10998378836482814,3
0.7505660605246482,1.0517559887642653,0.3011899282396171,3
0.8821060250268354,0.9557902362640996,0.07368421123726421,3
0.8142619765593706,1.0955139592016674,0.2812519826422968,3
0.515311384795087,0.9565553914552664,0.4412440066601794,3
0.06412450769040114,0.23840144005097802,0.1742769323605769,3
0.7427785246689699,0.9158852827659563,0.1731067580969864,3
0.7758577622072512,0.93912480466923,0.16326704246197876,3
0.7968077033375629,1.0695462388901376,0.27273853555257466,3
0.5572567570082928,0.9666641280547026,0.4094073710464098,3
1.0260098568547682,0.91723517740583,-0.10877467944893815,3
0.7581428856941801,1.001277642645497,0.24313475695131692,3
0.7660599881018074,1.0476978468671931,0.2816378587653857,3
0.612218606058243,1.0643994220471713,0.45218081598892834,3
0.8650037532323078,1.043001094562865,0.1779973413305571,3
0.8686038314035136,0.7658184655749107,-0.10278536582860287,3
0.2693110352367935,0.6796156903837582,0.41030465514696474,3
0.8354193313715997,1.0728660493787627,0.237446718007163,3
0.7553121296138048,1.1235926662047002,0.36828053659089544,3
0.7853003487661612,0.8330681968354096,0.047767848069248386,3
1.065721601612118,1.0594557284983641,-0.006265873113753928,3
0.882815638218565,0.985665059003715,0.10284942078515003,3
0.5936029004908642,1.031531658239253,0.4379287577483889,5
0.8596502907221094,1.084050344412319,0.22440005369020966,3
0.912419026789365,0.8851102851012188,-0.027308741688146232,3
0.925673114328432,1.1282930509057731,0.20261993657734112,3
0.950112800763701,0.8717734124254031,-0.0783393883382979,3
0.4930639042477494,0.9021863543943341,0.40912245014658477,3
0.8031380313632841,1.0552199849529706,0.25208195358968655,3
0.5978351590563838,0.8433385764963951,0.24550341744001125,3
0.725111128381838,1.12362970256583,0.39851857418399195,3
