within_source_D,across_source_D,n_sources
0.568288304011027,0.7683144092559815,5
0.6929044591055975,1.117720087369283,3
0.5925721724828085,1.0677417516708374,3
0.9438312583499485,1.0472783247629802,3
0.7198031478457981,1.305816690127055,3
0.8289756218592327,1.0717841386795044,5
0.9179682069354587,0.9314929644266764,3
0.5953201585345798,0.9515117804209391,3
0.7643546130922104,0.8257528940836588,3
0.8193458398183187,1.0079671144485474,3
0.570409205224779,0.8443416754404703,3
0.7451035579045614,0.9671481450398763,3
0.5389974249733819,0.8732639153798422,3
0.6847923729154798,0.784509023030599,3
0.5947401920954386,0.8037762641906738,3
0.7527465687857733,0.8612688382466634,3
0.5787375847498576,0.9223795731862386,3
0.9390462305810717,0.8422466913859049,3
0.7793665991889105,1.2397698561350505,3
0.7731549872292413,0.9957833290100098,3
1.1646582285563152,1.1598031520843506,3
0.666945735613505,1.209043840567271,3
0.8211033476723566,1.0750248432159424,3
0.7292502853605481,1.0904250144958496,3
1.066729187965393,1.0685458580652873,3
0.7936475147803626,1.0313276648521423,4
0.5955741008122762,1.1923502286275227,3
0.9289187259144254,0.974722703297933,3
0.7494305703375076,0.8288091023763021,3
0.9745376242531671,0.9402156670888265,3
0.4307507541444566,1.0300387144088745,3
0.6373960574467977,1.0270373026529949,3
0.7622801264127096,1.133255124092102,3
0.8567785422007242,1.0986229181289673,3
0.7162987258699204,0.9042299588521322,3
0.8802575667699178,1.1245794296264648,3
0.6974664330482483,1.174352486928304,3
0.7896820041868421,1.0344254970550537,3
0.5928659439086914,1.2679654757181804,3
0.7771257162094116,0.9528876145680746,3
0.7856908361117045,0.9918075799942017,3
1.1648687521616619,1.0550399621327717,3
0.6068274445003934,0.5983970959981282,3
0.9498108294275073,0.7873274485270182,3
1.0784143077002633,0.845939040184021,3
0.6613737609651354,0.8880780537923177,3
0.7496424979633756,0.7811876932779948,3
0.6908371448516846,0.9140737454096476,3
0.9650756849182976,0.8970106840133667,3
0.7438475290934244,0.7957574526468912,3
0.7007334232330322,1.0639863808949788,3
0.6081943511962891,1.0766051610310872,3
0.7497676478491889,0.6789387861887615,3
0.4790683719846937,1.131635069847107,3
0.8606094731224908,1.0103069345156352,4
0.15941147009531656,0.5259259541829426,3
0.761774804857042,0.9964250326156616,3
0.1574401060740153,0.36233154932657874,3
0.6501129468282064,0.8778077761332194,3
0.5039082765579224,0.8872470458348592,3
0.3514790932337443,1.0343305269877117,3
0.5572544071409437,1.0079169670740764,3
0.8017755879296197,0.7808895905812582,3
0.7785897586080764,1.1715563734372456,3
0.9338983098665873,0.8175663948059082,3
0.7688097953796387,1.095098654429118,3
0.8904098338550991,0.7074120839436848,3
0.9669135544035169,0.8849409421284994,3
0.8014398217201233,1.123820185661316,3
0.9021657639079624,0.8323080539703369,3
0.5686081912782458,1.209755003452301,3
0.6367364989386665,0.8100401560465494,3
0.7910848988427057,1.1427932580312092,3
0.5589843591054281,1.1685260931650798,3
0.7741525967915853,0.9873375097910563,3
0.5353515413072374,1.2094885508219402,3
0.5955646435419718,0.8932939370473226,3
0.6425823900434706,0.9853388071060181,3
0.637920512093438,1.183562437693278,3
0.6056646903355917,1.0555302302042644,3
0.4934000227186415,0.5951359272003174,3
1.255902608235677,1.068103035291036,3
0.8657998773786758,0.8482820192972819,3
0.902590831120809,1.2165060838063557,3
0.6902187267939249,1.0352989832560222,3
0.8181738720999824,1.2326407233874004,3
0.671371857325236,0.986617644627889,3
0.2963898579279582,0.855109969774882,3
0.7382839858531952,1.1006279985109966,4
1.0175547467337716,0.7664019266764323,3
0.8024517032835218,0.8088722229003906,3
0.7681431240505643,1.2167364954948425,3
0.9782724380493164,0.8778893947601318,3
0.33768153190612793,1.2096561988194783,3
0.6279157002766927,1.18594096104304,3
0.5665766398111979,1.022297779719035,3
1.0577732059690688,1.0326380729675293,3
0.8500971926583185,0.9921439488728842,3
0.28435411453247067,1.1246694723765056,3
0.5644016795688205,1.1172829469045003,3
1.0066015124320984,1.0448108116785686,3
0.5736878977881538,1.1309115091959636,3
0.9662411345375909,1.0594240029652913,3
0.6830583545896741,1.2227301200230916,3
0.7057679759131538,1.1466350555419922,3
0.6367275185055203,0.8962531884511312,3
0.9422591394848293,0.9217092990875244,3
0.723733146985372,0.9074016014734904,3
0.6282629172007242,1.1237911780675252,3
0.6744717359542847,1.0270160833994548,3
0.6897388497988383,1.1301384766896565,3
0.8323977390925089,1.2497509519259136,3
0.4815235137939453,1.1323329210281372,3
0.27042151292165123,0.3275074164072672,3
0.772196266386244,1.057324767112732,3
0.8356701652208964,1.0923707485198975,3
0.5735910336176554,0.5587437947591145,3
0.9493997097015381,0.7914853096008301,3
0.5986797014872233,1.139995018641154,3
0.6303830411699083,0.9648200670878092,3
0.4283084154129028,0.8808056513468424,3
0.7889117532306247,1.0410147110621135,3
0.6409933964411417,1.1523665587107341,3
0.8561327854792277,1.2127601305643718,3
0.8025978340042963,1.009412129720052,3
0.671079092555576,1.146478811899821,3
0.6230178753534953,0.5741267999013264,3
0.12849087185329863,0.3611717224121094,3
0.7359877030054728,0.8399800459543864,3
0.7156752877765231,0.8149793148040771,3
1.0971932080056932,0.8712607622146606,3
0.7646268473731147,1.1026432116826375,3
0.7653078105714585,0.5419034957885742,3
0.5859585603078207,1.2362532019615173,3
0.42222432295481366,0.28431765238444007,3
0.6200363172425164,0.8402924537658691,3
0.1910314295026991,0.4337719281514486,3
0.8104220628738403,0.9687103430430094,3
0.7196474737591214,1.052203933397929,3
0.8434778584374322,1.1982616980870564,3
0.4692162796303078,0.9263525009155273,3
0.777972247865465,1.0728094975153606,3
0.25210754076639813,0.5890016555786133,3
0.5018493996726142,0.40028039614359534,3
0.8586346705754598,0.9133670330047607,3
0.6952676355838776,1.1320093870162964,4
0.7562577724456787,0.899756113688151,3
0.8967811067899069,0.9968576033910116,3
0.8415344821082221,1.014705499013265,3
0.864052395025889,1.071426788965861,3
0.8925908075438604,1.1743600169817607,3
1.0892525182829964,0.9475191831588745,3
0.8399738735622829,0.8417834838231405,3
1.0547672708829243,1.1148412227630615,3
0.6988976664013333,0.9160827795664469,3
0.5381826029883491,0.8322645823160807,3
0.7041847573386298,0.9575099150339762,3
0.6757520304785835,1.0925466219584148,3
0.5456672509511312,1.0245192845662434,3
0.635632594426473,1.1434869766235352,3
0.7653312683105469,1.0301278432210286,3
0.6689460410012139,1.144127647082011,3
0.8155186971028646,1.0483566919962566,3
1.0322149991989136,1.1265202363332112,3
0.7452700535456339,1.1590678294499714,3
0.6765234735276965,0.5155860582987468,3
0.602918373213874,1.1394014755884807,3
0.6164592372046577,1.2599165836970012,3
0.6409915288289388,0.8799705505371094,3
0.9649456143379211,0.7188943227132161,3
0.6057118309868706,1.25455637772878,3
0.760434283150567,0.9617684682210287,3
0.668868899345398,1.0623387495676677,3
0.7617299026913114,1.2586644887924194,3
0.8577454752392238,1.0606468121210735,3
0.7428260511822171,1.0094181299209595,3
0.7370180818769666,0.9387389024098715,3
0.6148030890358819,1.1162562370300293,3
0.6008121569951376,1.0311838785807292,3
1.0551491181055705,1.2395929892857869,3
0.6409590376747979,1.0224237044652302,3
0.6160444948408339,1.0532931884129841,3
0.7919521861606174,1.036949634552002,3
0.8120169109768338,0.5414652824401855,3
0.1815429131189982,0.3849039077758789,3
0.6721107694837781,1.1069538593292236,3
0.4728073676427205,1.1674130757649739,3
0.813965982860989,0.546298901240031,3
0.9044604367680019,1.11612073580424,3
0.6880264282226562,0.7746948401133219,3
0.9799308180809021,1.1167737642923992,3
1.1315216090944078,0.9709943930308024,3
0.42707852522532147,0.8243193626403809,3
1.0677665207121108,0.9714394807815552,3
0.9358873963356018,1.2033369938532512,3
0.8925885889265271,0.7206409772237141,3
0.7163220379087661,0.7275457382202148,3
0.8803108135859171,1.2291337450345357,3
0.5442760785420736,1.0258748531341553,3
0.6481311718622843,0.9096351067225138,3
0.8836757673157586,1.0810050169626872,3
0.6870352149009704,0.86117951075236,4
0.6847400135464138,1.3020357688268025,3
0.9884505271911621,0.9002105792363485,3
0.7438977426952786,1.0686406294504802,3
0.6997985243797302,1.0923792521158855,3
0.8062526517444186,0.9975856939951578,3
1.0297137664424048,0.7252527077992756,3
0.826736119058397,1.0156739552815754,3
0.7426696022351583,0.9687963724136353,3
0.7297005388471817,0.9072675704956055,3
0.33708735307057697,0.5136463642120361,3
0.7467796736293368,0.787470817565918,3
0.8167356914944119,0.8040834267934164,3
0.7910583284166125,0.9555304050445557,3
0.5832160711288452,1.1804055571556091,3
0.5674481259451972,1.0545861721038818,3
0.5249868551890056,0.7689075469970703,3
0.8274717728296915,1.094720999399821,3
0.9310671091079712,0.9930458863576254,3
0.9247412619767367,1.131197412808736,3
0.47038831975724965,0.6121776898701985,3
0.920814037322998,1.0001660982767742,3
0.8695224126180013,0.8151057561238607,3
0.7461060020658706,1.1859679023424785,3
0.720029698477851,0.849601149559021,3
0.776471734046936,1.2378140290578206,3
0.6899929046630859,1.0576564868291218,3
0.7550942897796631,0.896171490351359,3
0.8474682437049018,0.9917399883270264,3
0.18621663252512613,0.49894396464029944,3
0.9547626309924656,1.110486586888631,3
0.5243223349253336,1.0541661580403645,3
0.6845638487074112,1.05026642481486,3
0.9420243501663208,0.9988952477773031,3
0.595919238196479,1.0368155638376872,3
0.5534020397398207,1.14657457669576,3
0.9871649344762167,0.8349749247233073,3
0.5763132572174072,1.0779526233673096,3
0.6902395619286431,0.8146255016326904,3
0.9086905320485433,0.8667614062627157,3
0.38768164316813153,1.0579171975453694,3
0.9266010125478109,1.1976135969161987,3
0.5033541123072306,0.9482103586196899,3
0.6688052177429199,1.0837883551915486,3
0.6629996962017484,0.8514566818873087,3
0.7941753599378797,0.9161604642868042,3
0.938863370153639,0.7618597348531088,3
0.887725422779719,0.9978312651316324,3
0.5054900646209717,1.1742834250132244,3
0.86315037144555,1.007298469543457,3
0.5002110931608411,1.1648914813995361,3
0.8181916342841254,1.1184497674306233,3
0.6995343632168239,0.833959182103475,3
0.6074034637875028,0.6980252265930176,3
0.7184509833653768,0.9318247636159261,3
0.6810811890496149,0.9910078048706055,3
0.6430635213851928,0.8072477976481119,3
0.6859618028004965,1.177401880423228,3
0.6318232218424479,1.0575764973958333,3
0.6997832192314996,0.8697688976923624,3
0.5956582493252224,0.7824641068776449,3
0.7510134643978542,0.5960577328999836,3
0.7570811907450358,1.053344964981079,3
0.8992217514250013,0.9828863938649496,3
1.2137837674882677,1.0626922448476155,3
1.0129076308674283,1.0936083396275837,3
0.6039956410725912,0.9525920152664185,3
1.1530827614996169,1.0528363784154255,3
0.33948620160420734,0.3135754267374674,3
0.5651481548945109,0.8589617013931274,3
0.4988291528489855,1.1585310300191243,3
0.8156872987747192,1.0860974788665771,3
0.9872150778770447,0.9308499892552694,4
0.6413114070892334,0.928184986114502,3
0.6186619202295939,0.9901365836461385,3
0.7494952811135187,0.89091690381368,3
0.6506881978776721,1.1989611387252808,3
0.6646038956112332,1.0682679812113445,3
0.794536723030938,1.135793129603068,3
0.7615580095185175,1.0265950759251912,3
0.5907325082355076,0.5966787338256836,3
0.815618846151564,0.9659487803777059,3
0.6086046828163995,1.1975109974543254,3
0.8122835291756524,1.1911776065826416,3
0.6065672371122571,0.9575268427530924,3
0.7476922074953715,0.9015611012776693,3
0.7059255573484634,1.1266361077626545,3
0.611846129099528,0.8189646402994791,3
0.8680370092391968,0.9202905495961508,3
0.8936968512005276,1.0395334164301555,3
0.7703909079233805,0.8283160527547201,3
0.4734761714935303,0.8986680507659912,3
0.6667757166756524,1.1555159489313762,3
0.6974546776877509,1.1032160917917888,3
0.558916449546814,0.4609050750732422,3
0.8458110623889499,1.057971755663554,3
0.8910337554083929,0.967418352762858,3
0.11188459396362305,0.9799796342849731,3
0.37621307373046875,0.7075458367665608,3
0.8322628471586441,1.088526725769043,3
0.7489889197879367,0.8415703376134237,3
0.5181350708007812,1.0060445467631023,3
0.8952647315131294,0.9303339322408041,3
0.3372063636779785,0.48364194234212243,3
0.8136630058288574,1.155534267425537,3
0.6661322646670871,1.2540137767791748,3
0.9892907672458225,0.9838825861612955,3
0.7674528492821587,0.8981934388478597,3
0.6268332931730481,0.8621863921483358,3
0.894943568441603,0.624883492787679,3
0.8519518507851496,1.1315171718597412,3
0.7301913367377386,1.0078098376592,3
0.7115883032480875,0.9633754889170328,3
0.5298312107721964,0.9227894941965739,3
0.7868328756756252,0.9653677940368652,3
0.7662986318270365,1.213361104329427,3
0.6543424129486084,1.1921233534812927,3
0.7849313100179036,1.098631779352824,3
0.9082934194140964,0.8618455727895101,3
0.7095840043491787,1.0767509937286377,3
0.06675317287445066,0.8169476191202799,3
0.770321422153049,1.2234312295913696,3
0.22562963054293678,0.2942787011464437,4
0.9675180779563056,0.7246395746866863,3
0.6970823049545288,1.041427493095398,4
0.8237809075249567,0.9548133214314779,3
0.6485783126619128,0.7170295715332031,3
0.6364047394858466,0.9202039241790771,3
0.7954927780010083,0.7807397047678629,3
0.9700332681337992,0.7375583648681641,3
1.0673813886112635,1.1437657674153645,3
0.4422512213389079,0.39140828450520837,3
0.6573861440022787,0.48199033737182617,3
0.9454981022410922,1.0152918100357056,3
0.8834962513711718,1.1485176086425781,3
0.7170318841934203,1.0623806715011597,3
0.7929204702377319,1.157959262530009,3
0.6200886302524142,0.6448994477589924,3
1.006057580312093,0.9271817207336426,3
0.6141005992889405,1.0778879721959431,3
0.5213235139846802,0.717776616414388,3
0.657975991566976,1.1558369795481365,3
0.8391215006510416,1.0762221813201904,3
0.6492370049158732,0.7966875235239664,3
0.7310800419913398,1.2739754517873128,3
0.8899075984954834,0.9174279371897379,4
0.6755556397967868,0.9798097213109335,3
0.7537063095304702,1.0870052178700764,3
0.5526627037260267,1.2182799577713013,3
0.7511203818851047,0.9417545000712076,3
0.7815344068739148,1.0442496140797932,3
0.7877423564592997,1.0809465646743774,3
0.6244532267252604,1.0582129160563152,3
0.793836752573649,0.8439163764317831,3
0.6210166745715671,0.9568266868591309,3
0.7295961446232265,0.8882144689559937,3
0.8747035529878405,0.748805046081543,3
0.8150667481952243,1.1332621574401855,3
0.8152615626653036,0.9524625937143961,3
0.6214071379767524,0.9680145581563314,3
0.8145496977700127,1.1270661354064941,3
0.6932151714960734,0.9823975563049316,3
0.7065059873792859,0.5208334922790527,3
0.5224536392423841,0.8234280745188395,3
0.9745856702327729,1.048581878344218,4
0.6371353599760268,1.162595550219218,3
0.5716189940770467,0.702357292175293,3
0.9661038120587667,1.2077437043190002,3
1.1081539789835613,0.90458877881368,3
0.6985624101426867,1.1266292730967205,3
0.689540954872414,1.0670286417007446,3
1.0286772516038682,1.2140079339345295,3
0.5499764415952894,1.1315386295318604,3
1.1433029969533284,1.0512410004933674,3
0.7878040105104447,0.9656830628712972,4
0.8856049709849887,1.1622902949651082,3
0.7344037797715929,1.243474264939626,3
0.45860436757405604,1.109568198521932,3
0.8770441545380486,0.8804279565811157,3
0.9201628698243036,0.8738732735315958,3
0.5685657421747843,0.9053412278493246,4
0.6805258724424573,1.2698390086491902,3
0.6370110909144083,1.1895659764607747,3
0.6076869434780544,1.0302760203679402,3
0.9496742619408501,1.0613083839416504,3
0.7250902891159058,0.9691964785257975,3
0.943355123202006,0.922181248664856,3
0.8160976568857828,0.6519730885823567,3
0.6958895789252387,0.777265707651774,3
0.8266430563396878,1.118793249130249,3
0.7030890319082473,1.026443084081014,3
0.6410418219036527,0.9401143391927084,3
0.42197216881646044,0.7067795594533284,3
0.8020626306533813,1.0097063382466633,3
0.8500543766551548,1.0335569381713867,3
0.7798166036605835,0.9282155434290568,4
0.7964827087190415,0.8846483627955118,3
0.3597208261489868,0.9009986718495687,3
1.172976553440094,1.0311374425888062,5
0.876904182963901,1.0281750361124675,3
0.9424307081434463,1.182141939798991,3
0.7965380483203465,0.6680824756622314,3
0.9648649427625869,0.7316042582194011,3
0.8195112678739759,0.9937402407328287,3
0.6368258529239231,1.0360865195592244,3
0.5262570778528849,0.7127395470937092,3
0.7738557987742954,0.9343306620915731,3
0.5656045013003879,1.101053277651469,3
0.6046732001834445,1.084574858347575,3
0.5840572251213921,0.5972347259521484,3
0.7709114286634658,1.2909073034922283,3
0.9132697714699639,0.9739497502644857,3
0.5080072614881728,0.8321592807769775,3
0.7534615049759548,0.9503086805343628,4
0.94272780418396,1.030232270558675,3
0.7789179881413778,1.1127583583196003,3
0.7705106404092575,1.0359417994817097,3
0.8014708360036215,1.203316867351532,3
0.7375466426213583,1.1227262020111084,3
0.8070152799288431,0.7556201616923014,3
0.7136043839984471,0.7422089576721191,3
0.7341255214479233,1.0108266671498616,3
0.6027691231833564,1.1859569549560547,3
0.7778483099407619,0.7665128707885742,3
0.6540307468838162,0.8893300692240397,3
0.8110762569639419,0.8742432991663615,3
0.9606621927685208,1.0535564422607422,3
0.8058196438683404,1.0681273142496746,3
0.8150734239154391,1.2065187096595764,3
0.7425657047165766,1.210267682870229,3
0.676603893438975,1.0365479787190754,3
0.6702459653218588,0.7503755887349447,3
0.850934432612525,1.0365179777145386,3
0.6556619803110758,1.0691917737325032,3
0.6662731038199531,1.323450247446696,3
0.7051365905337863,1.0072996616363525,3
0.9087550640106201,0.9974393049875895,3
0.5180678685506185,1.2226106723149617,3
0.6358853313657972,1.155739148457845,3
0.8935304813914828,1.0082175334294636,3
0.7259574598736234,1.0069130659103394,3
0.7793615791532728,0.9136430422465006,3
0.928824802239736,1.0508315563201904,3
0.585179328918457,1.2879495819409688,3
0.7690571943918864,0.9605817000071207,3
0.8179063002268473,0.9064722061157227,3
0.5260196791754829,0.9573624134063721,3
0.7720831632614136,1.119177023569743,3
0.57563230726454,0.9923810164133707,3
0.5701476335525513,0.3824911117553711,3
0.6366459528605143,1.1755606532096863,3
0.37332801818847655,0.7589662869771322,3
0.46131598949432373,0.6601090431213379,3
0.6308609975708855,1.097183624903361,3
0.6611812750498454,1.0963480472564697,3
1.0108801060252721,0.875897208849589,3
0.5708182520336575,1.1235162417093914,3
0.9011608295970494,1.1187760829925537,3
0.8987502058347067,1.1997117201487224,3
0.6988266706466675,1.0058507124582927,3
0.6998546918233236,0.9792017141977946,3
0.8624519308408102,1.117871920267741,3
0.7503039042154948,1.027231772740682,3
0.7640593714184232,0.9143902858098348,3
0.7577931351131862,0.9764578342437744,3
0.6287625630696615,0.8279473781585693,3
0.6445271174112955,1.124096433321635,3
0.6739935874938965,0.8292841911315918,3
1.1377190947532654,0.9147839148839315,3
0.60596828284087,0.7608826160430908,3
0.7396100097232394,0.9134584267934164,3
0.7052717076407539,1.1608856121699016,3
0.5498138931062487,1.0667049487431843,3
0.7094149258401657,0.8750431140263876,3
1.0560348828633626,0.8226164182027181,3
0.6282000674141778,1.0091218550999959,3
0.8024019863870407,1.119385043780009,3
1.0380346775054932,1.0465290943781536,3
0.5126278400421143,0.9999210039774576,3
0.5634371704525417,1.1447817881902058,3
0.8854074544376797,1.2177943388621013,3
0.6769788265228271,1.0180787642796834,3
0.8726805316077338,0.7063980102539062,3
0.5534843338860406,1.003329078356425,3
0.9631123529540169,1.1124904950459797,3
0.789918773704105,0.992262045542399,3
0.510228713353475,0.9670792023340861,3
0.7059299548467001,1.2031927506128948,3
0.9564080105887518,1.0626689592997234,3
0.49507248401641846,0.5087885061899822,4
0.6552079717318217,0.9385389486948649,3
0.8061263759930929,1.1129190524419148,3
0.8471148676342435,0.8578540484110514,3
0.9267644219928317,1.1700974305470784,3
0.8972946074273852,0.9024473031361898,3
0.8096419837739733,1.0505623022715251,3
0.8351600766181946,1.0997061332066853,3
0.6189256509145101,1.2387077808380127,3
0.8205152551333109,0.763543446858724,3
0.5412225325902303,0.85158638159434,3
1.097909626033571,0.8063769340515137,3
0.7658942408031888,0.885851780573527,3
1.0679053597980075,0.970999002456665,3
0.6409672498703003,1.0052472750345867,3
0.4899088806576199,0.5868843396504719,3
0.8322508467568291,0.9065381288528442,3
0.7162951628367106,0.9563848972320557,3
0.8009380102157593,0.6809258460998535,3
0.7561499145295884,0.9519025484720866,3
0.8743268383873835,1.1761528650919597,3
0.8449286897977193,0.7654111385345459,4
0.8371009146725689,0.7756452560424805,3
0.9630677700042725,0.8357861836751302,3
0.5611239936616685,0.7495592435201008,3
0.5807483593622843,1.2616534233093262,3
0.8691241674953037,1.094404141108195,3
1.0968897541364033,0.8346366484959921,3
0.8480637338426379,0.7700298627217611,3
0.5594427320692273,0.9125262896219889,3
0.8579112688700358,0.6735405921936035,3
0.6108409431245592,0.9840361277262369,3
0.7245863278706869,0.7731693585713705,3
0.6560180981953939,0.9551488955815634,3
0.6934744781917996,1.2521069844563801,3
0.5048602898915608,0.8017317454020182,3
0.8072605530420939,1.0945407549540203,3
0.9428333242734274,1.1535851160685222,3
0.8497186766730415,0.9990406036376953,3
0.5412974913914999,0.6670117378234863,3
0.8713837332195706,0.772559642791748,3
1.0339421298768785,0.8829827308654785,3
0.6357765727572972,1.0883471965789795,3
0.6643644306394788,1.0413708289464314,3
0.6921407646603054,1.1099133094151814,3
0.5760617123709785,1.1474348306655884,3
0.9319953454865351,1.22039133310318,3
0.6247818470001221,1.0513787269592285,3
0.5575884977976481,0.6394985516866047,3
0.9665655546718174,0.774003267288208,4
0.43731947739919025,1.2013805905977886,3
0.7013298008177017,0.6908013025919597,3
0.18778774110894453,0.34767818450927734,4
0.746531069278717,0.6390922864278157,3
0.661320964495341,0.990662415822347,3
0.8142786688274807,0.8775027990341187,3
0.4691646099090576,0.7544536590576172,3
0.5369393825531006,0.9738840262095133,3
0.9361733595530192,1.247212012608846,3
0.26292307906680634,0.7466013431549072,4
0.829001201523675,1.144230047861735,3
0.8035021689203049,0.9850203990936279,3
0.6655232508977255,1.1265914837519329,3
0.6306316985024346,1.240555961926778,3
0.09473686748080783,0.2540774345397949,3
0.7282899220784506,1.1342674096425374,3
0.717840830485026,0.8475062052408854,3
0.8598434991306729,0.7939097086588541,3
0.5323117176691691,1.1539512077967327,3
0.8268560369809469,0.9731648365656534,3
0.8791719476381937,1.0306520064671834,3
0.7373102506001791,0.8816648324330648,3
0.8268018431133694,1.142584999402364,3
0.8786900771988764,1.1294836203257244,3
0.9415761364830865,0.840625524520874,3
0.5530120796627468,0.5329158306121826,3
0.7013446648915609,0.42168235778808594,4
0.7478070788913302,1.1964063445727031,3
0.6778341796663073,1.0947726964950562,3
0.20163227452172172,0.3776299158732096,3
0.5277822415033976,1.181780219078064,3
0.5251192251841227,0.8011166254679362,3
0.5581935511695014,1.163895606994629,3
0.895312229792277,0.9898946682612101,3
0.7273214326964483,1.0981721878051758,3
0.560706721411811,0.8347301483154297,3
0.6134019494056702,1.223250965277354,3
0.49507280190785724,0.5729385217030842,3
0.8735619915856255,0.9177184104919434,3
0.713104420238071,1.1973278125127156,3
0.5521008968353271,0.9506578048070272,3
0.8273850381374359,1.0407785574595134,4
0.8744921750492519,1.0760820706685383,3
0.43301109472910565,1.1775857210159302,3
0.4801110823949178,0.7435898780822754,3
0.1833808978398641,0.6556241512298584,3
0.675923572646247,0.788365920384725,3
0.6955927875306872,1.0167712370554607,3
0.4408682505289714,0.8160800139109293,3
0.775696317354838,1.0441710551579793,3
0.910145103931427,0.9486886660257975,3
0.5553047921922473,0.8716933727264404,3
0.7683819532394409,0.917181134223938,4
0.5457927121056451,1.0270053545633953,3
0.7715608543819851,0.7803147633870443,3
0.9827067719565498,1.0743985970815022,3
0.860431260532803,1.0904514789581299,3
0.6776585314008926,1.0820679267247517,3
0.8655640549129909,0.8796022335688273,3
0.7650731272167629,1.024743874867757,3
1.0910765197541978,0.9322507381439209,3
0.8458504146999783,0.9055138429005941,3
0.5818776461813184,0.6245481173197429,4
0.8287576172086929,0.6105564435323079,3
0.32848599751790364,0.5635316371917725,3
0.5543261369069418,0.6687739690144856,3
0.9045943975448608,1.089979648590088,3
0.9619465602768792,1.173588474591573,3
0.6582092311647204,0.9998631079991659,3
1.0906845132509868,1.1955197254816692,3
0.7709592978159586,0.9409787654876709,3
0.8551923036575317,0.6197502613067627,3
0.7042940060297648,1.0863742033640544,3
0.466074373986986,1.1012808084487915,3
0.43095678753323025,1.037255048751831,3
0.8139056298467849,0.9435908794403076,3
0.6789902051289877,1.0685185194015503,3
0.8382256825764974,0.9515327612559,3
0.6024915178616842,1.1928551594416301,3
0.6952091852823893,1.1870684226353962,3
0.6339590152104696,1.0330406824747722,3
0.6995489199956259,0.9736350377400717,3
0.9289533992608389,0.7825931708017985,3
0.9029571082856921,0.72089417775472,3
0.6986816856596204,1.1372048060099285,3
0.6047619581222534,1.1220744450887044,3
0.8523621360460917,0.890730619430542,3
0.9421924683782791,1.0541963179906209,3
0.6396605610847473,0.9112480084101359,4
0.714477883444892,1.0294773578643799,3
0.6615163750118679,0.5781636238098145,3
0.7048041952980889,1.0218175649642944,3
0.41815399527549746,0.7017704248428345,4
0.7639976210064358,1.1806536316871643,3
0.7296321656968857,1.1556862990061443,3
0.7996813986036514,0.9489345153172811,3
0.6975108649995593,0.7067042986551921,3
0.5594813028971354,0.8970515727996826,3
0.9698176582654318,0.8598786195119222,3
0.6951314210891724,1.1657025416692097,3
0.7576562033759222,1.2880861560503643,3
0.6746168931325277,0.8913097381591797,3
1.251989566617542,0.8775491714477539,3
1.0570200747913783,0.9394892454147339,3
0.7752634816699557,1.0296361446380615,3
0.554120659828186,0.9172532558441162,3
0.7359087467193604,1.2042912642161052,3
0.8931664692031012,0.885296106338501,3
0.8060052196184794,1.0472445090611775,3
0.5828824573092991,0.7541281382242838,3
0.7530419826507568,0.8156623840332031,3
0.7231242656707764,1.2584405144055684,3
0.6952300920372918,1.1105667352676392,4
0.2411190668741862,0.9264974594116211,3
0.8392717573377823,1.0853630701700847,3
0.613479322857327,1.2665927410125732,3
0.6372746229171753,0.9558912913004557,3
0.7075235446294149,1.1649457216262817,3
0.11612811883290608,0.5598003069559734,3
0.98855060338974,0.9662196238835653,3
0.867146372795105,0.7929465770721436,3
0.8192832867304484,1.0952431360880535,3
0.6811912920739914,0.729636828104655,3
0.49358606338500977,0.8389672040939331,3
0.30202405386500886,0.7777854204177856,4
0.5691537062327067,0.8794216314951578,3
0.8512349393632678,0.9391996065775553,3
0.6327858103646172,0.7266090710957844,3
0.4377039141125149,0.9132703145345052,3
0.808833056026035,1.103154222170512,3
0.716256320476532,0.9430692990620931,3
0.7775786187913684,0.8751440842946371,3
0.8926892810397679,0.9880842765172323,3
0.9024801055590311,0.9202354749043783,3
0.641703340742323,0.998176097869873,3
0.5311436971028646,0.532852013905843,3
0.8170546293258667,0.7729651133219401,3
0.7313848733901978,0.8757530053456625,3
0.09357265631357829,0.1786724726359049,3
0.9428764979044596,0.966472307840983,3
0.5641385846667819,1.001267671585083,3
0.8768760098351372,1.009260932604472,3
0.7217510938644409,0.9727514982223511,3
0.7758853965335422,0.9551455974578857,3
0.74899955590566,0.7331967353820801,3
0.803416927655538,1.0602200826009114,3
0.9476788308885361,1.008601983388265,3
0.5935187339782715,0.8749980529149374,3
0.5871019098493787,1.0814930995305378,3
0.6768409543567233,1.2164851029713948,3
0.6861324575212268,0.9762194156646729,3
0.8043007055918375,0.9973777135213217,3
0.5025638341903687,0.9384739398956299,3
0.6479090717103747,0.557172139485677,3
0.4009644190470378,1.0930216312408447,3
0.8025501569112142,0.7509899139404297,3
0.5114626089731852,1.0552796920140584,3
0.6275666024949816,1.2220075925191243,3
0.7356506321165298,1.0337472359339397,3
0.7607254452175564,1.0513019164403279,3
0.5112060070037842,0.994562029838562,3
0.6923466126124064,0.9891018867492676,3
0.5404574606153699,1.2870814402898152,3
0.8531260159280564,1.0143839518229167,3
0.7145198980967203,1.136212984720866,3
0.9072980748282539,1.1336320638656616,3
0.40325498580932617,0.9954423904418945,3
0.8641208344035679,1.051915208498637,3
1.054443895816803,1.0443766911824544,3
0.7764818668365479,0.9140442212422689,3
0.8069391912884182,0.9733930428822836,3
0.8456382685237461,1.1900808413823445,3
0.8983872996436224,1.0949463446935017,3
0.7036090029610528,0.8343118031819662,3
0.6366864310370551,0.7809475262959799,3
0.6152786413828532,0.4588766098022461,3
0.5723722775777181,1.0577712059020996,3
0.7855908539560107,0.9013065099716187,3
0.901341994603475,1.1916068593660991,3
0.6237030824025472,0.7523586750030518,3
0.6944753567377727,1.1506686210632324,3
0.7468547423680624,0.9200047254562378,3
0.8913410504659017,0.8595256805419922,3
0.6764934062957764,0.826721986134847,3
1.0966343681017559,1.058638095855713,3
0.5844647354549832,0.8980718851089478,3
0.7412233779304906,0.8574339151382446,4
1.081785049703386,1.1146332422892253,3
0.7313957081900702,1.059371789296468,3
0.37750070889790854,0.475911537806193,3
0.7676390329996745,1.0466566880544026,3
0.617898307243983,1.0366936922073364,4
0.5724196434020996,1.1313271522521973,3
0.8492003480593363,1.0563690662384033,3
0.7610212961832682,1.1084919770558674,3
0.7747564713160197,1.060779372851054,3
0.716021868917677,1.0131254593531291,3
0.7212616072760688,1.0686975717544556,3
0.6369799507988824,1.2697186470031738,3
1.2208153141869438,1.0841426452000935,3
0.9802488618426853,1.1483002503712971,3
0.9845078388849894,1.2010395725568135,3
0.9584669603241814,0.9893362522125244,3
0.73381374279658,0.872342069943746,3
0.7905442714691162,1.029541293780009,3
0.7599360876613194,1.081386963526408,3
0.6137174765268961,0.8907137711842855,3
0.7710237503051758,0.9600361982981364,3
0.26111070315043133,1.0834941069285076,3
0.9710550440682305,1.1095339854558308,3
0.7965713606940374,0.8415446281433105,3
0.8078728914260864,1.0999295314153035,3
0.7011269728342692,0.8892141183217367,3
0.7177945905261569,1.211289405822754,3
0.7646404107411703,1.0690245628356934,3
0.8205323086844549,0.9033599297205607,3
0.5961215257644653,0.7294107278188069,3
0.8483111063639323,1.0556978384653728,3
0.8384416898091634,0.8073525428771973,3
0.609915574391683,0.6327342192331951,3
0.8372753858566284,0.9131227731704712,3
0.6682138707902695,0.970051646232605,3
0.5673674212561713,1.2032523552576702,3
0.6009337239795262,0.984166701634725,3
0.44035500950283474,0.6741189956665039,3
0.8100712564256457,1.2306358416875203,3
0.6442754666010538,0.9527086019515991,3
0.5866068336698743,1.2346162796020508,3
0.7513932387034098,0.9858853022257487,3
0.8155058489905463,1.0768837134043376,3
1.1160643299420674,0.760631243387858,3
0.8076659440994263,0.855699380238851,3
0.8792022864023844,0.6753341356913249,3
0.909032556745741,0.8936003843943278,3
0.7411160866419474,0.9097350835800171,3
0.6868351168102689,1.0828887224197388,3
0.4566227065192328,1.084213415781657,3
0.9366905954149033,1.132186492284139,3
0.18658397992451983,0.6960347493489583,3
1.0237721999486287,1.1783849199612935,3
0.642071419292026,1.1106836398442586,3
0.7941754327880011,0.9871942599614462,3
0.8462072213490804,0.8084874947865804,3
0.8911856346660191,0.9823020696640015,3
0.8357186582353381,1.097090244293213,3
0.7072368462880453,0.8202075958251953,3
0.9748279253641764,1.1079156796137493,3
0.7298196872075399,1.1379801034927368,3
0.5755923324161105,1.1909201741218567,3
0.6084981759389242,1.0423866113026936,3
0.5204517046610514,0.5933497746785481,3
0.7128205166922675,0.9964648087819418,3
0.6606282393137614,1.063345193862915,3
0.6825017001893786,0.9821724891662598,3
0.6593782305717468,1.0205562909444172,3
0.846889164712694,1.1582975784937541,3
0.7185732258690728,0.8265830675760905,3
0.6888360142707824,0.6299412250518799,4
0.9075966212484571,1.01815931002299,3
0.7310988969273037,1.1545573472976685,3
0.6723167167769537,0.935097336769104,3
0.94399493932724,0.9981718063354492,3
0.1116166671117147,0.6694884300231934,3
0.77114380730523,0.8145929972330729,3
1.0454394552442763,1.0415764252344768,3
0.43686025142669677,0.5444695154825847,3
0.39919257164001465,1.257641355196635,3
0.7876364986101786,1.036909580230713,3
0.6396915780173408,0.8409771919250488,3
0.7075555192099677,0.8185349305470785,3
0.5681365331013998,0.7625288168589274,3
0.8807486295700073,1.136378010114034,3
0.7536588907241821,0.4910612106323242,3
0.7246562639872233,0.9516496658325195,3
0.9552603165308634,1.03763747215271,3
0.8687418036990695,0.9277858734130859,3
0.6524698138237,0.9369250535964966,3
0.6966432730356852,1.1388073364893596,3
0.48618245213120076,1.1578520933787029,3
0.671873860889011,1.1000214417775471,3
0.48351240158081055,0.6033444404602051,3
0.8623065021302966,0.8116801579793295,3
0.7326151265038384,1.1055378119150798,3
0.5907116068734063,1.2060858011245728,3
0.7037675248252021,1.0142196814219158,3
0.8568775124020047,0.963321328163147,3
0.6030585924784343,1.1909507910410564,3
0.863500197728475,0.9767874876658121,3
0.8017733361985947,0.9264343579610189,3
0.8736348814434475,1.0869478384653728,3
0.8662541574902005,0.776237408320109,3
0.6526484489440918,0.8916460275650024,3
0.4602610932456123,0.9392551183700562,3
0.8730481863021851,0.764811118443807,3
0.9177265432145861,0.738455851872762,3
0.7406970262527466,0.8756891091664633,3
0.7234059307310318,0.8845010201136271,3
0.47364648183186847,1.162299394607544,3
0.36420635382334393,1.0744129021962483,3
0.32597647772894967,0.29516585667928064,3
0.7444730997085571,1.1734674374262493,3
0.8219849268595377,0.840579628944397,3
0.8988830844561259,0.7063321272532146,3
0.8360859817928739,1.0457104841868083,3
0.7121045854356552,0.6188704172770183,3
0.7108797709147135,0.9961196581522623,3
0.49241464932759604,0.7095907529195149,3
0.5372438298331367,1.196898380915324,3
0.8325260347790189,0.637044111887614,3
0.6915822823842367,0.9248925844828287,3
0.7030300034417046,1.0011105140050252,3
0.8340153959062363,0.94410506884257,3
0.8888353109359741,1.0439358552296956,3
0.710969885190328,0.7997034390767416,3
0.7643076578776041,1.2016237378120422,3
0.49515461921691895,1.0967397292455037,3
0.8046006891462537,0.9734695752461752,3
0.1738902727762858,0.878153920173645,4
0.6627848148345947,0.7536710103352865,3
0.9294541147020127,0.7871448198954264,3
0.7995384931564331,0.7529264291127523,3
0.4907836119333903,0.5202558835347493,3
1.1220118668344286,1.0543978214263916,3
0.9983931912316217,1.0203076203664143,3
0.887749433517456,0.902462879816691,4
0.7267412212159897,1.0756011406580608,3
0.9294979837205676,0.824667771657308,3
0.8043968015246921,0.9995544751485189,3
0.7687828805711533,1.253172794977824,3
0.8261677026748657,0.999897837638855,3
0.7603373924891154,0.9393800099690756,3
1.0309605422947141,0.9234975576400757,4
0.6807404491636487,1.0296176671981812,3
0.8002094692654079,0.744979699452718,3
0.6425267219543457,0.956346352895101,3
0.9648453129662408,0.9768578211466471,3
1.0070199502838981,1.098026196161906,3
0.7432807816399469,0.9683874448140463,3
0.6923366917504205,1.0909347534179688,3
0.4644024074077606,0.5912504990895588,4
0.5148515701293945,0.8497962951660156,3
0.7941568030251397,1.0513614813486736,3
0.9035125043657092,1.1062134901682537,3
0.7562105125851102,1.0714693069458008,3
0.48359473546346027,1.2126996914545696,3
1.008819792005751,1.0946826140085857,3
0.9933089812596639,0.8208086490631104,3
0.920046541425917,0.925434430440267,3
0.759694390826755,1.1564097007115681,3
0.7614807022942438,1.0557989676793416,3
0.8176053762435913,1.1838419834772747,3
0.7872113916609021,0.8135783672332764,3
0.9467626214027405,0.9344160954157511,3
0.7839644485049778,1.1871211131413777,3
0.7958608071009318,1.1559231281280518,3
0.8520995378494263,0.9073143005371094,3
0.9412526024712458,1.0835038820902507,3
0.20429566701253254,0.8114325205485026,3
0.9061396386888293,0.7872366110483805,3
0.7348540623982748,0.6590402921040852,3
0.7485995292663574,0.6188108921051025,3
0.8031396998299493,1.002358357111613,3
0.6284282207489014,1.0032772223154705,3
0.6100807653533088,0.7337058385213215,3
0.8092338773939344,1.0293393929799397,3
0.5511921882629395,0.5091063181559246,4
0.6398129728105333,0.6666061083475749,3
0.7742514345380996,1.0133639176686604,3
1.0233444505267675,1.057254672050476,3
0.7391735331217448,0.9013023614883423,5
0.8130492130915323,0.7834784189860026,3
0.7431273460388184,1.1666351556777954,3
0.8661429683367411,0.8887182871500651,3
0.6213822033670213,0.7969884872436523,3
0.864747961362203,0.7997679710388184,3
1.006875369283888,1.0980370839436848,3
0.8171332544750637,1.0668615500132244,3
0.8972834348678589,0.9633334080378214,3
0.7457916869057549,1.1922740936279297,3
0.5490419467290243,0.6472492218017578,3
0.7070044808917575,0.6142126719156902,3
0.8898070322142706,0.6176612377166748,3
0.9566456609302098,0.8572788238525391,3
0.7323923905690511,1.0759509404500325,3
0.5431867837905884,0.8816479841868082,3
0.5095754199557834,0.7727522850036621,3
0.9002977079815335,0.7861948013305664,3
0.8736051718393961,1.026713212331136,3
0.8677843809127808,0.805854876836141,3
0.4593397643831041,0.5794861316680908,3
0.7410898208618164,0.9802032311757406,3
0.8124694228172302,0.7015601793924968,3
1.0714889831013148,0.8466838995615641,3
0.7297507921854655,1.1529483795166016,3
0.79573831293318,1.1964052716890972,3
0.5263339148627387,0.765585740407308,3
0.6138805415895251,1.0290645758310955,3
0.5253357489903768,0.6786773204803467,3
0.7240290774239435,0.7760144074757894,3
0.9241231878598531,0.8755262692769369,3
0.680900189611647,0.8830077250798544,3
0.8207068708207871,0.814725399017334,3
1.0778625475035775,1.1642531553904216,3
0.80243009991116,0.9521749019622803,3
0.9622315963109335,0.9583409229914347,3
0.6725029018190173,0.9872498512268066,3
0.3715700838300917,0.677688757578532,3
0.843069248729282,1.0504227479298909,3
0.8797791533999972,1.01868470509847,3
0.7659684816996256,0.5764192740122478,3
1.0595294104682076,1.0039025942484539,3
0.6508773300382825,1.2208953897158306,3
0.5016168753306071,1.1107957363128662,3
0.6441868278715345,1.2270931800206502,3
0.7837899790869818,1.2082139253616333,3
0.6351391077041626,1.1604418357213337,3
0.479454716929683,0.6325009663899739,3
0.6985708077748617,1.0232009092966716,3
0.7881055540508695,0.8086867332458496,3
0.8002603186501397,1.0840871334075928,3
0.18680802981058756,0.7114019393920898,3
0.8755050897598267,0.9744342565536499,3
0.4298010269800822,1.086401104927063,3
0.3146679401397705,0.3445807298024496,3
0.5748789992597368,0.8880118529001871,4
0.8135881821314493,0.8886295954386393,3
0.7992788851261139,1.0920538902282715,4
0.6768430736329821,1.0877914826075237,3
0.6714406543307834,1.0608999331792195,3
0.6984021133846707,0.9117596546808878,3
1.0134316285451253,1.0500041643778484,3
0.4111753940582275,0.7132531801859539,3
0.711140513420105,0.846265991528829,3
0.7431394010782242,1.0823772152264912,4
0.5923742784394158,0.8824905554453532,3
0.586023705093949,0.6394154230753581,3
0.7824354569117228,1.2134881615638733,3
0.946341355641683,0.5386535326639812,3
1.2426667213439941,0.9208548863728842,3
0.9636501471201578,0.9346283276875814,3
0.6894463168250189,1.245435357093811,3
0.17595952086978486,0.20223752657572425,3
0.7957791884740194,1.1915015776952107,3
0.4779194990793864,0.8125401337941488,3
0.5639524062474569,1.2016887267430623,3
0.6832312279277378,1.1063934961954753,3
0.9414616293377346,0.669521967569987,3
0.7154962221781412,1.1740847826004028,3
0.665268619855245,1.0390363534291585,3
0.743225892384847,1.0521786610285442,3
0.7023397750324674,0.6525311470031738,3
0.5875084002812704,1.2466046412785847,3
0.6796094179153442,0.7867934703826904,3
0.7194172276390923,1.0662819544474285,3
0.5368483066558838,1.2857319712638855,3
0.832959168487125,0.991943359375,3
0.5957618421978421,1.0893414815266926,3
0.8448233869340683,0.9360564549763998,3
0.6309606631596884,0.9234311978022257,3
0.5257108476426867,0.7212130228678386,3
0.6409414688746135,1.0744332869847615,3
0.9576436413658991,0.6849051316579182,3
0.8385449118084378,0.9781796137491862,3
0.8532312446170384,1.1238853534062703,3
0.9416342775026957,1.0870668093363445,3
0.6517850955327352,1.119316856066386,3
0.7196202410591974,0.956330140431722,3
0.7391633212566376,0.7552680571873983,4
0.5880403783586291,0.8132489522298177,3
0.3264617919921875,1.182157079378764,3
0.7383728159798517,0.790261427561442,3
0.4519885778427124,0.9514297644297282,3
0.8036283784442478,0.9730173349380493,3
0.7979309492641026,0.9145025014877319,3
0.7427101002799139,0.9823274612426758,3
1.0611127416292827,1.0692562262217205,3
0.6611248784595065,1.0557013352711995,3
0.8572341998418173,1.0942570368448894,3
0.7156701352861191,1.0008889039357503,3
0.8287186225255331,0.7405284245808919,3
1.113192213906182,1.1460071404774983,3
1.1085231436623468,1.026234229405721,3
0.44508616129557294,1.047700564066569,3
0.8598366578420004,0.9601531028747559,3
0.9783244795269436,0.9457778135935465,3
0.8156417873170642,0.998275876045227,3
0.7516664531495835,1.0124893585840862,3
0.620862775378757,1.2249584595362346,3
0.6743968990113999,1.1165947516759236,3
0.46930726369222003,0.6198558807373047,3
0.6557093461354574,0.9370307922363281,3
0.7163928482267591,0.9170570373535156,3
0.9844002922375997,1.0938975811004639,3
0.7247683472103543,1.106245716412862,3
0.5255750550164117,0.9131031036376953,3
0.901914378007253,1.1239204406738281,3
1.070749514632755,0.8405890464782715,3
0.918549312485589,0.8714222113291422,3
0.4425335195329454,1.1077015399932861,3
0.9477370977401733,0.9665921926498413,3
0.8672482172648112,0.9980924924214681,3
0.6581813626819186,1.037308971087138,3
0.6533805131912231,0.9355274041493734,3
0.599802467558119,1.1237139701843262,3
0.9206313027275934,1.045644760131836,3
1.0894089407391017,1.0026193062464397,3
0.5870536645253499,0.5658926169077556,3
0.5528138213687472,1.2720739444096882,3
0.6758902072906494,0.9307952721913656,3
0.9439836045106252,1.065569241841634,3
0.5467760297987196,1.0506271123886108,3
0.5720475117365519,1.0913533369700115,3
0.4346655607223511,1.1603307326634724,3
0.6341395113203261,0.9519569079081217,3
0.6758991811010574,1.079830249150594,3
0.8584792613983154,0.7971482276916504,3
1.0002408292558458,0.9606885115305582,3
1.028865549299452,0.7851729393005371,3
0.6109915044572618,0.9463596343994141,3
0.794504843155543,0.9609872897466024,4
0.32539908091227215,0.5702073574066162,3
0.636181288295322,1.09480086962382,3
0.8029999600516425,1.0120042165120442,3
0.8739851845635309,1.0088047981262207,3
0.9270649684800043,0.7605688571929932,3
0.9926026662190756,0.9025318225224813,3
0.06240366299947101,0.865929126739502,3
0.794899582862854,1.090036948521932,3
0.8409948282771641,0.5465005238850911,3
0.4559347867965698,0.4713114102681478,3
0.8348813454310099,1.24308447043101,3
0.18188297748565674,0.2555016676584879,3
0.6763589117262098,0.8344163497289022,3
0.7321334547466701,0.9079415003458658,3
0.7744454940160116,1.2502549489339192,3
0.6762419872813755,1.0957733392715454,3
0.8175350030263265,1.258466323216756,3
0.4788215822643704,0.43551810582478845,3
0.8971940279006958,0.9105468193689982,3
0.4713653643925985,0.7651030222574869,3
0.8048140075471667,1.1683658361434937,3
0.729758275879754,1.1151361465454102,3
0.13210248947143555,0.340195894241333,3
0.9820675849914551,1.0526572863260906,3
0.884297482172648,0.8351392269134521,5
0.7446016867955526,1.1671545108159382,3
0.6168826421101888,0.9038348992665609,3
0.9780045416620041,1.0813734928766887,3
0.14903349346584746,0.2952694892883301,3
0.8458346923192342,0.9348224401473999,3
0.8494002355469599,0.9748343626658121,3
0.643938336107466,1.013024886449178,3
0.6446939706802368,1.2742758591969807,3
0.5909340063730876,0.9451565742492676,3
0.8584063450495402,1.001261552174886,3
0.5479357772403293,1.120290716489156,3
0.7112089660432604,1.1194562514623005,3
0.7289536065525478,1.0323954820632935,3
0.05714604059855144,0.9453016122182211,3
0.6531552738613553,0.8595157861709595,3
0.5408593813578287,1.0663365523020427,3
0.8469944066471523,1.005098581314087,3
0.9500804477267796,1.0206188360850017,3
0.7438904245694479,1.1821382641792297,3
0.7042748398251003,0.9229775667190552,3
0.9314337505234613,1.0891005992889404,3
0.6697462797164917,1.0628736813863118,3
0.8923876351780361,1.1904380718866985,3
0.8277549611197578,0.977696418762207,3
0.8489996857113309,0.8093178272247314,3
0.8594259520371755,1.1262871424357097,3
0.7590501838260227,0.9211070537567139,3
0.783846226003435,1.0146825313568115,3
0.8017758131027222,1.2034536798795064,3
0.8967714111010233,0.8800768852233887,3
1.0889922579129536,1.0091631809870403,3
0.9532041549682617,0.8097963333129883,3
0.637885676489936,1.1265989542007446,3
0.6393767727745904,1.0370148022969563,3
0.5419688887066312,1.1646547317504883,3
0.5160695791244506,1.0879132747650146,3
0.6123412582609389,0.8700981140136719,3
0.4443060292137994,0.5911067326863606,3
0.6925903161366781,0.7624444166819254,3
0.714962429470486,1.118316650390625,3
0.6106426450941297,1.1612221399943035,3
0.7625564469231499,0.8886392116546631,3
0.6531377898322211,1.0911527474721272,3
0.7715825239817301,1.186048150062561,3
0.2919054561191135,0.37110964457194007,3
0.7335086398654513,1.1309988498687744,3
0.9811176591449314,1.0114980538686116,3
0.6835184892018636,0.40641705195109046,3
0.8422781229019165,1.0404390096664429,3
0.967923488881853,1.121503194173177,3
1.0138315757115681,1.0794829527537029,3
0.6377864344914754,0.647514820098877,5
0.4779776732126872,1.0284595092137654,3
0.7869211435317993,0.9170189698537191,3
0.7646200921800402,1.1884210308392842,3
0.6317939493391248,1.1704450845718384,3
0.7472508748372396,0.9968317747116089,3
0.7769766449928284,1.0248804092407227,3
0.7227406899134318,0.9626367489496866,3
0.7423066563076443,0.7788928349812826,3
0.8478107783529493,0.8332344690958658,3
0.7579681211047702,1.156244953473409,3
1.1540743841065302,0.9134025971094767,3
0.6438133054309421,1.1229387124379475,3
0.9611335065629746,0.9700067043304443,3
0.8005012538697985,0.78167192141215,3
1.001936395963033,0.900193452835083,3
0.7134738763173422,1.0562856197357178,3
0.8551235728793674,1.104932387669881,3
0.6383919053607517,1.0754917462666829,3
0.6854298114776611,0.9432907899220785,3
0.7628210915459528,1.0287594000498455,3
0.23633643786112468,0.635813554128011,3
0.7517873446146647,1.028488000233968,3
0.6562615566783482,1.0922064781188965,3
0.498764435450236,1.1752201716105144,3
0.7048966884613037,0.9823985497156779,3
0.48272826936509877,0.5181210835774739,3
0.5959861675898234,1.1345080137252808,3
0.19036417537265352,0.32283004124959314,3
0.7499637444814047,0.9501996835072836,3
0.6951694620980158,0.9734554290771484,3
0.7294691403706869,0.9265027046203613,3
0.8513855801688299,0.9200345277786255,3
0.8727212150891622,0.9898998737335205,3
0.720432824558682,0.5998799006144206,3
0.6816734737820096,0.8743430376052856,3
0.9356602827707926,1.0169516404469807,3
0.7624634636773003,1.0185311237970989,3
0.9590912130143908,0.7271158695220947,3
0.5813053051630656,0.9525954723358154,3
0.4510305086771647,1.1566723187764485,3
1.0744487444559734,1.008204698562622,3
0.5757121324539184,1.0103998184204102,3
1.1704837812317743,0.7814974784851074,3
0.927039643128713,1.064388354619344,3
0.1492812156677246,0.8780929247538248,3
0.36416367689768475,0.5028221607208252,3
0.6480462418662177,0.9502268234888712,3
0.7904451025856867,1.2745654582977295,3
0.4212826357947455,1.0683546861012776,3
0.6354333162307739,1.000813643137614,3
0.5584601296318902,0.8501782417297363,3
0.8785062299834356,0.992525577545166,3
0.9298739433288574,1.0210989713668823,3
0.7050371832317777,0.9952025016148885,3
0.8218842612372504,0.9620889822642008,3
0.6991095410452949,0.9555736780166626,3
0.7620397408803304,0.8075989087422689,3
0.7371539937125312,0.9311654567718506,3
0.21160064538319903,0.8453177611033121,3
0.7809255851639643,0.7562228838602701,3
0.6538321574529012,1.144924481709798,3
0.7623691691292657,1.0274430513381958,3
0.5717971854739718,1.2112847367922466,3
0.5550822019577026,0.8345645268758138,3
0.8759614361657037,0.8875699838002523,3
0.7278818686803182,0.7437483469645183,3
0.7900980780522029,0.9542822043100992,4
0.9187082846959432,1.0447598695755005,3
0.6941232548819647,1.0231186946233113,3
0.6369547049204508,0.8170181115468343,3
0.5995561016930474,0.9869331518809,3
0.795262614885966,1.2332319617271423,3
0.7490748696857029,1.0904629627863567,3
0.7024176650577122,1.0465761025746663,3
0.7477938466601901,1.0940680901209514,3
0.8014583256509568,1.1294838984807332,3
0.7772956954108344,1.2036120891571045,3
0.6807287931442261,0.8846142292022705,3
0.8846649726231893,0.9763852755228678,3
0.5210725333955553,0.8654890457789103,3
0.9878368642595078,0.9964720805486044,3
0.9826822148429022,1.0724523862202961,3
0.7617740763558283,0.8402399222056071,3
1.0382974280251396,1.01119331518809,3
0.7523219108581544,1.2059856057167053,3
0.663952456580268,0.8671003580093384,3
0.7108881605996027,1.0046874284744263,3
0.8799482451544867,0.8407126665115356,3
0.8596202797359891,1.1808354059855144,3
0.5592602888743082,1.0275554259618123,3
0.704087840186225,0.6352917353312175,3
0.4842345833778381,0.9469355742136637,4
0.8140760991308426,0.8484164079030355,3
0.7343926429748535,1.145229657491048,3
0.767229093445672,1.2368278503417969,3
0.5453064441680908,0.956220785776774,3
0.7620700134171381,0.4638392130533854,3
1.0522404776679146,0.9969392617543539,3
0.5690782599978977,1.0323479970296223,3
0.6637317736943563,0.8214805920918783,3
0.810266621907552,0.905809243520101,3
0.7883676158057319,1.0014379819234211,3
0.6460463338428073,1.122848669687907,3
1.0639849238925512,0.7206146717071533,3
0.6221017705069648,0.908110777537028,3
0.8478165202670628,1.0807026624679565,3
0.5420132875442505,1.1692307392756145,3
0.7338337898254395,0.9124985933303833,3
0.6257195737626818,0.9239895741144816,3
0.7404745949639214,0.8897136052449545,3
0.7551763984892105,0.9148883819580078,3
0.6510611110263401,1.1707114775975545,3
0.8227648205227321,0.8231984774271647,3
0.7306647565629746,1.091095248858134,3
0.7534604205025568,1.0961031913757324,3
0.7273978922102186,1.2282041907310486,3
0.961823238266839,1.0331231355667114,3
0.9569108618630303,0.8049319585164388,3
0.4257258044348822,0.6090526580810547,3
0.610016213523017,1.0988268852233887,3
0.3585187911987305,0.8619343439737955,3
0.6886042753855387,1.2525508006413777,3
0.5406291219923232,0.5352064768473308,3
0.7678176429536606,1.1019924481709797,3
0.7888655861218771,1.083444356918335,3
0.9043874012099371,1.1686756610870361,3
1.094316840171814,0.7858351071675619,3
0.4557766914367676,0.689302921295166,3
0.792648196220398,1.244655152161916,3
0.832345512178209,0.5901719729105632,3
1.0689342617988586,0.8791664441426595,3
0.6201767206192016,0.9482497771581014,3
0.746314459376865,1.1328282356262207,3
0.8842743304040698,1.1378932396570842,3
0.28407361772325307,0.6839174429575603,3
0.796427587668101,1.0224995215733845,3
0.48871071338653566,0.5456387996673584,3
0.8524272044499716,0.8732871611913046,3
0.3938935200373332,1.1791637937227886,3
0.7450753450393677,1.016948660214742,3
0.860366940498352,1.0024269421895344,3
0.18572255439228483,0.7486200332641602,4
0.9485496547487048,1.1554077466328938,3
0.7642510202195908,0.8200952212015787,3
0.43691423115906886,1.242334008216858,3
0.7574825154410467,0.9690858920415243,3
0.7300505373213028,1.033722996711731,3
0.6699105183283488,0.8790070613225301,3
0.9317512512207031,0.7944931983947754,3
0.755442804760403,1.160447597503662,3
0.5455875131818984,1.1689304908116658,3
0.8095687892701889,1.1003727912902832,3
0.7263793018129135,1.005598823229472,3
0.9618014163441128,0.9707797765731812,3
0.7182747390535144,1.1893867254257202,3
0.8446631034215292,0.8612933953603109,3
1.1199949714872572,0.8841238816579183,3
0.7954930226008097,0.9711762269337972,3
0.582032322883606,0.5154587427775066,3
0.5387447939978706,0.9999586741129557,3
0.9490286111831665,0.7871600786844889,3
0.4492873483233981,1.0483171145121257,3
0.6193500624762641,1.2240877946217854,3
0.8821056816313001,1.1608913342158,3
0.8392907778422037,1.0221572717030842,3
0.6818689107894897,0.7205123901367188,3
0.7186642487843832,1.1102792421976726,3
0.4138649304707845,0.6418170928955078,3
0.6291988690694174,0.5818571249643962,3
0.9570457405514187,0.8318910598754883,3
0.7666678428649902,1.0783512592315674,3
0.6005660163031684,1.1037003596623738,3
0.858818703227573,0.8501812616984049,3
0.19058565298716226,0.44143946965535485,3
1.1127513911989,1.0067131916681926,3
0.6306907998190986,1.0640432039896648,3
1.0561565624343026,1.0546207030614216,3
0.7078768014907837,0.8820423682530721,3
0.7722401089138454,1.0377284685770671,3
0.4360629161198934,1.12000572681427,3
0.9461338122685751,1.2013227740923564,3
1.0199233293533325,1.0251214901606243,3
0.5842902130550809,0.9430325826009115,3
1.0019255545404222,1.056588053703308,3
0.6454242865244547,1.007564942042033,3
1.1979529327816434,0.9997185866038004,3
0.8072688314649795,0.9987699190775553,3
0.577917218208313,0.9224680264790853,3
0.8087436159451803,1.1762301524480183,3
0.9877057936456467,1.1162201563517253,3
0.9202104409535726,0.875223716100057,3
0.6172527154286702,0.6928930282592773,3
0.600644760661655,0.916012684504191,3
0.6960534890492758,1.0387619336446126,3
0.7512404653761123,0.8980406920115153,3
1.0235739019181993,1.0329395929972331,3
0.9193618562486437,0.9727992216746012,3
0.9299673040707906,0.9806989828745524,3
0.6088524659474691,0.9282782872517904,3
0.6972379419538709,0.882951815923055,3
0.7284017668830024,0.7264232635498047,3
0.5190725856357151,1.1263033946355183,3
0.8996478716532389,1.084852933883667,3
0.7811121145884196,1.1064687569936116,3
0.75756745868259,1.0755115350087483,3
0.754683189921909,1.2042128841082256,3
0.732863187789917,1.2829306721687317,3
0.5616367181142171,0.74805482228597,3
0.7416257990731133,1.2259563008944194,3
0.6724358532163831,0.9213834603627523,3
0.8387031555175781,1.1874489386876423,3
0.5718442598978678,1.033589243888855,3
0.5450867811838785,0.7039133707682292,3
0.9413578708966573,1.0742514928181965,3
0.845326668686337,0.9568522373835245,3
0.5719295660654704,0.5754014650980632,3
0.7828660492543822,0.34376327196756995,3
0.6753423743777806,0.9021442731221517,3
0.7042911052703857,1.2206228574117024,3
0.42250343163808185,0.7375585238138835,3
0.8385274012883505,1.0857488711675007,3
0.6697858704460992,1.098272403081258,3
0.7892400821050009,0.9707549015680949,3
0.353474497795105,0.3388263384501139,3
0.7570422093073527,1.185899555683136,3
0.7369638019137912,1.0367836554845173,3
0.8345230685340034,1.2372039556503296,3
0.8548071251975166,1.1124542554219563,3
0.47389874193403453,0.9611384471257528,3
0.7084482510884603,0.9179139931996664,3
0.8221971723768445,0.7539186477661133,3
0.7434693435827892,0.7889545758565267,4
0.5323503414789835,1.0462875763575237,3
0.7289570569992065,0.9848601023356119,3
1.0611058208677504,0.9838746786117554,3
0.4258385234408908,0.8772148291269938,3
0.676140566666921,0.7877004941304525,3
0.7991811169518366,0.9048428535461426,3
1.0092110236485798,0.7827842235565186,3
0.9448219272825454,0.967609167098999,3
0.736585259437561,0.9184774955113729,3
0.8044164048300849,0.9290010134379069,3
0.8793865309821234,1.1637780666351318,3
0.8534101049105326,1.0262125333150227,3
0.6605638795428806,1.0854389667510986,3
0.5131394598219129,1.1134061813354492,3
0.6388788753085666,1.0756927331288655,3
0.7139094803068372,0.8542048931121826,3
0.7570645544264053,0.9885497887929281,3
0.8489720953835381,0.9611188570658366,3
0.7297694815529718,1.1293208201726277,3
0.7638883723153008,0.8130202293395996,3
0.5676136414210001,1.13204824924469,3
0.6976796388626099,0.9033642609914144,3
0.5377077658971151,1.176989456017812,3
0.5374962223900689,0.7890601952870687,3
0.5352175235748291,0.8069039980570475,3
0.9316221872965494,1.0428110758463542,3
0.44969403743743896,1.0986627737681072,3
0.7678890625635783,0.8838189442952474,3
1.0998122721910477,0.8911403814951578,4
0.8444367779625788,1.0833065509796143,3
0.8895843029022217,1.0794330437978108,3
0.7569903532663981,1.0678070386250813,3
0.8304057916005453,0.748621940612793,3
0.8785783383581375,0.9175273577372233,3
0.8589956892861261,0.9687605698903402,3
0.7430764966540866,0.5995593070983887,3
0.6555821100870768,1.0482844114303589,3
1.039589292473263,0.9222530921300253,3
0.6474295695622762,0.4567604064941406,3
0.6827861467997233,0.8901965618133545,3
0.7941375388039482,1.0543145338694255,3
0.5815167162153456,0.945264975229899,3
0.5076652765274048,0.7732467651367188,3
0.9210984309514364,0.9637271563212076,3
0.8592317766613431,1.2217493454615276,3
0.48676151699490017,0.5594808260599773,3
0.957217276096344,0.9017498095830282,4
0.7882872356308831,1.094981034596761,3
0.8171839184231229,0.995522141456604,3
0.7830827567312454,0.7553504308064779,3
0.6364005837175581,0.9713541666666666,4
0.963715652624766,0.8288873831431071,3
0.5132553312513564,1.1948167284329732,3
0.21913371086120606,1.068768302599589,3
0.44680256313747835,0.8559723695119222,3
0.7209879438082376,1.0713843901952107,4
0.831505126423306,1.0054574012756348,3
0.673122439119551,0.9116595586140951,3
1.0304736031426325,1.0556965668996174,3
0.5430002609888712,0.7653951644897461,3
0.3129707972208659,0.9609583218892416,3
0.8768467704455057,1.0809783538182576,3
0.9708381990591685,1.0306902726491292,3
0.7286196682188247,1.066123326619466,3
0.6422090265485975,1.0779455502827961,3
0.9599372678332858,1.120731234550476,3
0.6818945407867432,0.8264436721801758,3
0.6113510529200236,1.0356462399164836,3
0.6496701637903849,1.049104889233907,3
0.8472176392873129,0.8720761140187582,3
0.5818772051069472,0.9503008524576823,3
0.707192579905192,0.8172885576883951,3
0.9454268481996325,1.1130253076553345,3
0.5578047434488932,1.1996262470881145,3
0.6916731198628744,1.077023943265279,3
0.7827696469095017,0.993989904721578,3
0.9443256855010986,1.0080504020055134,3
0.4383460813098483,1.2396649320920308,3
0.8781413502163357,1.1738247871398926,3
0.6623219648996989,1.0335323015848796,3
0.734705368677775,0.8339878718058268,3
0.7714799775017632,0.9724509716033936,3
0.8482234477996826,1.1852063934008281,3
1.0174099339379206,0.999751885732015,3
0.4507228665881687,0.6966282526652019,3
0.6276817189322578,1.167042334874471,3
0.9695445232921177,0.9545525709788004,3
0.726394772529602,1.138686974843343,3
0.7388751194590614,1.0632582902908325,4
0.70273580816057,1.1704997221628826,3
0.5004164775212606,1.044653296470642,3
0.8558264705869886,1.0800007979075115,3
0.4700898064507379,0.9278697967529297,3
0.9889927042855158,1.0249981880187988,3
0.6917076773113674,1.0729493300120037,3
0.8162331978480021,0.9319618940353394,3
0.8458275397618612,1.0857727527618408,3
0.6680700514051648,1.051586906115214,3
0.8424833218256632,0.7936011950174967,3
0.45076723098754884,0.5866113503774006,3
0.7569061650170221,0.6510230700174968,3
0.761175447040134,1.1117475032806396,3
0.8106600748168098,1.0043881336847942,4
0.6946855783462524,1.0578872362772624,3
0.526014486948649,0.5740461349487305,3
0.8880327489640978,1.1460784276326497,3
0.44304645856221514,0.7270849545796711,3
0.7171555227703519,1.1488800048828125,3
0.5896257042884827,1.1188643376032512,4
0.6917505529191758,1.0288480122884114,3
0.780399481455485,0.9288810094197592,3
0.628860765033298,1.1082659562428792,3
0.7495062549908956,1.178666849931081,3
0.8510707086986965,1.2087475856145222,3
0.8476554155349731,1.269261360168457,3
0.6999061504999796,0.8076303799947103,3
0.8896501461664835,1.121045748392741,3
0.7880826393763224,1.2173123359680176,3
0.4809485011630588,0.9302839835484823,3
0.766234834988912,1.0908146301905315,3
0.8329245381885104,0.9926522572835287,3
0.7405449072519938,0.7934656143188477,3
0.9524126675393846,0.9823227326075236,4
0.9105722374386257,0.9901855786641439,3
0.9521160920461019,0.7985601425170898,3
0.8309359285566541,1.0190903345743816,3
0.9139743447303772,0.9717496236165365,3
0.6242636972003512,1.053911844889323,3
0.6140708128611246,1.2252580722173054,3
0.6925331221686468,0.8142765363057455,3
0.6559731562932333,0.8094096978505453,3
0.8389969915151596,0.906352162361145,4
0.49315829277038575,0.8374013106028239,3
0.6691892147064209,0.9522191683451334,3
0.6543337239159478,1.0763203303019206,3
0.8384369081921047,0.9006655613581339,3
0.5426368448469373,0.9728777408599854,3
0.8840358919567533,1.1411912838617961,3
0.8157135645548502,0.8802535136540731,3
0.9315522776709662,0.9041507641474406,3
0.899865256415473,0.7014644940694172,3
0.5097126298480564,0.601243257522583,3
0.5553645292917887,1.0492371718088787,3
0.6518599810423674,1.001389503479004,3
0.8546322054333158,0.9384249846140543,3
0.6510514948103162,0.9496709505716959,3
0.7613458898332383,1.091944654782613,3
0.8216071791119045,0.7947380542755127,3
0.7222010691960653,0.8806977272033691,3
0.5915439592467414,1.1892925302187602,3
0.8575249248080783,0.7095409234364827,3
0.8286847074826559,0.9055394331614176,3
1.1165292461713154,0.9870706001917521,3
0.7106887896855673,1.0735596021016438,3
0.3037734905878703,0.5720543066660564,3
0.6553398238288032,0.9219281276067098,3
0.815593785709805,0.9708369175593058,3
0.6131856971316867,0.9026573101679484,3
0.7058500581317477,1.236248215039571,3
0.6994472477171157,1.036771535873413,3
1.028957102033827,0.9114286104838053,3
0.8260186778174506,1.1192880868911743,3
1.0899123350779216,0.8979254563649496,3
0.8859714799457127,1.211833914120992,3
0.5660600397321913,0.533048152923584,3
0.7406757540173,1.1735111872355144,3
0.8953458733028836,0.9237119754155477,3
1.0197199980417888,1.0689202547073364,3
0.6830717192755804,0.8067680994669596,3
0.8373662498262194,0.9630930423736572,3
0.6695075238192523,0.7343640327453613,3
0.5318672524558173,1.1849369605382283,3
0.7152033911810981,0.9012222290039062,3
0.5762719843122693,1.2486233711242676,3
0.648208843337165,1.0184306701024373,3
0.8909193277359009,1.1408789952596028,3
0.4681493308809069,1.1779489119847615,3
0.9617464145024618,1.131546179453532,3
0.6205193863974677,0.8882736365000407,3
0.6279814773135715,1.219699780146281,3
0.8392860227160984,1.1527771949768066,3
0.47574273745218915,0.5141395727793376,3
0.5220775206883749,1.1098540623982747,3
0.5961383448706733,0.7765247027079264,3
0.735249075624678,1.1000862121582031,3
1.0265688565042284,1.10133957862854,3
0.5065529902776083,0.8346225023269653,3
0.6656959851582845,0.9724899927775065,3
0.726972156100803,1.098242203394572,3
0.9476372665829128,0.5517157713572185,3
0.4595476786295573,0.806871255238851,3
0.4946133295694987,0.9903315703074137,3
0.6427965958913168,0.8822372754414877,3
0.5517743428548177,0.6418975989023845,3
0.7756539781888326,1.0583500862121582,3
0.7353147003385757,1.0002050797144573,3
0.7690587573581271,0.862093448638916,3
0.6251972847514683,0.7838676770528158,3
0.8597990406884087,1.2500383059183757,3
0.8343321164449056,0.9044915835062662,3
0.8229367733001709,0.8866697152455648,3
0.7533308135138618,0.7698655923207601,3
0.9566363096237183,0.9811051686604818,3
0.7785125043657092,1.2477863430976868,3
0.5548757314682007,1.1891379555066426,3
0.8081935710377164,0.7415366172790527,3
0.5637861490249634,0.8641388416290283,3
0.983694056669871,1.030055284500122,3
0.7015775707032946,1.1609865029652913,3
0.7978295644124349,0.9401885668436686,4
0.6393465333514744,1.227508306503296,3
1.171438713868459,1.060244083404541,3
0.6098911232418484,1.261005202929179,3
0.8013999130990769,0.6011101404825847,3
0.7541770537694296,0.9867426951726278,3
0.9017794993188647,1.0763572851816814,3
0.4180240591367086,0.9236392577489217,4
0.699225061469608,0.4149661064147949,3
0.7346723344590927,1.1763086120287578,3
0.060760789447360554,0.20645507176717126,3
0.5451001193788317,1.1038319269816081,3
0.516969641049703,0.8302906354268392,3
0.7837298976050483,0.9248100121816,3
0.5989052454630533,0.8271152178446451,3
0.920467542277442,0.9999581972757975,3
0.6035056511561075,1.1695696711540222,3
1.0522386564148798,1.0469709634780884,3
0.8549637330902948,1.014080286026001,3
0.39066624641418457,1.231565793355306,3
0.9692177238287748,1.0471180280049641,3
0.5347848494847616,1.136788288752238,3
0.627317468325297,1.222739537556966,3
0.14273269971211752,0.23327477773030603,3
0.6356279055277506,0.8861606121063232,3
0.6574471394220988,1.0094201564788818,3
0.7764070431391398,0.9601914485295614,3
0.5137958261701795,0.960718552271525,3
0.9342953030268351,0.9975600481033325,5
0.9082660012774998,1.171288013458252,3
0.5708231131235758,1.1791771451632183,3
0.82077956199646,1.1185671091079712,3
0.9674863749080234,1.1214438279469807,3
0.8651334842046102,1.098082462946574,3
0.7533231841193305,1.1312110424041748,3
0.7751123905181885,1.0424733559290569,3
0.783567163679335,1.0738098621368408,3
0.6278413931528727,0.9155235687891642,3
0.8356151514583164,1.1782259543736775,3
0.7153555022345649,0.9858133792877197,3
0.2654789209365845,0.5911327997843425,3
1.0161951184272766,1.1552573839823406,3
0.9629894693692526,1.108249028523763,3
0.8257336550288731,1.0790448188781738,3
0.6253162225087484,1.0292803446451824,3
0.9420785241656833,1.045728047688802,3
0.6825865308443706,0.8253612915674845,4
0.7500031126870049,1.0817596515019734,3
0.8054611815346613,0.9404023885726929,3
0.6993973387612238,0.8375004529953003,3
0.6485577954186333,1.009278694788615,3
0.8958151737848917,1.0881571769714355,3
0.1625970072216458,0.3038717110951742,3
0.7266173362731934,0.8686950206756592,3
0.6915997266769409,0.5971114635467529,3
0.4603010680940416,1.0335129102071126,3
0.6248612403869629,1.0882071654001872,3
0.7779124048021105,1.0911590258280437,3
0.9964291983180577,1.0910614331563313,3
0.5934895144568549,0.9544147253036499,3
1.0769034226735432,0.7590785026550293,3
0.7547586229112412,0.9783155918121338,3
0.7254901594585843,1.1658202807108562,3
0.5873370038138496,1.0432225068410237,3
0.814657105339898,1.09166153271993,3
0.5529265138838025,0.9904802242914835,3
0.7368908325831095,0.8364471594492594,3
0.7773600021998087,1.1266024112701416,3
0.7802610927157932,0.7245726585388184,3
0.6366057528389825,1.2275701363881428,3
1.1116280688179865,0.8175754547119141,3
0.9378142688009475,1.1369837919871013,3
0.7810481720500522,1.117221196492513,3
0.7935325304667155,1.111313263575236,3
0.6767147647009955,1.2433286507924397,3
0.6332388586468166,0.8260100682576498,3
1.0213247338930767,0.9534947872161865,3
1.0344494581222534,0.8379194339116415,3
0.2495861530303955,0.7807942231496176,4
0.6493798891703287,0.7914296785990397,3
0.6429144938786825,0.9719885985056559,3
0.6470022996266683,1.0571868419647217,3
0.7740037043889364,1.1928189198176067,3
0.8280562692218357,1.177883009115855,3
0.5992492304907905,1.0415529012680054,3
1.0241604414251115,1.1027946869532268,3
0.8494301504558988,0.8581939140955607,3
0.5953324635823568,0.9897700150807699,3
0.7669119622972277,1.137973388036092,3
0.9032890266842312,0.9214141766230265,3
0.6040118667814467,1.0668320655822754,3
0.4467159112294515,0.4640435377756754,3
0.7007821665869819,0.8251574834187826,3
0.9764973521232605,0.9848510424296061,3
0.684501952595181,1.1512763500213623,3
0.8110831711027356,0.4508429368336996,3
0.773225466410319,0.7122554779052734,3
0.22502970695495605,0.17802635828653968,3
0.9356700976689657,1.188632845878601,3
0.7857151693767971,0.7748522758483887,3
0.7769680261611939,0.7815150419871012,3
0.7517630457878113,1.0600777467091878,3
0.7819013992945353,1.14480721950531,3
0.8128172953923544,0.7164013385772705,3
0.4413398504257202,1.0179788668950398,3
0.4723019957542419,0.759406566619873,4
0.603371090359158,0.9276062647501627,3
0.6519454452726576,1.061765432357788,3
0.7524216007303308,1.0614039897918701,3
0.859514037768046,0.778749148050944,3
0.49728214740753174,0.67853577931722,3
0.8640462093883091,0.919867753982544,3
0.7760829263263278,1.03953218460083,3
0.676867233382331,0.9464845657348633,3
0.9555537005265552,1.0066336472829183,6
0.7623296644952561,0.9490109284718832,3
0.9880735211902195,0.9450060923894247,3
0.20251756509145102,0.5397934913635254,3
0.805387814839681,1.1279962460199993,3
0.6324578921000162,1.048431158065796,3
0.6422582997216119,0.6815587679545085,3
0.717353516154819,1.125578244527181,3
0.8434007697635227,1.1304613749186199,3
0.7197522123654684,0.7990970611572266,3
0.8960310882992214,1.0623572667439778,3
0.574259877204895,1.1921669244766235,3
1.0383086336983576,0.8862714370091757,3
0.8082979122797648,0.649154504140218,3
0.8534568481975132,1.0141522884368896,3
0.7993039422565037,0.797010580698649,3
0.7015957938300238,1.0611167748769124,3
0.7659119764963785,0.8909838994344076,3
0.5326919555664062,0.5867834091186523,3
0.7735375695758395,0.8449506362279257,3
0.7134986639022828,0.8636576731999716,3
0.6122452409179122,0.9603494803110758,3
0.6156256331337823,1.285672704378764,3
0.5264085398779975,1.2528236707051594,3
0.40626622835795084,0.7693167527516683,3
0.8088973628150091,0.8553048769632975,3
0.8417773312992519,1.204666296641032,3
0.6118370029661391,1.1365500291188557,3
0.7014546328120762,1.2608405749003093,3
0.5649778048197428,1.0757886568705242,3
0.1550442377726237,0.3252951304117838,3
0.8201834095848932,1.0152544975280762,3
0.6300053199132284,1.2484501004219055,3
0.8379706475469803,0.8293969631195068,3
0.6909209887186686,1.2323411305745442,3
0.697490241792467,1.0157699187596638,3
0.834467503759596,1.0115641752878826,3
0.7025634050369263,1.0484892129898071,3
0.5835563672913445,0.8326268196105957,3
0.9154850376976862,1.133509675661723,3
0.5187327861785889,1.010965903600057,3
0.6563886801401774,1.009151816368103,3
0.481995956103007,0.7694308757781982,3
0.6433096064461602,1.2478805383046467,3
0.8335252867804632,0.9847775300343832,3
0.7757378551695081,1.2028697729110718,3
0.9488861958185831,0.7960804303487142,3
0.579353862338596,0.9084554115931193,3
0.7016263273027209,1.1594988107681274,3
1.0421632528305054,1.1132272084554036,3
1.0554373986191221,0.8764098485310873,4
0.7001410590277778,0.9785122076670328,3
0.5828806877136231,0.9376959800720215,3
0.5294846693674723,0.7829484939575195,3
0.5481451352437338,0.9409278233846029,3
0.8539831770790948,0.7289294401804607,3
0.7126766880353292,0.6233545939127605,3
0.673482616742452,1.0241107940673828,3
0.9936715165774027,1.095631202061971,3
0.32627059353722465,0.6048970222473145,3
0.7752692699432373,1.1583689053853352,3
0.6247771978378296,1.1694667339324951,3
0.9704075521892972,0.6592206160227458,3
0.9866333405176798,0.8666636149088541,3
0.819457213083903,0.8796488444010416,3
0.7046122868855794,0.8383573691050211,3
0.5862034956614176,0.7507632573445638,3
0.9143514765633478,1.150424321492513,3
0.9191857576370239,1.01825749874115,3
0.7292150060335795,1.0776981512705486,3
0.9770419597625732,1.0702457825342815,3
0.7644411192999946,1.122216780980428,3
0.7857648796505398,1.1485238869984944,3
0.5861155456966823,1.2031078537305195,3
0.523546987109714,1.0508780876795452,3
0.5814607673221165,0.9907171726226807,3
0.22859147389729817,0.396406888961792,3
0.7832106153170267,1.069111665089925,3
0.702847401301066,0.9544169108072916,3
1.0284096267488267,0.8653555711110433,3
0.19142504533131918,0.35434230168660485,3
0.6679516500896878,0.9516632556915283,3
1.010076363881429,1.1402568419774373,3
0.6766107797622681,0.9273302952448527,3
0.8327463070551554,0.9363845189412435,3
0.7193663736184439,0.8244837919871012,4
0.8926481935713028,0.9617277781168619,3
0.9945259491602579,1.1503215630849202,3
0.5982129706276788,1.1133267084757488,3
0.4745639165242513,0.5809102058410645,3
0.8353265762329102,0.9427432219187418,3
0.6943865617116293,1.2648634314537048,3
0.5450945562786526,0.9987322886784872,3
0.8643598291609024,1.0937490860621135,3
0.5707953903410169,0.6116193135579426,3
0.859149542119768,0.9861845175425211,3
0.4540851910909017,1.0916612943013508,3
0.7085475259357028,0.7525216738382975,3
0.6170728339089288,0.99509064356486,3
0.6589631703164842,0.9809184869130453,3
0.7445336977640787,0.7299887339274089,3
0.6867516305711533,1.0553809801737468,3
0.4039010206858317,1.0566469033559163,3
0.8657114638222588,0.8630430698394775,3
0.928175131479899,0.9372851451237997,3
0.6921340094672308,1.1464875141779582,3
0.9501550065146551,0.9213283061981201,3
0.7861373821894327,0.9148546854654948,3
0.6910994185341729,1.1539623737335205,3
0.7832459939850702,0.7897159258524576,3
0.7290871143341064,1.0525664885838826,3
0.604845298661126,1.0209558010101318,3
0.8352300988303291,0.9920799732208252,3
0.857863399717543,0.9954310258229574,3
0.8177147573894925,1.1068050066630046,3
0.767282399866316,0.8502270380655924,3
0.7803735070758396,0.8393339316050211,3
0.3476985692977905,0.3786836465199789,3
0.8288556999630398,1.1530501047770183,3
0.604205436176724,0.8238309224446615,3
0.5771437883377075,0.9773349761962891,3
0.8752185437414383,1.0342815319697063,3
1.0129980444908142,0.7300872802734375,3
0.6603926552666558,0.7579222520192465,3
0.5665525992711385,0.5819595654805501,3
0.835426946481069,0.8982398509979248,3
0.34850303332010907,1.084603230158488,3
0.5878815650939941,0.5431365172068279,3
0.733335706922743,1.1966012716293335,3
0.927271326382955,0.8006057739257812,3
0.7005358073446485,0.8553449710210165,3
0.6467655764685737,0.8533070882161459,3
0.8960852225621542,0.8126600583394369,3
0.47454404830932617,1.1134029229482014,3
0.7881436347961426,0.901121457417806,3
0.27168285846710205,0.29831107457478845,3
0.7165031698015002,0.680665413538615,3
0.9341514176792569,1.009488821029663,3
0.851979394753774,0.9823991457621256,3
1.0696282982826233,1.0123226245244343,3
0.7571663856506348,0.8977082173029581,3
0.6328080693880717,1.032852570215861,3
0.5905144611994425,0.5214831034342449,3
0.7411403576533,1.042333960533142,3
0.9598660402827793,0.9157977104187012,3
0.7498731215794882,1.2375220855077107,3
0.7669423421223959,1.2467242081960042,3
0.6865376631418864,0.8726958433787028,3
0.8888283438152736,0.8753292163213094,3
0.6986434592141045,0.9889877239863077,3
0.8578816917207505,0.9480428298314413,3
0.8095429605907863,0.9434195359547933,3
0.7042760451634725,1.0883300304412842,3
0.8488721052805583,0.6026303768157959,4
0.8862101104524401,1.1126508712768555,3
0.4983815352121989,0.9206559658050537,3
0.7381935781902738,1.2166805267333984,3
0.8760442468855115,1.0232049624125164,3
0.7321756680806478,0.8709750175476074,3
0.812602678934733,1.0736805597941081,3
0.8486444234848023,0.9779798030853272,5
0.5615533590316772,0.9716416200002035,3
0.612200935681661,1.095579465230306,3
0.7316827774047852,1.0109421412150066,3
0.9490664601325989,0.8464621702829996,3
0.7538311613930597,0.7179075876871746,3
0.5759428077273899,0.8420452276865641,3
0.5170364644792346,1.2837349971135457,3
0.836571455001831,1.0882114966710408,3
0.8298590580622355,1.0761551062266033,3
0.8009335597356161,1.1022297938664753,3
0.5687515338261923,1.105843464533488,3
0.6388976309034559,1.2195176482200623,3
0.7287789450751411,1.2254126071929932,3
1.100869807932112,1.1041115125020344,3
0.7041943669319153,0.7475162347157795,3
0.6950907574759588,0.8091379006703695,3
0.689080860879686,1.0136256615320842,3
0.6707065569029913,0.638897180557251,3
0.8628226651085749,1.169132908185323,3
0.5842396948072645,1.096066951751709,3
0.7781094551086426,0.8770865599314371,3
0.6508746412065295,0.6875944137573242,3
0.7838122049967448,1.1292628447214763,3
0.17822186946868898,0.7348361015319824,3
1.1773811777432759,0.7617511749267578,3
1.0692084166738722,0.9295531113942465,3
0.4849471648534139,1.031834880510966,3
0.5562712483935885,0.8144385019938151,3
0.9207672476768494,0.7936484018961588,3
0.6873826715681287,1.0682717561721802,3
0.7064959605534872,0.9880685408910116,3
0.6870126989152695,0.9576099713643392,3
0.6097503238254123,0.8362236420313517,3
0.7485348522663117,0.8380028406778971,4
0.8043538364185684,0.8189360300699869,4
0.7597644329071045,1.026261806488037,3
0.45657968521118164,0.5512707233428955,3
0.6041920661926269,1.277085582415263,3
0.9365938305854797,1.117754618326823,3
0.6198352575302124,1.0426211754480998,3
0.793655859099494,0.9103429317474365,3
0.7049037218093872,1.1036548614501953,3
0.8258975479337903,1.0796725749969482,3
0.834858238697052,1.053836186726888,3
0.8316573831770154,1.119261662165324,3
0.7707341313362122,1.0537917613983154,3
0.369138240814209,0.7664631207784017,3
0.5953543451097277,0.8907713890075684,3
0.7947017749150594,0.8487687905629476,3
0.5652474032508003,1.1050598621368408,3
0.9804385701815287,1.0424755811691284,3
0.6900445779164632,0.9729010264078776,4
0.7551864782969157,0.9847235282262167,3
0.47792439990573454,0.5287741025288899,3
0.7417416307661268,0.7839806079864502,3
0.7587435245513916,1.0933981736501057,3
0.5633281601799859,1.1047696272532146,3
0.19900892840491402,0.3096909523010254,3
0.9361267023616368,0.8069804509480795,3
0.809233546257019,0.8186670939127604,3
0.8679384522967869,0.8534077803293864,3
0.8689402606752182,1.037468949953715,3
1.057784636815389,1.1242639621098836,3
0.8194472392400106,1.174781044324239,3
0.6257210440105861,1.0707066853841145,3
0.23406949043273925,0.24619992574055993,3
0.7123928202523127,0.878747304280599,3
0.9037187827958002,1.1693700949350994,3
0.6204246017667983,0.8710136413574219,3
0.6406462722354466,0.9109150568644205,3
0.8593083222707113,1.1329026222229004,3
0.9068363772498237,1.0601953268051147,3
0.9951396783192953,1.0501726468404133,3
1.3355462087525263,0.885162353515625,3
0.8034087551964654,1.0522855917612712,3
0.6892804967032538,1.0330140193303425,3
0.7924616247415542,0.8750917116800944,4
0.6813697285122341,1.1654102404912312,3
0.7603289153840805,1.0294794638951619,3
0.649522622426351,0.9568271239598592,3
0.6087047921286689,1.0207072496414185,3
0.7275265190336438,1.189429481824239,3
1.0230666928821142,1.0202126502990723,3
0.5680995517306858,1.240238626797994,3
0.6034351454840766,1.0392638047536213,3
0.7604877617624072,0.8767375151316324,3
0.7725417746437921,1.1241519451141357,3
0.7241959174474081,1.1721237897872925,3
0.15586068630218505,0.3579343954722086,3
0.5779679218928019,0.8045620123545328,3
0.8613823652267456,0.6039857069651287,3
0.6250108612908257,1.0888261795043945,3
0.8368695179621378,0.9711395899454752,3
0.7840228080749512,1.033058524131775,3
0.9003922873073155,1.067704439163208,3
0.764185349146525,1.177239179611206,3
0.7193433576160007,1.03989044825236,3
0.869544267654419,1.0802924633026123,3
0.42939559618632,1.1083968877792358,3
0.9668301476372614,1.1004338264465332,3
0.1385024256176419,0.6232043902079265,3
0.9436361657248603,0.9512661298116049,3
0.9525628950860764,0.8398549556732178,3
0.8568624456723531,1.0986677010854085,3
0.8859933349821304,1.0513107776641846,3
1.1131848295529683,0.9460997581481934,3
0.9670938544803196,1.1149898370107014,3
0.7221693462795682,0.8155816396077474,3
0.6894905699623957,1.1240927775700886,3
0.06358087062835693,0.9175057411193848,3
0.5238859176635742,0.8936355113983154,4
0.6850996282365588,1.1759536663691204,3
0.7661247783237034,0.6699252128601074,3
0.7368553479512533,0.978874683380127,3
0.9248787429597641,1.122159759203593,3
0.6483745045132107,0.9429805676142374,3
0.738188279999627,1.1693773468335469,3
0.6913326051500107,0.879062294960022,3
0.9041315846972996,1.151610294977824,3
0.6109452644983927,1.1678202946980794,3
0.9570651442335363,1.0383270184199016,4
0.9303751124276056,0.9211975733439127,3
0.6795519259240891,0.6794656117757161,3
0.6280011733373007,0.926976482073466,3
0.26016671998160223,0.6252487500508626,3
0.7761677900950114,1.1696489850680034,3
0.7852031787236532,0.8939845959345499,3
0.7904107570648193,0.8522738218307495,3
0.6536523103713989,1.2625110149383545,3
0.9016821185747782,1.0072316726048787,3
0.8433721462885538,1.15869136651357,3
0.7867427998118931,1.170487642288208,3
0.821386244561937,0.8291329542795817,3
0.42278480529785156,0.626183032989502,3
0.7799981501367358,1.0042704343795776,3
0.3536830817328559,0.4767313957214355,5
1.090346786710951,1.0833667119344075,3
0.9475890033774906,1.0771540800730388,3
0.8398789034949409,1.049946387608846,3
0.652364002333747,0.7383484840393066,3
0.703757087389628,1.185137112935384,3
0.676467498143514,1.0565727949142456,3
0.8322480201721191,1.1743414203325908,3
0.7746543486913046,0.8791648546854655,3
0.7409533023834228,1.070703347524007,3
0.8421994050343832,0.8226706186930338,3
0.5688744915856255,0.7904752095540365,3
0.6702011028925577,1.1227223078409831,3
0.6295177671644423,1.0322661399841309,3
0.821794350941976,0.7949424584706625,3
0.10976688067118327,0.5131240685780842,3
0.5825909905963473,1.163590629895528,3
0.9567574262619019,0.737724781036377,3
0.6489330795076159,1.1038504044214885,3
0.7269742488861084,0.8811734517415365,3
0.6327532794740466,0.9679493506749471,3
0.5947950085004171,0.9070260922114054,3
1.0106002423498366,1.172600269317627,3
0.7368240488900079,1.2320609490076702,3
0.9681078725390964,1.1413071155548096,3
0.4301541381412082,0.7845234870910645,3
0.7048168579737345,1.1139246622721355,3
0.9798930088678995,0.9600486755371094,3
0.9334032270643448,1.1212917963663738,3
0.7739048136605157,1.0844434102376301,3
0.9265327718522814,0.936119556427002,3
0.7143865426381429,1.1794374982515972,3
0.5814528862635294,1.2197888294855754,3
0.859856837325626,1.1212971210479736,3
0.7764912843704224,0.918573260307312,3
0.7147744099299113,0.9202617009480795,3
0.5220495462417603,0.5970319112141926,3
1.2061150074005127,0.9625645478566488,3
0.7125979794396295,0.8725971380869547,3
0.6971373425589666,0.9462385177612305,3
0.8131789366404215,0.8989537556966146,3
0.33760341803232824,0.7662151654561361,3
0.7338360812928942,1.2238142887751262,3
1.035526368353102,1.0946865876515706,3
0.821183873547448,1.0768008629480998,3
0.9576736887296041,0.8768818378448486,3
0.9803289175033569,0.8177433013916016,3
0.8371094465255737,1.0209293365478516,3
0.5998011297649808,1.0402803421020508,3
0.8014886246787177,1.0761428276697795,3
0.8322858413060507,1.0984570980072021,3
1.169625957806905,0.8030893802642822,3
0.6779734293619791,1.0180404980977376,3
0.7461303472518921,1.1066213448842366,3
0.8109049532148572,1.2046856880187988,3
0.9360446135203043,1.0877630313237507,3
0.597207228342692,1.0941038926442463,3
0.5490088727739122,1.2079503138860066,3
0.9252863923708597,1.1545581022898357,3
0.7708267569541931,1.0351136128107707,3
1.065465662656007,1.196271022160848,3
0.7982062763637966,1.0808406670888264,3
0.5427429676055908,0.8099764188130697,3
0.6810114781061808,0.9653261105219523,3
0.8882530000474719,0.7082950274149578,3
0.681759622361925,1.1188045740127563,3
0.5684850811958313,0.8712104558944702,3
0.6913898676633835,1.1292948126792908,4
0.641518235206604,1.0115490754445393,3
1.1145277155770195,1.0660590728123982,3
1.1419781088829042,0.998365561167399,3
0.9013880160119797,1.2030006647109985,3
0.9493018190066019,1.1317001978556316,3
0.6852567063437567,1.22543066740036,3
0.6180850134955512,0.9803306261698405,3
0.78488732708825,1.1390337546666462,3
0.9196156197124057,0.9221309423446655,3
0.7182220485475329,0.8038833141326904,3
0.7688043912251791,0.8252077102661133,3
0.8145257631937662,0.8444592157999674,3
1.0491860508918762,1.0348235368728638,3
0.8188311788770887,1.037381887435913,3
0.7847002479765152,0.8996584415435791,3
0.6220797300338745,0.9263365666071574,3
0.6766736772325305,1.2029740413029988,3
0.8636515869034661,1.0355246861775715,3
0.8755391306347318,1.052597165107727,3
0.6948879957199097,0.9389831225077311,3
0.8725510835647583,1.008765737215678,3
0.8715650108125473,1.1613879203796387,3
0.35258686542510986,0.9869922399520874,3
0.5690171453687879,0.8923535346984863,3
0.7110781404707166,0.8892595767974854,3
0.5625193383958604,0.799677848815918,3
0.49727680948045516,0.9580820004145304,3
0.9196312397718429,0.9945368766784668,4
0.31063280988622594,0.3896911144256592,3
1.0659954812791612,0.9590376615524292,3
0.7157102823257446,1.0259896516799927,3
0.4982908566792806,0.8658010959625244,3
0.9005282719930013,1.0016169150670369,3
0.7147238784366183,0.6643813451131184,3
1.012937969631619,1.0943254629770915,3
1.0364593532350328,1.1217808723449707,3
1.0229186945491369,0.8395525614420573,3
1.023311820295122,0.8438864151636759,3
0.09584240913391114,0.35859060287475586,3
1.18906170129776,1.2078181902567546,3
0.5922966135872735,1.2811964551607768,3
0.6918994226152936,1.034653107325236,3
0.7201726833979288,1.1390375296274822,3
0.9221429030100504,1.0437065760294597,3
0.7127119965023464,1.1471000115076702,3
0.6010272370444404,0.9498828252156576,3
0.9193542003631592,0.7562076250712076,3
0.7108060121536255,1.0483566125233967,3
0.1903995805316501,0.258012056350708,3
0.8553296989864774,1.091906984647115,3
0.7737140655517578,1.1449180046717327,3
0.7224781513214111,0.6275814374287922,3
0.5631249878141615,0.6442300478617351,3
0.7955390612284342,0.7795061270395914,3
0.506362517674764,1.113298495610555,3
0.9016050299008688,1.0221860806147258,3
0.7521352273446542,1.0192434787750244,3
0.7759884330961441,1.003391981124878,3
0.78257155418396,0.9491934776306152,3
0.2318423271179199,0.569158951441447,4
0.6382696708043416,1.0128062963485718,3
0.5356089274088541,1.227402885754903,3
0.6309499873055352,1.073353926340739,3
0.9386638402938843,1.0912043650945027,3
0.30266807874043783,0.6073551177978516,3
0.6064226229985555,1.0398794412612915,3
0.9440269390741984,1.1403332153956096,3
0.8645652715806609,1.020829439163208,3
0.7761847707960342,0.9292081197102865,3
0.5621825456619263,0.9542531967163086,3
0.8238416810830435,1.1251720587412517,3
0.6869762076271906,1.0216916402180989,3
0.8080610036849976,0.6809469858805339,3
0.9573514329062567,1.113869547843933,3
0.5063353114657932,0.9098099072774252,3
0.6117344167497423,1.179255763689677,3
0.2855544090270996,0.4513421058654785,4
0.7830529477861193,0.7653303941090902,3
0.5827070474624634,1.1338158051172893,3
0.8650508721669515,1.1022594372431438,3
0.7941019667519464,0.7226766745249431,3
0.7877967092725965,0.62209947903951,3
0.5263250139024523,0.8677133719126383,3
0.8677943547566732,1.0423423449198406,3
0.6020320574442546,1.00112517674764,3
0.830172273847792,1.2318905194600422,3
0.8541301820013257,1.046540896097819,3
0.5757808685302734,0.8923997084299723,3
0.5548082590103149,0.8927108844121298,3
0.6837446292241415,1.2244701186815898,3
0.7285214795006647,0.8373734951019287,3
0.8146875169542102,0.6793901125590007,3
0.7412840723991394,1.175974686940511,3
0.6798167096243963,1.0442387262980144,3
0.5537485811445448,0.7179409662882488,3
0.9304871757825216,0.9077414671579996,3
0.8387433025572034,0.9711675643920898,3
0.877316845787896,0.8308386007944742,3
0.5721423493491279,1.104902982711792,3
0.8645044830110339,0.7292380332946777,3
1.071443322300911,0.8634793758392334,4
0.8302858538097805,1.1523536841074626,3
0.7538208431667752,1.1026682058970134,3
0.8969548410839504,1.1207433541615803,3
0.6999908553229438,0.8965233564376831,3
0.6438912683063083,0.5438850720723469,3
0.7470920350816513,0.8898749351501465,3
0.9199911753336588,0.8707312742869059,3
0.7407427231470743,0.7237329483032227,3
0.6975759930080838,0.976058562596639,3
0.5611737171808878,0.9910751978556315,3
0.45483662855057494,0.7767042716344198,4
0.5581193235185411,1.0538938840230305,3
0.6643745369381375,0.8330376942952474,3
0.6397686004638672,1.2852652470270793,3
0.7525105079015096,1.0104676882425945,3
0.739851713180542,0.9412663777669271,3
0.6835823323991564,1.2206791639328003,3
0.7122400204340616,0.848783810933431,3
0.763923340373569,1.101916511853536,3
0.7419868972566391,1.0019877751668294,3
0.5719986094368829,0.833746592203776,3
0.9506767789522806,1.0460566679636638,3
0.6822183132171631,1.020990212758382,3
0.5802171230316162,0.9407520294189453,3
0.5472954114278158,0.6790587107340496,3
0.7778014461199443,1.025831679503123,4
0.44027398427327474,0.6625669797261555,3
0.9172097444534302,1.1038128932317097,3
0.717893852127923,1.0693535407384236,3
0.4571877585517036,1.0370194911956787,3
0.8761767811245389,0.7404816150665283,3
0.5865088568793403,1.2390961249669392,3
0.9321656756930881,1.048632025718689,3
0.7325782113605075,1.0013806819915771,3
0.8586479160520765,1.1024247010548909,3
0.7999030749003092,1.0291042725245159,3
0.16270711686876083,0.23861312866210938,3
0.4361301528082953,0.7508486111958822,3
0.5723357915878297,0.975744883219401,3
0.6483289003372192,0.8581122557322184,3
0.8345957464641995,1.0812537670135498,3
0.9677582184473673,1.0338505903879802,3
0.6997066073947482,0.9426252047220866,3
0.8936456971698338,1.022542675336202,3
0.7027222183015612,0.990567127863566,3
0.5310368955135345,0.7866600751876831,4
0.7077148755391439,1.1541836659113567,3
0.5218789445029365,0.5967617829640706,3
1.0217274294959173,1.104502002398173,3
0.6677719354629517,1.0092953443527222,3
0.9139987495210437,1.0131439367930095,3
0.5407074160046048,1.144372781117757,3
0.7381841209199694,0.8658585548400879,3
0.7884371545579699,0.9286108811696371,3
0.7914620372984144,0.9410748481750488,3
0.684128204981486,1.1805942455927532,3
0.31133655707041424,0.4574500719706217,3
0.8925471835666232,1.0742276906967163,3
0.7071826457977295,0.8624986410140991,3
0.6383109092712402,1.1861389676729839,3
0.5754188650184207,0.9555951356887817,4
0.15385154883066812,1.120460033416748,3
0.654944759607315,1.1089177131652832,4
0.6921877331203885,1.267498215039571,3
0.5912635591295031,1.1631528933842976,3
0.5632383028666178,1.0372346639633179,3
0.9047030144267613,1.027010202407837,3
0.19321073691050214,0.5885829925537109,3
0.7577417029274836,0.7803000609079996,3
0.8644510904947916,1.0587551593780518,3
0.8136919339497884,1.1481105486551921,3
0.6331399811638726,0.9448105494181315,3
0.8270770178900825,0.7208666801452637,3
0.6666067176394992,1.0993930101394653,3
0.8636810514662,0.8026794592539469,3
0.7002642684512669,0.9802146355311075,3
0.642938600646125,0.9592340787251791,3
0.5656525823805066,1.0680663188298543,3
0.8161295122570461,1.1485288937886555,3
0.6528612375259399,1.044391393661499,3
0.7622381316290961,1.0194108883539836,3
0.9395528104570178,0.9991020361582438,3
0.8027398586273193,0.9791194200515747,3
0.582841674486796,0.9691237211227417,3
0.7517948812908597,0.8212823867797852,3
0.7365245355500116,0.9926281372706095,3
0.8355469306310018,1.2172006766001384,3
0.7154371407296921,0.7604671319325765,3
0.9905017481909858,1.150680422782898,3
0.8565673298305936,0.9405137697855631,3
1.0515441166030037,1.026233196258545,3
0.6079640520943536,1.116882085800171,3
0.8095159398184882,0.951359748840332,3
0.7409157355626425,0.9201852083206177,3
1.00925698545244,1.1252353588740032,3
0.6157579024632772,0.865913192431132,3
0.48117876052856445,0.6521353721618652,3
0.6201415326860217,1.1207605997721355,3
0.7776203023062812,0.9869625568389893,3
0.6626440286636353,0.7605576515197754,3
0.7493321233325535,0.8747729063034058,3
0.917268262969123,0.6802953879038494,3
0.7955779499477811,0.8900353113810221,3
0.8503331475787692,0.9524654547373453,3
0.6590651671091715,0.7156796455383301,3
0.8593653175565933,0.9014631112416586,3
0.8110609451929728,0.91194748878479,3
0.5222244395150079,1.1208069324493408,3
0.7205156246821085,0.8992799917856852,4
0.5160567230648464,0.9456413984298706,3
0.8245186938179864,0.7837772369384766,3
0.8597610394159952,0.976635217666626,3
0.3919394016265869,1.2110885779062908,3
0.6837078730265299,1.0491262276967366,3
0.8399165736304388,0.9501318136850992,3
0.5452292680740357,0.8267408212025961,3
0.9104624191919962,1.2494418621063232,3
0.7373494439654881,0.9434520800908407,3
0.8801417350769043,0.9200150569279989,3
0.678516705830892,0.6815587679545085,3
0.8581192360983955,0.8853854338328043,3
1.019202470779419,0.8662693500518799,3
0.4850080410639445,1.2059231201807659,3
0.6652868588765463,1.1816773414611816,3
0.8425904975997077,0.816014846165975,3
0.8643860154681735,0.7913417816162109,3
0.8556203312344022,1.0264655749003093,3
0.3401085694630941,0.7816477616628011,3
1.0927012287908129,1.0151761174201965,4
0.8923627403047348,1.0448024670283,3
0.9235722488827176,0.8705377181371053,3
0.945526056819492,1.047251025835673,3
0.837872306505839,0.8147726058959961,3
0.8596893880102371,1.1370721658070881,3
1.033280372619629,1.041099985440572,3
0.6611539443333944,1.1737086176872253,3
0.6561311615837945,1.0102475086847942,3
0.5550565587149726,0.6040786902109783,3
0.9609116315841675,1.0804161230723064,3
0.7754149436950684,0.9877659479777018,3
0.4769927395714653,1.2527916828791301,3
0.7816669384638469,0.9402121702829996,3
0.817034900188446,0.9807534217834473,3
0.7528682549794515,1.048947016398112,3
0.7727600899007585,0.8733274936676025,4
0.8220247387886047,0.9761883417765299,4
0.7957893676227993,1.1270703474680583,3
0.697903553644816,0.6361254056294758,3
0.7249185774061414,1.2229076226552327,3
0.6972089211146036,0.923195997873942,3
0.2950724760691325,0.8081428209940592,3
0.8206029997931585,0.9782445033391317,3
0.31962683002154035,0.5447008609771729,4
0.6578400267495049,1.225963254769643,3
0.5812266402774386,0.6847651799519856,3
0.7275758650567795,0.8500271638234457,3
0.7512058946821426,1.1893820762634277,3
0.8181880844963921,1.1468270619710286,3
0.9227503140767416,0.9993962446848551,3
0.7362634340922037,1.2127905289332073,3
0.9344588253233167,1.096972942352295,3
0.5669884946611192,1.0884100596110027,3
0.7789263460371229,0.8091021378835043,3
0.7522001928753322,0.9655803839365641,3
0.3336968554390802,0.5099226633707683,3
0.8940887716081408,0.8004229863484701,3
0.7175899611579047,0.6609420776367188,3
0.8026889430152045,0.9498582681020101,3
0.7256179915534126,0.8333123524983724,3
0.7874507639143203,0.9226922988891602,3
0.7706729571024576,0.9721139272054037,3
0.6816369295120239,1.1937846938769023,3
0.9134400950537787,1.141381820042928,3
0.6210321850246854,0.9371477762858073,3
0.581704298655192,0.9531331857045492,3
0.6388352579540676,1.070689598719279,3
0.5381912522845798,0.6246027946472168,3
1.009437869919671,0.9442495346069336,5
0.6204778485827975,0.9385900100072225,3
0.5950977007548014,1.2274921536445618,3
0.74354749167407,0.7775360743204752,3
0.5474171108669705,0.7564048767089844,3
0.8604494399494595,0.806884765625,3
0.7965987920761108,1.0861534277598064,3
0.8293224175771077,0.6616162459055583,4
0.8725986083348592,1.0689723491668701,3
0.9833685623274909,1.0468418598175049,3
0.7657880253261989,0.8851168553034464,3
0.8189022143681844,1.0067052046457927,3
0.6585823165045844,1.1768143971761067,3
1.2510187923908234,1.000442902247111,3
1.1368338796827528,0.8922333717346191,3
0.7391017410490247,0.8899217844009399,3
0.6684539185629951,1.2307178179423015,3
0.9993868668874105,1.0140820344289143,3
0.8808479971355861,0.9401958783467611,3
0.581447958946228,0.8731560707092285,3
0.6433037916819254,0.8262160619099935,3
0.8677340348561605,0.8575614293416342,3
0.7711898220909966,0.8772063255310059,3
0.38912806510925296,0.4867253303527832,3
0.46477764182620573,0.6175347169240315,3
0.7292003909746806,1.0062944690386455,4
0.8717651036050585,0.8851867516835531,3
0.7065417369206747,0.8916819095611572,3
0.5005232493082682,1.0257809956868489,3
0.19198116064071655,0.515839656194051,4
0.8124714162614609,1.0808138847351074,3
0.6819959878921509,0.9365783532460531,3
0.7771034902996486,0.7738622029622396,3
0.8287698162926568,0.9363052447636923,3
0.6910232305526733,1.1490401029586792,3
0.5983297030131022,1.0688738028208415,3
0.9315462377336291,1.0969378153483074,3
0.6704164346059164,0.9151477018992106,3
0.8533725341161092,0.8619412581125895,3
0.4830914603339302,1.2281424403190613,3
0.9597238666481441,0.9784584045410156,3
0.5813189744949341,1.1989069779713948,3
0.7007226679060193,1.012772003809611,3
0.8052360614140829,1.0273640950520833,3
0.8663690487543741,0.9073669910430908,3
0.8429986238479614,0.7763093312581381,3
0.5448927879333496,0.8663214842478434,3
0.8432672156227959,0.9177653789520264,3
0.9099242687225342,1.2572953701019287,3
0.6344367530610827,1.0868803262710571,3
0.938578208287557,0.9400355418523153,3
0.8351535797119141,1.2377673586209614,3
0.7952771584192911,1.1571942170461018,3
0.5852352248297797,0.8488527139027914,3
0.9703504178259109,1.123244841893514,3
0.8862683640586005,0.6255075136820476,3
0.4081341981887817,0.6911516189575195,4
0.7647259897655911,0.8812059561411539,3
0.6321721076965332,0.7556914488474528,3
0.8055556085374621,0.9843856890996298,3
0.8296763234668308,1.085490624109904,3
0.9322267638312445,0.6327310403188069,3
0.6878454685211182,1.1931208769480388,3
0.7685224612553915,0.7900094985961914,3
0.7463568713929919,0.8395582834879557,3
0.5857048034667969,0.6460402806599934,3
0.8881393008761936,1.1055656274159749,3
1.3212029602792528,0.9532465934753418,3
0.6728110578325058,0.7200943628946941,3
0.24979130427042642,0.5984984238942463,3
0.7319104009204441,1.0629712740580242,3
0.6786279227998522,0.713173230489095,3
0.639560169643826,0.8331464131673177,3
0.5742313067118326,0.7166104316711426,3
0.8353415992524887,0.9545857906341553,3
0.6896967093149821,1.1071011225382488,3
1.0191080570220947,1.1937595407168071,3
0.6158974568049113,0.8527839183807373,3
0.6398717959721884,1.1556711594263713,3
0.9223265780342951,0.7371575037638347,3
0.7329022288322449,1.1017817258834839,3
0.8350664244757758,1.0730133056640625,3
0.8471402857038711,0.8206073443094889,3
0.8895754284328884,1.1388951142628987,3
0.6822545528411865,0.7200192610422771,3
0.8618402322133383,0.9734499454498291,4
1.253991511132982,0.8311858177185059,3
0.9165651003519694,1.1008223692576091,3
0.952454361650679,1.1062254508336384,3
0.8273694382773504,0.7932632764180502,3
0.7116494576136271,0.9133603970209757,3
0.8120382891760931,1.2352304259936016,3
0.6203624566396078,1.061115066210429,3
0.7441185447904798,0.8486451307932535,3
0.3744446833928426,0.8614931106567383,3
0.555396835009257,0.38375727335611975,3
0.27426666418711343,0.6784965197245281,3
0.7114114099078709,0.9218657811482748,3
0.9543825255499946,0.8279345035552979,3
0.6310719781451756,1.1340032418568928,3
0.5780288378397623,1.1558263301849365,3
0.16750318474239775,0.33696492513020837,3
0.7921181917190552,1.0466538270314534,3
0.7107287645339966,1.0877227783203125,3
1.1609002219306097,1.1274947325388591,3
0.8261002567079333,1.1587835152943928,3
0.5449676116307577,0.9562567869822184,3
0.75476602713267,1.123287598292033,3
0.8093471924463908,1.0003817081451416,3
0.8534562587738037,1.1052180926005046,3
0.957475847668118,1.0626612901687622,3
0.804202159245809,0.6674419244130452,3
0.8405231436093649,1.0754330952962239,3
0.709589958190918,0.8249197800954183,3
0.7926377455393473,1.1007037957509358,3
0.7113895018895467,0.9669326146443685,3
1.096576584710015,1.0274446407953899,3
0.8771515687306722,0.9484823147455851,3
0.5207071304321289,1.096605698267619,3
0.7992499934302436,0.9458898703257242,3
0.8099577824274699,0.9298767248789469,3
0.6334803369310168,1.1365180412928264,3
0.6961132287979126,1.0042996406555176,3
0.9269085062874688,0.9778418143590292,3
0.7874249471558465,0.8276617527008057,4
0.24065677324930826,0.417441209157308,3
0.919135914908515,0.6726045608520508,3
0.5378262201944987,0.5638777414957683,3
0.6824840439690485,1.023184855779012,3
0.5053915977478027,1.0662833054860432,3
0.7469068831867641,0.9958522319793701,3
0.7805563476350573,1.2139804363250732,3
0.2136328750186496,0.6108630498250325,3
0.7871901392936707,0.9645163615544637,3
0.6779423024919299,1.0060179233551025,3
1.0273836718665228,1.0478876034418743,3
1.0331538915634155,0.667849858601888,3
0.9793770048353408,1.006316343943278,3
0.8200250466664633,0.9840660095214844,3
0.7350451416439481,1.2083827257156372,3
0.7699123356077407,1.232244610786438,3
0.45794259177313906,0.8695133527119955,3
0.4274958239661322,0.9760998090108236,3
0.9429421954684788,0.8593290646870931,3
0.9074682659573025,1.0922958453496296,3
0.5403990348180135,1.0267092386881511,3
0.7424433628718058,0.9655791521072388,3
0.7531774176491631,1.1777926683425903,3
0.4990951220194499,0.8711288770039877,3
0.7956034408675299,0.9388110637664795,3
0.8468741575876871,1.120192289352417,3
0.7967555324236552,1.1158779462178547,3
0.6659260723325942,0.9058030446370443,3
0.9081086582607694,0.8372947374979655,3
0.77253970834944,0.9738330046335856,3
0.5125158098008897,0.8008526166280111,3
0.14102303981781006,0.22129686673482263,3
0.7568445603052775,1.0332026878992717,3
0.9282441139221191,1.0811536312103271,3
0.6353273656633165,0.8972376187642416,3
1.0234932899475098,0.9852586587270101,3
0.6282350354724461,1.0444671710332234,3
0.35780632495880127,1.2384785612424214,3
0.681140250629849,0.6907661755879719,3
0.609281751844618,0.6578067143758137,3
0.7184182471699185,1.0546166896820068,3
0.6722454494900174,0.750678539276123,3
0.8656628264321222,1.2145219246546428,3
0.927755806181166,0.9607271750768026,3
0.8585127062267728,1.006268858909607,3
0.9532528188493518,1.1929747263590496,3
0.8144458134969076,0.8669204711914062,3
0.5686119476954142,0.8822228113810221,3
0.459083620707194,0.6106972694396973,3
0.6754637029435898,0.8516804377237955,3
0.47714613543616397,1.2634971141815186,3
0.6214236087269253,1.2283034920692444,3
0.7116543915536667,0.7963924407958984,3
0.8266919056574503,1.2611988584200542,3
0.1768915335337321,0.7860632737477621,3
0.6688274145126343,1.0166491270065308,3
0.4052161110772026,0.540098746617635,3
1.0798825025558472,1.0590545336405437,3
0.6558783531188964,0.7056674957275391,3
0.6495326889885796,1.0954329172770183,3
0.5959583653344048,0.6589502493540447,3
0.9283217324150933,0.7680535316467285,3
1.1210236814286973,0.9636512994766235,3
0.9642015960481433,1.052687446276347,3
0.6572499950726827,0.6056633790334065,3
0.6315541532304553,1.0809718767801921,3
0.5952479640642802,1.203326404094696,3
1.0926500029034085,0.9632548491160074,3
0.8691978454589844,0.9670534133911133,3
0.48165710767110187,1.1694775819778442,3
0.6463340520858765,0.7004570166269939,3
0.8076113065083822,1.077448884646098,3
0.5600979791747199,0.9151988824208578,4
0.8337058623631796,0.8106140295664469,3
0.6092504262924194,0.9847052892049154,3
0.6979143354627823,0.9725983142852783,3
0.902399672402276,1.0122546354929607,3
0.6647455758518642,0.7932807604471842,3
0.6683145032988653,0.8635777632395426,3
1.0198929243617587,0.9459077517191569,3
0.5741910139719645,0.9783531824747721,3
0.8525339629915026,0.8720142841339111,3
0.6275747550858392,0.9376820723215739,3
0.6574068705240885,1.082008918126424,3
0.9480683008829752,1.028241475423177,3
0.7293061653772991,0.5875577926635742,3
0.600439621342553,1.1697501341501872,3
0.6414993604024252,0.921294093132019,3
0.7190564208560519,1.095176378885905,3
0.8826408220662012,0.9387360413869222,3
1.0089711944262187,1.185153325398763,3
0.9266945719718933,1.0248618125915527,3
0.7365125020345052,1.1195612748463948,3
0.7465713421503702,0.8299368222554525,3
0.9937974082099066,0.8945443232854208,3
0.6642021338144938,1.0951416889826457,3
0.6544467078314887,1.0386391878128052,3
0.857648703787062,1.1242704391479492,3
0.4534343481063843,0.8086229165395101,3
0.7290021975835165,1.1202375888824463,3
0.8251033550217038,1.0595374902089436,4
0.7213595045937432,0.9902965227762858,3
0.8456610242525736,1.140991449356079,3
0.87755020459493,1.0426208972930908,3
0.6331696510314941,1.077295978864034,3
0.8922229011853536,1.1806728045145671,3
0.8452355199389988,0.9387653668721517,3
0.8604784806569418,0.8223449389139811,3
0.6045062939325968,1.1316179831822712,3
1.0674153963724773,0.9801055987675985,3
0.5986789147059123,0.9465025266011556,3
0.7260286145740085,1.2078867157300313,3
0.9809961716334025,0.9393601417541504,3
0.7266788880030314,0.8889012734095255,3
0.32654263178507487,0.6236961682637532,3
0.9093018902672663,0.8697217305501302,3
0.49974894523620605,0.48384523391723633,3
0.8602632946438259,1.0413070519765217,3
0.32775402069091797,0.287619431813558,3
0.5856483777364095,1.2666720549265544,3
1.1407233277956645,0.7388559977213542,3
0.6227086517545911,0.694392204284668,3
0.5927521851327684,1.2238910992940266,3
0.7333807547887167,0.9874428908030192,3
0.9775229824913872,1.0441091855367024,3
0.7782101233800253,1.0506021976470947,3
0.6563927796151903,1.0793896516164143,3
0.43471029599507655,1.0753581921259563,3
0.9455468787087334,1.0543810526529949,3
0.9577663209703234,0.5320549011230469,3
0.6514726612302991,1.0769829352696736,3
0.8049895498487684,1.0605722268422444,3
0.666229936811659,1.1007216374079387,3
0.6638549301359388,1.2866247296333313,3
0.7354349825117324,0.7038892110188801,3
0.7925184501541986,1.1684480905532837,3
0.5708863099416097,0.8413598537445068,3
0.4454830090204875,0.9639619588851929,3
0.7043345636791654,0.7942978541056315,3
0.5080756876203749,0.6281212170918782,3
0.7812394499778748,1.0506629943847656,3
0.6231187846925524,1.0605783462524414,3
1.0044183532396953,1.1127974192301433,3
0.6813843780093722,0.8989041248957316,3
0.9183078010876974,0.7640949090321859,3
0.291582194964091,0.8839041392008463,3
0.298552672068278,0.43571249643961585,3
0.7447566323810154,1.244114597638448,3
0.5819177097744412,0.7625534534454346,3
1.0532418357001412,1.112231453259786,3
0.5940421952141656,0.7787016232808431,3
0.7539609803093805,0.8557848135630289,3
0.5756778319676717,1.108490228652954,3
0.7857436339060465,1.0317115783691406,3
0.7542805671691895,0.765681266784668,3
0.8021756543053522,1.0609614849090576,3
0.7480880949232313,0.9034988482793173,3
0.7661902639600967,0.9229701360066732,3
0.6046029345194499,0.9928483724594116,5
0.7026986413531833,0.6864558855692546,3
0.9547943608628379,0.931391716003418,4
0.8910148276223077,1.1641238927841187,3
0.5867726802825928,0.9505455493927002,3
0.5585828622182211,1.0834122498830159,3
0.7106147739622327,1.0268004735310872,3
0.4983492215474447,0.8236096700032552,3
0.6644701957702637,0.6789634227752686,3
0.5832366281085545,1.296576976776123,3
0.6219735542933146,1.0853856404622395,3
0.5166008207533094,1.1844306389490764,3
0.7423754003312854,1.1730462312698364,3
0.9627226922247144,1.1548537413279216,3
0.5094560782114664,1.1591049830118816,3
0.6401467005411784,1.0216792821884155,3
0.22009375360276964,0.2994561195373535,3
0.27758691906929017,0.27280728022257483,4
0.7063835329479642,1.1772711277008057,3
0.707199215888977,0.8855082194010416,3
0.7696503400802612,1.1433802445729573,3
0.9015202283859253,1.0710701942443848,4
0.8113535642623901,0.9582052230834961,3
0.7646151781082153,0.8918349742889404,3
0.7187668217553033,1.0752577384312947,3
0.6223165194193522,0.9763734738032023,3
0.8633904854456583,0.8632262945175171,3
0.8000811338424683,1.2390344937642415,3
0.5765936507119073,0.593081792195638,3
0.7378918965657553,1.0966514746348064,3
0.8036201132668389,1.1244266827901204,3
0.9434646368026733,1.1465827624003093,3
0.6168289184570312,0.8593347072601318,3
0.8367156849967108,1.0115203460057576,3
0.6130434407128228,0.9241363207499186,3
0.3853804217444526,0.551842451095581,4
0.9037591682540046,0.8218264579772949,3
0.6437923378414578,1.2526405254999797,3
0.7831312596797941,0.9710110028584799,4
0.5521480639775594,1.1200369596481323,3
0.7528368896908231,0.6393060684204102,3
0.5907155407799615,0.9280188083648682,3
0.6092080275217692,1.0570515791575115,3
0.4140830702251858,1.0870801607767742,3
0.6478554275300769,0.7021144231160481,3
0.7843935092290243,0.8163285255432129,3
0.676607514563061,0.889862855275472,4
0.5979595979054769,0.9167410135269165,3
0.6269173754586114,0.8574535846710205,3
0.8559941450754801,1.2229688962300618,3
0.9365176492267185,1.095410426457723,3
0.49587641821967227,1.0449589093526204,3
0.6262480020523071,1.004211187362671,3
0.986918568611145,1.0729302962621052,3
0.7710801098081802,1.1600952943166096,3
0.7169230911466812,1.1691884398460388,3
0.5622474948565165,1.2008087237675984,3
0.8266677591535782,1.1282084385553997,3
1.0092217723528545,1.0921889146169026,3
0.5076996882756551,1.2792373498280842,3
0.6192759937710233,1.0724743207295735,3
1.104732327991062,0.9338780244191488,3
0.9821756415896946,0.9850119352340698,3
0.9156605203946432,0.8534905910491943,3
0.7158386707305908,1.062922477722168,3
0.8044898509979248,0.7198083400726318,3
0.9710610177781848,1.1523103713989258,3
0.9206776354047989,1.086713433265686,3
0.5521863434049818,1.0955815315246582,3
1.0575149688455794,0.7936427593231201,3
0.5328104231092664,1.1516547600428264,3
0.8069765832689074,1.0173002084096272,3
0.834309630923801,1.032850980758667,3
0.739358557595147,1.0572840770085652,3
0.9572130905257331,0.8529107173283895,3
0.9793230758772956,1.09299635887146,3
0.8270212610562643,1.0328640540440877,3
0.723329120212131,1.0520050128300984,3
0.6154215998119779,0.8871925274531046,3
1.0209583308961656,0.9856704076131185,3
0.7327711052364773,1.2327212293942769,3
0.722916258705987,1.0399821599324544,3
0.8101824985610113,0.8911037842432658,3
0.8362106084823608,1.0162893931070964,3
0.8061341047286987,0.9206335544586182,3
0.9162527720133463,0.8968009948730469,3
0.7114921675788032,1.0784741242726643,3
0.6484174860848321,1.151347557703654,3
0.5040204962094625,0.8236145973205566,4
0.7820498810874091,1.1183587710062664,3
0.5956804222530789,0.885849396387736,3
0.7581639422310724,0.8281072775522867,3
0.6942807700898913,0.7659619649251302,3
0.683739423751831,0.9746624628702799,3
0.6355784469180638,0.7819260756174723,3
0.9428888029522366,0.8851622740427653,3
0.9641569323009915,1.1345526377360027,3
0.5879151556226943,0.9830819765726725,3
0.5010055303573608,1.1331534385681152,3
0.8997751812140147,0.9861249923706055,4
0.6401765743891398,1.2431692282358806,3
0.6134634945127698,1.0004626909891765,3
0.9134735001458063,1.0078655083974202,3
0.48029847078853183,0.9258355299631754,4
0.9510098033481175,1.0647725661595662,3
0.6849296357896594,1.2240558465321858,3
0.7134729160202875,0.7343513170878093,3
0.7821155786514282,1.0520775318145752,3
0.719830850760142,1.1532754103342693,3
0.5243405898412069,0.8447399934132894,3
0.6272487110561795,1.1985964179039001,3
0.6417334079742432,1.013433297475179,3
0.7932398186789619,0.8657083113988241,3
0.7656312518649632,1.1370049715042114,3
0.8267487552430896,0.7996137936909994,3
0.8708997832404242,1.1704527735710144,3
0.6904270781411066,0.5749593575795491,3
0.7667827447255453,0.6419120629628499,3
0.9180448717541165,1.0893169244130452,3
0.42169455687205,1.1629433631896973,3
0.23718698819478348,0.26729329427083337,3
0.864443858464559,1.0079939365386963,3
0.880346245235867,0.9286500215530396,3
0.714732427067227,1.012973467508952,3
0.15567091306050618,0.7864232063293457,3
0.3320674737294515,0.751284678777059,3
0.3482831796010335,0.9766891002655029,3
0.7609694335195755,1.079083760579427,3
0.5788001616795858,0.8202552795410156,3
0.6726012759738498,0.6305777231852214,3
0.5705812374750773,1.2374025583267212,3
0.6075168450673422,0.6326492627461751,3
0.9588017463684082,1.0600513617197673,3
0.9327800671259562,1.0053951740264893,3
1.0617635250091553,1.1682231227556865,3
0.7763634125391642,0.7298794587453206,3
0.8828515211741129,1.2562591632207234,3
0.915279553996192,1.0861879984537761,3
0.4306961430443657,1.0103281339009602,3
0.6795366803805033,0.784172534942627,3
0.7798709869384766,1.0736500422159831,3
0.8993849356969198,0.7832562128702799,3
0.675325976477729,0.9235349893569946,3
0.5060399373372396,0.56995423634847,3
0.8027088244756063,1.0914726257324219,3
0.4157034158706665,1.1660538514455159,3
0.8548038866784836,0.8180116812388102,3
1.0251263909869726,0.8812842766443888,3
0.6104750898149278,1.1426960229873657,3
0.3369510571161906,1.1689536372820537,3
0.7721322245068021,0.9880711634953817,3
0.7126406166288589,1.1624692281087239,3
0.18378355767991808,0.25367625554402673,3
0.9386654827329849,1.1385685602823894,3
0.6135330200195312,0.9780253966649374,3
0.5969483455022176,0.9190778732299805,3
0.7718305985132853,0.8102457523345947,3
0.9754779206381903,1.165656050046285,3
0.08352954387664795,0.8751087586085001,3
0.457964289188385,0.6710737943649292,4
0.7053932216432358,0.9277424017588297,3
0.7839026716020371,1.1608283122380574,3
0.7337837616602579,0.9901668628056844,3
0.17589360078175864,0.49593162536621094,3
0.8906677299075657,0.7794991334279379,3
0.9369715187284681,1.1079154809315999,3
0.7593874269061618,1.0319411754608154,3
0.8696818947792053,1.1517512798309326,3
0.637217256757948,0.9396135807037354,3
0.8957280450397067,1.145367980003357,3
0.7100443442662557,0.8466490507125854,3
0.8401980002721151,0.9251143932342529,4
0.8038294903437297,1.0184091091156007,5
0.6757838461134168,1.0971934000651042,3
0.6815112829208374,1.0142834583918254,3
0.3219422896703084,1.0757891337076824,3
0.8811506827672323,1.0493234395980835,3
0.5626525613996718,1.15969717502594,3
0.7760897742377387,0.9466657638549805,3
0.9947189092636108,1.0598876078923543,3
0.2906661589940389,0.4603826204935709,3
0.5560247235827975,1.1839736700057983,3
0.8048016760084363,1.2556338906288147,3
0.6859297222561306,0.9645598729451498,3
0.5218147304322984,1.1757252017656963,3
0.817681974834866,0.8900091648101807,3
0.5962115526199341,0.9788873990376791,3
0.9231311612659031,0.7997287114461263,3
0.8661641942130195,1.0156190395355225,3
0.744793242878384,1.1001609961191814,3
0.29094592730204266,0.6628743012746174,3
0.9599631627400717,1.0012354056040447,3
0.2516945203145345,0.7144800027211506,3
0.7993509040938482,1.083466609319051,3
0.6498418119218614,1.0860963662465413,3
0.5182672341664633,1.0771066745122273,3
0.606204628944397,0.5625606377919514,3
0.8509238560994467,0.9990650415420532,3
1.1980190912882487,1.0031522115071614,3
0.8365296390321518,0.971674919128418,3
1.033940362268024,1.0785465041796367,4
0.5907853974236382,1.0112574497858684,3
0.5989208949936761,1.1159993410110474,3
0.7709015607833862,1.1889155904452007,3
0.650264475080702,0.975836435953776,3
0.507120656967163,0.9136232932408651,3
0.8039662308163112,1.1294755935668945,3
0.6641990343729655,0.7896010080973307,3
0.798641151852078,0.7747346560160319,3
0.6895573801464504,0.987575888633728,3
0.6982324918111166,0.7089194456736247,3
0.3671743869781494,0.8757177988688151,3
0.8088751766416761,1.0366442998250325,3
0.690567824575636,0.6551069418589275,3
0.5919969611697727,0.9739842414855957,3
0.7413009272681342,0.9504642486572266,3
0.7410657140943738,0.6651640733083088,3
0.5915650924046835,0.49175564448038733,3
0.28666699727376305,0.8410395383834839,3
0.5994952917098999,1.1222210327784221,3
0.7932014465332031,0.861799160639445,3
0.8698070049285889,1.0976591904958088,3
1.0319948858684962,1.152985692024231,3
0.7418281767103408,0.958023468653361,3
0.7210419972737631,1.008776585261027,3
0.7611533403396606,1.0411885182062786,3
0.4160158899095323,0.3214961687723795,3
0.9071964157952204,1.0822291771570842,3
0.9327786233690049,0.8031730651855469,3
0.8832638131247627,1.1140653689702351,3
0.8289515839682684,0.9686066309611002,3
0.6638273133171929,1.1395347515741985,3
0.8272523350185819,0.9969430764516195,3
0.8048200607299805,1.0691216389338176,3
0.256074759695265,0.5990658601125081,3
0.6202161047193738,0.5932992299397786,3
0.9745662675963507,1.0511024792989094,3
0.7524180677202011,1.1313850084940593,3
0.8961515890227423,0.7285868326822917,3
0.6721553007761637,0.849531094233195,3
0.5441513723797269,1.0164985656738281,3
0.9500873353746203,1.0925950209299724,3
0.7077476183573405,1.101857304573059,3
0.562164823214213,1.0364360411961873,3
0.8373320367601184,0.9576458930969238,3
0.05923975838555232,0.16004180908203125,3
0.8099075886938308,0.7604514757792155,3
0.7859844048817952,1.0741949876149495,3
0.5159155792660183,0.8614542484283447,3
0.8311089939541287,0.9321126540501913,3
0.837421523200141,0.7424681981404622,3
0.08608598709106445,0.3351661364237467,3
0.4383822414610121,0.6389266649881999,3
0.8030947844187418,0.7714074452718099,3
0.5718843539555868,0.8913279374440511,3
0.8245930274327596,1.2028663555781047,3
0.6672784222496881,1.2517691055933635,3
0.8762224117914835,1.068257490793864,3
0.5534023576312594,0.4869999885559082,3
1.091892374886407,0.9421605269114176,3
0.5812946293089124,1.0850838422775269,3
0.6957660251193577,1.0645264387130737,3
0.44322731759813094,1.1954144835472107,3
0.8191888067457412,1.209499994913737,3
0.4715394311481052,1.1826941967010498,3
0.63392088148329,0.9816379944483439,3
0.7521764702267116,1.0959936777750652,3
0.6254112720489502,0.9173101584116617,3
0.6068637238608466,0.8171471754709879,3
0.832232654094696,1.1079318523406982,3
0.8104585806528727,0.7893092632293701,3
0.778528650601705,1.0042979717254639,3
0.11288328170776367,0.3192664782206217,3
0.6913502746158176,0.8812446594238281,3
0.8229336341222128,1.2186336119969685,3
0.9316800104247199,0.9592825969060262,3
0.5741789937019348,1.2119178771972656,4
0.758008943663703,0.8631152311960856,3
0.5256948947906493,0.908942182858785,3
0.6502782901128134,0.9505429267883301,3
0.9017941819296943,0.6988282203674316,3
0.6925826337602404,0.8899435997009277,3
0.6491154829661051,0.7783161004384359,3
0.918944623735216,1.135817289352417,3
1.0285301936997306,0.934019406636556,3
0.7016697327295939,1.0501584609349568,3
0.731648498111301,0.7672406832377116,3
0.854071663485633,0.5875541369120281,3
0.8445044358571371,0.9865644375483195,3
0.21914328469170463,0.32056140899658203,3
0.42791080474853516,0.6177295049031575,3
0.5965636332829793,0.8838162819544474,3
0.8881018956502279,0.8749671379725138,3
0.6503930886586508,1.0310200055440266,3
0.6387073463863796,1.0651339292526245,3
0.7733024888568455,0.9263309637705485,3
0.8682251969973246,1.100029468536377,3
0.5040192736519707,0.6686224142710369,3
0.9672068026330735,1.0389248927434285,3
0.8272971709569296,1.041035532951355,3
0.2260217790250425,0.3759659926096598,3
0.3908453385035197,0.847025990486145,3
0.7231652008162603,0.5584008693695068,3
0.794180711110433,1.016299565633138,3
0.77296695444319,0.9896032810211182,3
0.7919725643263923,0.7127858797709148,3
0.7217602332433065,0.8756739695866903,3
0.7283698452843561,1.0622855424880981,3
0.48642167250315343,0.7636570930480957,3
0.6796724266476101,1.1783730189005535,3
0.6725373744964599,0.8260378837585449,3
0.683561642964681,1.129663308461507,3
0.9725159671571518,0.836861769358317,3
0.8559344410896301,0.9385154247283936,3
0.29725027084350586,0.28590901692708337,3
0.7431926594840156,1.0338796377182007,3
0.6472389698028564,0.8085536956787109,3
0.08418935934702554,0.7269128163655598,3
0.7059712674882676,1.2162416577339172,3
0.3520256837209066,0.7514623800913492,3
0.8694418933656481,0.970244288444519,3
0.543160014682346,0.90569535891215,3
0.8746557765536838,0.9880572954813639,3
0.8308367795414394,0.7104751269022624,3
0.4693986177444458,0.5810603300730388,3
0.824921554989285,0.9561291535695394,3
0.555148098203871,1.1449288527170818,3
0.6837103499306573,0.9798179864883423,3
0.9519180589252049,1.0145899057388306,3
0.568184479077657,0.990232507387797,3
0.6230643722746108,1.1014949480692546,3
0.8754782014422946,1.0034910043080647,3
0.7165371047125922,0.9785679976145426,3
1.0934629241625469,0.9572397073109945,3
1.0860217809677124,1.0724631150563557,3
0.9186107714970907,1.1395026048024495,3
0.9529618561267853,0.9784650802612305,4
0.6000294552909003,1.064476728439331,3
0.9995472894774543,1.1188151041666667,3
0.836828351020813,1.2154733339945476,3
0.7468295554320017,1.0428980986277263,4
0.7900013128916422,1.0426246325174968,3
0.6408265431722006,1.1417233149210613,3
0.8589449988471137,1.1056811809539795,3
0.7017907963858709,1.0694250265757244,3
0.5937981539302403,1.1396589676539104,3
0.6462888717651367,1.0634806156158447,3
0.8346535894605848,0.7991731961568197,3
0.4351114961836073,0.5788962046305339,3
0.4171477735042572,0.7911159992218018,4
0.8947488201989069,0.9336312214533488,3
0.7128327507442898,0.7734906196594238,5
1.0013595422108967,0.8679831822713217,3
0.8239552444881862,1.142797867457072,3
0.6311315686614426,0.8049954573313395,3
0.07214538256327312,0.32583586374918616,3
0.6341671943664551,0.8263932863871256,3
0.37141629060109455,0.9771720170974731,3
0.6683426830503675,1.0186784267425537,3
0.7739585836728414,1.003531773885091,3
0.5055668512980144,1.0584197839101155,3
0.6058249473571777,1.0664660135904949,3
0.5862016280492147,0.6508111953735352,3
0.7121997674306234,1.2872753540674846,3
0.931340045399136,1.0598436991373699,3
0.879451851050059,1.134954611460368,3
0.953431460592482,1.0433937708536785,3
0.722297939989302,1.0216415325800579,3
0.7654642595185175,1.2715330918629963,3
0.8474343617757162,1.1718097726504009,3
0.8830067051781549,1.1382683118184407,3
1.044824735985862,0.7898104985555013,3
0.824102520942688,0.9388202428817749,3
0.8601414230134753,1.0102673371632893,3
0.4816395441691081,0.668476661046346,3
0.8699778318405151,0.9058455228805542,3
0.614241427845425,1.13974134127299,3
0.43642441431681317,0.9775898456573486,3
0.8667500548892552,1.2750760316848755,3
0.7534808993339539,0.667522629102071,4
1.023410075380091,0.9920136531194051,4
0.7958140903049046,0.8449087540308634,3
0.5289833413230048,1.1180296738942463,3
0.6828543610042996,0.9411216576894125,3
1.042575906288056,0.9373217026392618,4
0.6079445812437269,1.2455307642618816,3
0.7959954606162177,0.9013006289800009,3
0.5403041309780544,0.7556680043538412,3
0.9518289009730022,0.9906953970591227,3
0.9249543754259746,0.9999658107757569,5
0.6276933749516805,0.9644072453180949,3
0.401099509663052,0.6994287172953289,3
0.8294603559705948,1.139235019683838,3
0.3369916439056397,0.8993123372395834,3
0.5643188820944892,0.984971284866333,3
0.2392430437935723,0.3987077077229818,3
0.675138623373849,0.9577287038167318,3
0.6136170625686646,1.0760228633880615,3
0.8869073788324991,0.9875135024388632,3
0.6680219968159994,0.955538272857666,3
0.7286852598190308,0.986145814259847,3
0.9591960973209804,0.8632417917251587,3
0.677298797501458,0.9879643519719442,3
0.7921508550643921,1.0197993119557698,3
0.7746032655239106,0.8975400924682617,4
0.6672234058380128,1.1947389443715413,3
0.8093035486009384,1.0779701073964436,3
0.6831343571345011,0.9404136339823405,3
0.7414176199171277,1.132358193397522,3
0.9701711469226414,1.0013004541397095,3
0.3104577859242757,0.37062247594197595,3
0.7203137477238973,1.0468448400497437,3
0.8405672775374518,1.0401097138722737,3
0.7070149183273315,1.0490265687306721,3
1.2238025665283203,0.6635891596476238,3
0.8674344884024726,0.959098736445109,3
0.9757118754916722,0.8868080377578735,3
0.7646016147401599,1.1697927316029866,3
0.7785239617029825,1.1823056936264038,3
1.0076641506618924,0.7938801447550455,3
0.9914157946904499,0.9811579783757528,3
0.6037190755208334,1.012837807337443,3
0.5599750015470717,0.9911789894104004,3
0.7251352601581149,0.6294887065887451,3
0.7487302621205648,1.1179925203323364,3
0.7344440023104349,0.7973581155141195,3
0.9771067301432291,1.1582411130269368,3
0.9329751133918762,0.8432449499766032,3
0.5780627197689481,0.9051197369893392,3
0.9152102073033651,0.5627493858337402,3
0.7751213312149048,1.1149284442265828,3
1.234024167060852,0.7800993919372559,3
0.12067941029866536,0.9548267523447672,3
0.7839036252763537,0.5543905099232991,3
0.7321416536966959,1.0667372941970825,3
0.7318883074654473,1.2211968501408894,3
0.788084281815423,1.1001078287760417,3
0.8707339564959208,1.0677160422007244,3
0.8773955901463827,0.8924970626831055,3
0.7858854929606119,0.7808162371317545,3
0.5719650189081827,0.494059165318807,3
0.5586949189503988,0.948304017384847,3
0.6070528030395508,0.6028412183125813,3
0.5719688336054484,1.2204495867093403,3
0.9430616762903,1.082777778307597,3
0.8865802751647102,1.1666528383890789,3
0.5813080867131551,1.0222214063008626,3
0.8055531978607178,1.0122137864430745,3
0.5570436053805882,0.8735696872075399,3
0.861485070652432,0.9283232688903809,3
0.5941517353057861,1.0812666416168213,3
0.893464035458035,0.9980182647705078,3
0.8851342466142443,0.9478946526845297,3
0.46665494971805144,0.8515628178914388,3
0.29419418838289046,0.7341763178507488,4
0.7237291667196487,0.7756333351135254,3
0.6763321955998739,1.2353062629699707,3
0.44368433952331543,1.0554232199986775,3
0.5196946991814507,1.09165358543396,3
0.818173348903656,1.0372567971547444,3
0.7704226507080927,1.0954989194869995,3
0.7223517696062723,0.9681268533070883,3
0.1789685090382894,0.6196743647257488,3
0.6350054211086696,1.0669386784235637,3
0.8196727467907801,0.9556755224863688,3
0.8122066524293686,1.09941569964091,3
1.1349942088127136,0.8858422438303629,3
0.6467236147986518,0.8719422817230225,3
0.8808934291203817,1.0572306712468464,3
0.33113327026367184,0.6421499252319336,3
0.995529572168986,1.0907309850056965,3
0.7167004744211832,0.8830938339233398,3
0.8964419563611349,1.1213518778483074,3
0.7822310527165731,1.1763866941134136,3
0.9690968328052098,0.7620640595753988,3
0.7210327916675144,1.2245184183120728,3
0.7308524780803257,1.031590501467387,3
0.7792385949028863,1.0405269463857014,3
0.7199286897977193,1.0242981910705566,3
0.8198518832524617,0.8101526101430258,3
0.7262615627712674,1.1156480709711711,3
0.6077468752861023,1.0054305791854858,4
0.6739381392796835,1.192602237065633,3
1.0076650314860873,0.9192390441894531,3
0.727404793103536,1.2089297374089558,3
0.06634257899390328,0.49504200617472327,3
0.501860499382019,0.9277298450469971,3
0.8771760198805069,0.7662285963694254,3
0.7851742307345072,0.9752211968104044,3
0.3656340175204807,1.2587222456932068,3
0.8615381850136651,1.001076300938924,3
0.7314131259918213,0.7352997461954753,3
0.7190798123677572,1.1439172426859539,3
0.3105105749766032,0.7432495594024658,5
0.7733921607335409,1.0146844784418743,3
0.6333701345655653,0.6361181735992432,3
0.632501310772366,0.9128874142964681,3
0.6339309149318272,1.0710736115773518,3
0.6708641846974691,0.731260855992635,3
0.1480012893676758,0.49668216705322266,3
0.7936080164379543,0.8257318337758383,3
0.4792611201604207,0.7206912835439045,3
0.7247809966405233,1.0424802700678508,3
0.6957081291410657,0.9773314396540324,3
0.9608288407325745,0.7486429214477539,3
0.9428774780697292,0.9632112979888916,3
0.7694928977224563,0.9339604377746582,3
0.6311593055725098,1.1004045804341633,3
0.3899149364895291,1.0068045854568481,3
0.8502404159969753,1.0432939926783245,3
0.9418416890833113,0.920249859491984,4
0.9163195027245417,1.0278038183848064,3
0.6610242658191257,1.1197926998138428,3
0.20035040378570557,0.6735903819402058,4
0.9929054909282261,0.9516505400339762,3
0.5622423224978977,0.9020474751790365,3
0.8323654466205173,0.6971886952718098,3
0.5796841780344645,0.8416719436645508,3
0.7902550962236191,1.011430263519287,3
0.8363444672690498,1.0163065989812214,3
0.7732926607131958,0.9571596384048462,3
0.700618584950765,1.0262328783671062,3
0.8637106551064385,1.1603856881459553,3
0.9604589806662664,0.883619507153829,3
0.34696664810180666,0.45063694318135583,4
0.8931167920430502,0.9820135434468588,3
1.0313257177670796,1.03694482644399,3
0.760765618748135,1.0717701117197673,3
0.6410594516330295,1.084153413772583,3
0.7442598243554434,0.8174942334493002,3
1.147405829694536,1.1083424091339111,3
0.5580564737319946,0.9173416296641032,3
0.7434647613101535,1.1543620427449544,3
0.8224422799216377,0.6574335098266602,3
0.8846689860026041,0.5210982958475749,3
0.8123115221659343,0.8530384302139282,3
0.7421390215555826,0.8633596102396647,3
0.554799477259318,1.1157482465108235,3
0.8699996338950263,1.0445680220921834,3
0.4917314052581787,1.2203221122423809,3
0.7242337200376722,0.9009448687235514,3
0.6996870968076917,1.066158413887024,3
0.6639949878056844,1.1086077690124512,3
0.5953348477681478,0.9972033500671387,3
0.3610728581746419,0.5820600191752117,3
0.7727703491846721,1.0038717985153198,3
0.7299487855699326,1.1371476650238037,3
0.43320433298746747,0.8735040426254272,3
0.2288025220235189,0.5368088086446126,3
0.995641873942481,1.104382872581482,3
0.4323134819666545,1.1510550181070964,3
0.8169476919704014,0.9623613357543945,3
0.8503232929441663,1.1479999621709187,3
0.8438674940003289,0.7708966732025146,3
0.8923137850231594,1.031676451365153,3
0.7463598383797541,0.8390719095865885,3
0.7178699307971531,0.8398938576380411,3
0.8364755974875555,1.1126460234324138,3
0.8245978355407715,0.8225054740905762,3
0.8193637000189887,0.7717395623524984,3
0.5358959171507094,1.2969664732615154,3
0.8230739699469671,1.0125349362691243,3
0.5275965531667074,1.226966400941213,3
0.7074629465738932,1.1041987737019856,3
0.7878931363423666,1.2779009540875752,3
0.7357791066169739,0.9560083150863647,3
1.0853497982025146,1.1903260946273804,3
0.5653131008148193,0.6658894220987956,3
0.4222680595186022,0.8874134222666422,3
0.797248641649882,1.0988571643829346,3
0.9200112488534714,0.6535619099934895,3
0.29604486624399823,0.4711855252583822,3
0.6853873597251045,0.9445088307062784,3
0.29549413522084556,0.4976201057434082,3
0.7707206938001844,0.9449042479197184,3
0.7334021727244059,0.6793690522511799,3
0.7641017039616903,1.0054202874501545,3
0.872648086812761,0.9140895207722982,3
0.7638366354836358,0.8663174708684286,3
0.6827189789877997,0.9767210880915324,3
0.7088568409283956,0.506245772043864,3
0.6841410795847574,0.7289459705352783,3
0.7408982117970785,0.8021268049875895,3
0.7925966315799289,0.8911998669306437,3
0.7524637778600057,0.9139668544133505,3
0.6358262499173483,1.1560651063919067,3
0.5230490763982137,0.4990246295928955,3
0.8075857824749416,1.1702214082082112,3
0.875336421860589,0.8936243057250977,3
0.8710080418321822,1.039242406686147,4
1.027409831682841,1.052208662033081,3
0.5061278210745918,0.9134411811828613,3
0.692085968123542,0.9496146440505981,3
0.792169451713562,0.9943182071050009,3
0.5023263427946303,0.9807164669036865,3
0.9117128319210477,0.8848715623219808,3
0.6422347360187106,0.7068238258361816,3
0.6360557874043783,1.0743635098139446,3
0.6564285622702705,0.9462514321009318,3
0.8734076354238721,0.9824660619099935,3
0.9123383429315354,1.1353585720062256,3
0.6833948294321697,1.0653188228607178,4
0.8013771110110812,0.8889362812042236,3
0.7440807422002157,1.0302010377248128,3
0.7376223007837931,0.8658742109934489,3
0.39618269602457684,0.8245654900868734,3
0.5707864363988241,0.4630321661631266,3
0.8098262482219272,1.010265588760376,3
0.6267287996080187,0.9119391043980917,3
0.7716379563013712,1.1670522689819336,3
0.5279122988382975,1.0142621199289958,3
0.525263958507114,1.136045773824056,3
0.587444716029697,1.1820282538731892,3
0.8745683232943217,0.8818270365397135,3
0.8485725919405619,1.074498176574707,3
0.4617871840794881,0.9020117918650309,3
0.5392436583836874,0.8596441745758057,3
0.5610243479410807,0.8996604283650717,3
0.4698869228363037,0.6403493881225586,3
0.7505641712082758,1.0335266590118408,3
0.7867681582768759,1.020595947901408,3
0.7052545150121053,1.0658009847005208,3
0.7127452294031779,0.9407382408777872,3
0.6749277777141994,1.1546341180801392,3
0.6586826178762648,1.0635198752085369,3
0.9601456787851123,0.8884129126866659,3
0.6019374661975437,0.7263677914937336,3
0.951319502459632,1.0167993307113647,3
0.6901974617488801,0.8325384457906088,3
0.8398540218671163,0.7497747739156086,3
0.7174080230571606,0.8821306626001993,3
0.774045467376709,0.7160156567891438,3
0.615292509396871,0.8484218915303549,3
0.9136760301060146,0.9221771558125814,3
0.5960795879364014,0.8800115585327148,3
0.5222441885206435,1.2268799543380737,3
0.8096315595838758,1.0401856104532878,3
0.5629477633370293,1.232979456583659,3
0.7556890911526151,0.7495822906494141,3
0.5201904508802626,1.1247187852859497,3
0.8773582577705383,0.8635625839233398,3
0.9637530975871615,1.0810362497965496,3
0.9085972176657783,0.928479274113973,3
0.6904612640539805,0.9362879594167074,4
0.5181261698404948,1.1069848537445068,3
0.693787415822347,0.6210942268371582,3
0.9923815064960056,1.152929703394572,3
0.7894380688667297,0.9963504870732626,4
0.9248005747795105,1.0387537479400635,3
1.0463162375821007,0.9238982995351156,4
0.7023100323147243,0.9297381242116293,3
0.29046856562296547,0.44698826471964515,3
0.9652970830599467,0.9655991395314535,3
0.4333033005396525,1.0254995425542195,3
0.7358287970225016,1.1246692339579265,3
0.6850326855977377,1.112099568049113,3
0.6388987965053982,1.129269043604533,3
0.6389593203862508,0.6898205280303955,3
0.9308183524343702,0.9459679921468099,3
0.7744088702731662,0.8124899864196777,3
0.721293634838528,1.0777560075124104,3
0.7384808990690442,1.2090601126352947,3
0.744960347811381,0.7258577346801758,3
0.8203831778632269,1.2005494832992554,3
0.5696055094401041,1.1420373916625977,3
0.6722016599443225,0.8235393365224203,3
0.7792041460673014,0.926061232884725,4
0.6709218952390882,1.1974749167760212,3
0.8243305153316922,1.0543982982635498,3
0.21335842609405517,0.7788835366566976,3
0.6568968494733175,1.194838563601176,3
0.6833600468105739,1.167944649855296,3
1.1533232927322388,0.7967455387115479,3
0.9294430613517761,0.9511760870615641,3
0.8111528091960483,0.9199128150939941,3
0.6473461588223776,0.8991500536600748,3
0.9599298040072123,0.5385007063547771,3
0.6249703301323785,1.2323822180430095,3
0.9771393912809866,0.8384745518366495,3
0.541792114575704,0.5317322413126628,3
0.7435240348180135,0.43889101346333825,3
0.9566679530673557,0.9395361741383871,3
0.37863648533821104,0.6628821690877278,4
0.7883059448666042,1.1201500097910564,3
0.6224604447682699,0.9701834122339884,3
0.8258105913798014,1.1960401336352031,3
1.0356848657131195,1.1376239856084187,4
0.612698475519816,0.9486765066782633,3
0.9470267163382636,1.0344932874043782,3
0.6421657668219672,1.256601611773173,3
0.5898329946729871,0.9885412454605103,3
0.8032609886593289,1.2556183338165283,3
0.6240004565980699,1.1430174509684246,3
0.7306574980417887,0.9277240037918091,3
0.9678662882910833,0.9411219358444214,3
0.7761495775646633,1.0352874199549358,3
0.6546451714303758,1.1485528945922852,3
0.5806404219733344,0.9311924378077189,3
0.7355664438671536,0.8798001607259115,3
0.7126460472742716,1.0112690925598145,3
0.6592880619896783,1.0952664613723755,3
0.6350104676352607,0.8797544638315836,3
0.6777234209908379,1.1263250509897869,3
0.7580243349075317,0.8779091437657675,3
0.5879255202081468,0.9833367665608724,3
0.6098675727844238,1.0461430549621582,3
0.9862918125258551,1.085150917371114,3
0.6775831116570367,1.0020702679951985,3
0.6459039582146539,1.1635516087214153,3
0.861124422815111,1.0930143197377522,3
0.7089204258388944,1.1235211690266926,3
0.8023213863372803,0.8544034957885742,3
0.6243149836858114,0.6869487762451172,3
0.3517578363418579,0.7133975028991699,3
0.6552408536275228,0.7178295453389485,3
1.0469394591119554,0.8684448401133219,3
0.5605945587158203,0.8989411989847819,3
0.7153607739342585,0.9242629210154215,3
0.8558935589260526,0.7309605280558269,3
0.8316558400789896,1.1304999987284343,3
0.2712158097161187,0.4217047691345215,3
0.7916823228200277,1.060146411259969,3
0.7384968863593206,1.1881698966026306,3
0.4310946199629042,0.5956211090087891,3
0.6968493196699354,0.89263916015625,3
0.4041124184926351,0.48258113861083984,3
0.5886549154917399,0.8534886042277018,3
0.7963408960236444,1.2606033086776733,3
0.858850876490275,1.0659345785776775,3
0.5513603157467313,0.8628571033477783,3
0.42732755343119305,0.9042441050211588,3
0.7331928941938611,0.8778303464253744,3
0.7596206532584295,0.979944109916687,3
0.799757162729899,1.0508203109105427,3
1.0610160297817652,0.8327966531117758,3
0.9460005627738104,1.0297770897547405,3
0.34787289301554364,0.5566091537475586,3
0.8290823300679525,0.8347580432891846,3
0.8365284336937798,0.8754372199376425,3
0.6446113851335313,0.9120731751124064,3
0.24184290568033853,0.3876840273539225,3
0.5259853601455688,0.8658943573633829,3
0.6778422991434733,0.750651995340983,3
0.7979165448082818,0.9922161102294922,3
0.7335991594526502,1.0999757051467896,3
0.6151230070326063,0.9284050464630127,3
0.9122354520691767,0.8904373248418173,3
0.9741044176949396,1.0365489323933919,3
0.6881680356131659,1.0659446716308594,3
1.1240015625953674,1.0883255799611409,3
0.6800989786783854,1.0800873041152954,3
0.8319126764933268,0.8133420944213867,3
0.8732862538761562,0.9878527323404948,3
0.9388515883021884,1.0002919832865398,3
1.0528320868810017,1.1483201185862224,3
0.7741249799728394,1.0860563119252522,3
0.7657692564858332,0.918147881825765,3
0.5902597771750556,0.5053543249766033,3
0.8795817428165013,0.8760784467061361,3
0.9551450363794963,0.986292028427124,5
0.612618088722229,1.1542104482650757,3
0.7423498853047688,1.087376356124878,5
0.9173633787367078,0.8919102350870768,3
0.7511343293719821,1.1048306624094646,3
0.2006370358996921,0.46168041229248047,3
0.8330799606111315,0.9708131154378256,3
0.8642552693684896,0.7687129179636637,3
0.6846765677134196,1.2108158667882283,3
0.8990593353907267,0.9742667277654012,3
0.7208583752314249,1.1556566556294758,3
0.7590840922461615,1.0660004218419392,3
0.8290997743606567,0.9693280061086019,3
0.2638037840525309,0.5037751992543538,3
0.8249488936530218,0.9441925684611002,3
0.8294143941667346,1.1118040482203166,3
0.5345633029937744,1.0181037584940593,3
0.8502311838997736,0.5657184918721516,3
0.7718934218088785,0.7123688062032063,3
0.7165260182486639,0.8847624460856119,3
0.715265260802375,0.8066352208455404,3
0.6310472223493787,1.2019349733988445,3
0.8435559537675646,1.0964046319325764,3
0.9398014942804972,0.7097536722819011,3
0.6277986764907837,0.7569705645243326,3
0.5992059310277303,0.4183621406555176,3
0.9583648774358963,0.8691670497258505,3
0.07231942812601726,0.3396148681640625,3
0.8846741323117856,1.0759155750274658,3
0.7869559526443481,0.9565844535827637,3
0.7098980214860705,1.0412768125534058,3
0.4949968390994602,0.8744993209838867,3
0.6294598844316271,1.0035147269566853,3
0.6772519085142349,0.6808810234069824,3
0.8934911423259312,1.0828291177749634,3
0.18254811763763426,1.085607687632243,3
0.8030969301859537,0.7339212099711101,3
1.0552724467383492,1.124293287595113,3
0.6015804926554362,0.6246247291564941,3
0.5038561026255289,0.5885225931803386,3
0.9852159486876593,0.9998152653376261,3
0.8082149346669515,0.9348496596018473,3
0.8499749700228373,0.9609100023905436,3
0.8029584222369724,0.9271183808644613,3
0.5195423232184516,1.141483743985494,3
0.6202824115753174,0.698509693145752,3
0.7521192961268955,1.1913647850354512,3
0.6326350635952419,0.9774147669474283,3
0.8052918910980225,1.030623157819112,3
0.5769465764363607,0.7886662483215332,3
0.9431927932633295,0.9668426513671875,3
0.8013558785120646,1.134629487991333,3
0.8892481459511652,1.030939777692159,3
0.7016316552956898,1.1373436848322551,4
0.800209621588389,0.9562975565592448,3
0.2461905638376872,0.7397487958272297,3
0.913040558497111,1.183692951997121,3
0.6399347384770712,1.1019575993220012,3
0.7264528274536133,1.1609206199645996,3
0.7062291701634725,1.0922139883041382,3
0.5852394898732504,0.9738049507141113,3
0.49674750698937303,0.7064833641052246,3
0.7608359654744467,1.0548813343048096,3
0.853426061073939,0.906892458597819,4
0.8589510917663574,1.0675557454427083,3
0.8945198279839975,1.048237681388855,3
0.8440535465876261,1.057225505510966,3
0.6157012780507406,1.024929682413737,3
0.7283644278844198,0.83296004931132,3
0.6066710684034559,1.062623421351115,3
0.7372857994503444,1.038161277770996,3
0.4639624357223511,0.7035755316416423,3
0.8300136592653061,1.1819366216659546,3
0.7477911975648667,1.036492109298706,3
0.776752163304223,0.8814159234364828,3
0.4833385944366455,1.0937637488047283,3
0.735394173198276,1.2200289964675903,3
0.11274427970250447,0.8547507921854655,4
0.754542867342631,1.1938771804173787,3
0.63303009668986,1.078874985376994,3
1.0477931764390733,1.0036920309066772,3
0.6603286531236436,0.8047165870666504,3
0.2929776906967163,0.42781035105387366,3
0.8352485497792562,1.0639008680979412,3
0.9066422647900051,1.0455655256907146,3
0.685325026512146,1.1505823135375977,3
0.7273712025748359,0.7560674349466959,3
0.7433907190958658,0.9834950764973959,3
0.7997024059295654,1.0857083797454834,3
0.5753451850679187,1.1175679365793865,3
0.6442077027426826,1.1975395679473877,3
0.8907437324523926,0.8781878153483073,3
0.8062203327814738,1.2204350233078003,3
0.9171117809083725,1.0595032374064128,3
0.6222838030921088,1.1614689032236736,3
0.8397355477015177,0.9621554613113403,3
0.836032403839959,0.9177315632502238,3
0.5688662131627401,0.7847743034362793,3
0.8883119954003229,1.1243069569269817,3
0.4714218510521783,0.6407755215962727,3
0.6863879627651639,0.8939845959345499,3
0.6572428014543321,0.8043018182118734,3
1.0232818259133232,1.1554796695709229,3
0.6013326247533163,0.7665038108825684,3
0.6644567648569742,1.202508548895518,3
1.0346629950735304,1.072161038716634,3
0.6561750438478259,0.573580265045166,3
1.026207380824619,0.71613343556722,3
0.6861186027526855,0.898684541384379,3
0.7678879102071127,1.193185528119405,3
0.5024523602591621,1.2371538281440735,3
0.9330143663618299,0.970293124516805,3
0.8771783444616529,0.8595881462097168,3
0.6770144436094495,0.8706927299499512,3
0.556496779123942,0.5597267150878906,3
0.8252770536475712,1.0941476821899414,3
0.8221090104844836,0.9549166361490885,3
1.1412284639146593,0.8043684959411621,3
0.641112764676412,1.0129176775614421,3
0.6794902880986532,0.9195485909779867,3
1.0166445838080513,1.2553584973017375,3
0.7191602521472508,1.0195297400156658,3
0.757079925802019,0.5482245286305745,3
0.8172933525509305,1.161460280418396,3
0.5151997884114583,0.7991338570912679,3
1.0587955050998263,1.0226872364679973,3
0.5486374431186253,1.1943051218986511,3
1.0144189993540447,0.7101754347483318,3
0.7472073369556003,0.9695185025533041,3
0.8649538093143039,1.257438023885091,3
0.946210973792606,0.6811184883117676,3
0.9454652269681295,1.1559844017028809,3
0.686470025115543,0.764639139175415,3
0.7112808624903361,1.0839152336120605,3
1.1953865554597642,0.9311129649480184,3
0.8439714113871256,0.9972463448842367,3
0.9458600812488132,0.940483808517456,3
0.8177839318911234,1.0173246065775554,3
0.7808216015497843,0.923174778620402,3
0.9355509877204895,0.8811739285786947,3
1.0474188327789307,0.9693059921264648,3
0.9465609259075589,1.0814346472422283,3
0.6069322824478149,1.1590590874354045,3
0.9715217567152447,0.8818533817927042,3
0.7213090459505717,1.0204259157180786,3
0.7204367849561905,0.950783888498942,3
0.864335278669993,0.9285999139149984,3
0.7253027558326721,1.0722471872965496,4
0.88436273071501,0.9502468109130859,3
0.6251424153645834,0.9826160669326782,3
1.020110805829366,1.2469764351844788,3
0.554733395576477,1.1154882907867432,3
0.7563198539945816,0.7935461203257242,3
0.7991359631220499,1.11683988571167,3
1.0583457946777344,1.1224507093429565,3
0.9094270292917888,0.9226051807403565,5
0.6599539120992025,0.8471837043762207,3
0.7158270014656916,1.0390009482701619,3
0.9265914758046468,0.8910022576649984,3
0.6485582457648383,1.0668869018554688,3
0.7831445733706156,0.9005426565806071,3
0.9176976018481784,1.2004891832669575,3
0.6627343230777317,1.0385466814041138,3
0.8759708669450549,0.9301644961039225,3
0.21930174032847086,0.4318965276082357,3
0.49178755283355713,0.7795814673105875,3
0.561184459262424,0.6701982021331787,3
0.50778595606486,1.134515682856242,3
0.6982195311122471,0.9787735939025879,3
0.9003732204437256,0.6899872620900471,3
0.5474511384963989,0.9650259017944336,3
0.8484709421793619,0.900524377822876,3
0.32549623648325604,0.8867166439692179,3
1.0849025613731806,1.0810399452845256,3
0.5906911757257249,1.0675276120503743,3
0.49710204866197377,1.104122281074524,3
0.6664698521296183,0.9447078704833984,3
0.684187630812327,0.9209611415863037,3
0.7278663847181531,1.0124502976735432,3
0.4882479985555013,0.8971958160400391,3
0.6346507999632093,0.7196791966756184,3
0.9777859184477063,0.9737698634465536,3
0.7469290097554525,1.0648407141367595,3
0.6380762524074979,1.058126409848531,3
0.3468242883682251,1.203036606311798,3
0.611978742811415,1.1094220876693726,3
0.34539622730678987,0.6867543061574299,3
0.8661123116811117,1.0972429116566975,3
0.48368305630154085,0.6376522382100422,3
0.4065303537580702,0.3504446347554525,3
0.6281891001595391,1.0017681916554768,3
0.8201583491431342,0.8910688161849976,3
0.6360918151007758,1.046166181564331,3
0.8381120678451326,0.9872961441675822,4
0.6135516431596545,0.8778375784556071,3
0.8558199803034464,0.8105816046396891,3
0.5538359880447388,0.6945068836212158,3
0.6082870033052232,1.1135609944661458,3
0.9638547433747185,0.843260924021403,3
0.740013493431939,0.862706700960795,3
0.8604305916362338,1.1229455471038818,3
0.8590008417765299,0.9056291182835897,3
0.7651567260424296,1.2064346075057983,3
0.8869964149263171,1.0343947410583496,3
0.8270954820844861,0.9646070798238119,3
0.7580565214157104,1.281464954217275,3
0.5200290547476875,1.1832942167917888,3
0.5623262723286947,1.1708250443140666,3
0.562065495385064,0.8900689284006754,3
0.7306891017489964,0.816798210144043,3
0.7913192576832241,1.092215855916341,3
0.6121926440132989,0.9088655312856039,3
0.9067604409323798,1.0434999068578084,3
0.8309951490826077,0.9090945720672607,3
0.8053075406286453,1.0500404834747314,3
0.7974217070473565,1.2020705938339233,3
0.6296170949935913,1.0694791078567505,3
0.678926150004069,0.6351934274037678,3
0.7411947780185275,0.7714922428131104,3
0.5052092737621732,0.6351245244344075,3
0.5868174433708191,0.6713188489278157,3
0.5431242121590508,1.147309144337972,3
0.6949994696511163,1.27317879597346,3
0.9106999768151178,0.9153099060058594,3
0.5527693033218384,1.1141339143117268,3
0.9311885833740234,1.09218164285024,3
0.8349608050452338,1.0495289166768391,3
0.7438682307799658,0.9934405088424683,4
0.8752015034357706,1.1789950927098591,3
0.5853481292724609,0.9178770383199056,3
0.5103609164555868,0.9594448407491049,3
0.8749282360076904,1.105122725168864,3
0.49466182390848795,0.5290496349334717,3
0.7005399068196615,0.7101252873738606,3
0.6665439605712891,1.0599069992701213,3
0.5327270666758219,1.200064440568288,3
0.3494548047030414,0.45955920219421387,3
0.6251284559567769,0.8912985324859619,4
1.1545492079522874,1.1681154171625774,3
1.0524742404619853,0.9650851885477701,3
0.9324546919928656,1.2641918261845906,3
0.5788103606965808,0.5827630360921223,3
0.6685538954204984,0.8135975201924642,3
0.6040324767430624,1.1669687430063884,3
1.0469717648294237,1.1159869035085042,3
0.9132608572642008,0.9687008857727051,3
0.7257708575990466,1.264778196811676,3
1.0441268218888176,0.8929973443349203,3
0.7746549050013224,1.0897554953893025,3
0.7977124717500473,0.9679990609486898,3
0.6679289937019348,0.6618155638376872,3
0.5101945400238037,0.7547195752461752,3
1.015199363231659,1.0135186513264973,3
0.8174634840753342,0.9275631507237753,3
1.0151948266559179,1.0293550491333008,3
0.7715878089269003,1.081808090209961,3
0.9073848327000936,0.9305452108383179,3
0.6408891545401679,1.1743168036142986,3
0.5843876070446439,0.8557160695393881,3
0.6314296589957343,1.0353861649831135,3
0.7192038695017496,0.7681757609049479,3
0.9605556130409241,0.995166023572286,3
0.061579042010837116,0.22668663660685218,3
0.9465117586983575,0.9936883846918741,3
0.7032182878918117,0.7887779871622721,3
0.709693419933319,0.48633646965026855,3
0.7442484166887072,0.9304513931274414,3
0.41049867206149626,1.1168458461761475,3
0.8426916466818914,0.7780540784200033,3
0.2482510937584771,0.9888937473297119,3
0.5148590472009447,1.081475814183553,3
1.227658258544074,1.048140525817871,3
0.6556335687637329,1.0376307964324951,3
0.8717377781867981,0.8804702361424764,3
0.9808822804027133,1.1320281028747559,3
0.7199817895889282,0.9497126738230387,3
1.031642456849416,1.1053570906321208,3
0.597577691078186,0.9274013042449951,3
0.5348400672276815,0.5140519936879475,3
0.8412494540214538,0.8710506757100424,4
0.5874266359541152,1.1360592047373455,3
0.7308641612529755,0.7832356293996176,4
0.4227081934611003,0.8877079486846924,3
0.4613277753194173,0.6513230005900066,3
1.1465653048621283,1.123591661453247,3
0.7452481190363566,1.0222873290379841,3
0.6232017225689358,0.9273992379506429,3
0.9715827306111654,0.8916348218917847,3
0.5270138581593832,1.2100108464558919,3
0.9282886849509345,1.005844235420227,3
0.7888890372382269,1.1366846958796184,3
0.688286516401503,0.9435462951660156,3
0.8789172834820217,0.7431695461273193,3
0.8879617585076227,1.0431169271469116,3
0.56078573067983,0.8998558521270752,3
1.0035365025202434,0.8868796030680338,3
0.5959308412339953,1.1179031531016033,3
0.5864552126990424,1.0514870087305705,3
0.9368408256106907,0.9742666880289713,3
0.8752947184774612,1.0521525144577026,3
0.7314945062001547,1.0974838733673096,3
0.5697040425406562,1.2929623524347942,3
0.8583542240990533,0.6907957394917805,3
1.0270285738839042,0.806096076965332,3
0.8162811597188314,0.9030944506327311,3
0.6835329002804227,1.1082417170206706,3
1.0530794262886047,1.0493464469909668,3
0.541243314743042,0.8025635878245035,3
0.6599183347490098,1.0723138650258381,3
0.9948367608918084,1.085828383763631,3
0.6419640249676174,0.8012331326802572,3
0.7205008533265856,1.2749073306719463,3
0.6427911599477132,0.7113563219706218,3
0.6858072280883789,0.7372573216756184,3
1.0781602991951835,0.9650588035583496,3
0.7266431119706894,1.1935582359631856,3
0.6006651083628337,1.070258100827535,3
0.7387828164630466,1.108467976252238,3
0.7867158386442396,1.02855388323466,3
0.6781348122490778,0.8608394463857015,3
0.665368398030599,0.8433879216512045,3
0.6380465361807082,1.0231966574986775,3
0.8858165343602499,1.0985445181528728,3
0.9972126815054151,0.7204553286234539,3
0.7563228342268203,1.2121316989262898,3
0.6334475676218668,0.9355302254358927,3
0.6125610536999173,0.6752196153004963,3
0.6332384215460883,1.2643625537554424,3
0.7016585032145183,0.8663634459177653,4
0.5928673346837362,0.9662790695826212,3
0.8436111874050565,1.0960365931193035,3
0.8180732462141248,1.0427294572194417,3
0.9983161290486654,1.022689660390218,3
0.7227711015277439,0.8790156841278076,3
0.612923264503479,0.6529690424601238,3
0.7895582384533353,1.133850892384847,3
0.6343373590045505,1.1765888333320618,3
0.5382670561472574,1.1337875922520955,3
0.6899731291664971,1.288043479124705,3
0.7190334796905518,0.7640167872111002,3
0.5537642902798123,1.1131008863449097,3
0.6971508926815457,1.0027238925298054,3
1.0477458371056452,1.1996611754099529,3
0.923616475529141,1.3154086073239644,3
0.9002796543969048,1.1704901655515034,3
0.6971886356671652,1.0420855681101482,3
0.8852443695068359,0.7338813940684001,3
0.5232973231209649,0.6887704531351726,3
0.859567595852746,0.9816144704818726,3
0.9022462765375773,1.048578937848409,3
0.6824980841742622,1.1152342160542805,3
0.4815260887145996,0.9210624694824219,3
0.8589262962341309,0.5457850297292073,3
0.8385127915276421,1.156972050666809,3
0.8374344640307957,1.1554644505182903,3
0.7917108668221369,1.1493058602015178,3
0.8958009084065756,0.8911049365997314,3
0.9187178015708923,1.1831281781196594,3
0.8473799361122979,0.9584825038909912,3
0.9305525620778402,1.1115625699361165,3
0.4973335795932346,0.7406267325083415,3
0.7967875666088527,1.1001771291097004,3
0.9744381507237753,1.2066421906153362,3
0.6883403990003799,0.9419191281000773,3
0.7025884389877319,0.6020917892456055,3
0.9279577467176651,0.7570536931355795,3
0.4587042993969388,0.4563368956247965,3
0.9535935189988877,0.6896484692891438,3
1.037624994913737,0.8831072648366293,3
0.7774263752831353,1.2162883281707764,3
0.6181884341769749,1.2865175406138103,3
0.7467000087102255,1.155186414718628,3
0.4684696462419298,0.4745156764984131,3
0.4751443862915039,0.7486685117085774,3
0.5655679835213555,1.064502437909444,3
0.6509582281112671,1.0476338466008503,4
0.7670530319213867,1.000494162241618,3
0.6144145329793295,1.081817626953125,3
0.6673927042219375,1.1477433840433757,3
0.4094191789627075,0.8424100081125895,3
0.7967365185419718,1.1207660833994548,3
0.5905762910842896,1.148258884747823,3
1.4923908412456512,1.0653338432312012,3
0.6268306175867716,0.6748611132303874,3
0.8375633955001831,1.0583564519882203,5
0.8014381925264994,1.1940865516662598,3
0.6679773992962308,1.0810032685597737,3
0.33925357129838735,0.791981061299642,3
0.47362360159556066,0.7664486567179362,3
0.43280696868896484,0.7200916608174641,3
0.7829061269760133,1.0880054632822673,3
0.7229708035786947,0.7946147918701172,3
0.5338078604804145,0.7006031672159831,3
0.4960715134938558,1.2060782512029011,3
0.2179761250813802,0.424008846282959,3
0.8047384023666382,1.23712424437205,3
0.7477119896146985,0.9385860761006674,3
0.8022098276350235,0.8659546375274658,3
0.2274934450785319,0.7955096562703451,3
0.7917817036310831,1.2212882836659749,3
0.22056192821926543,0.4626788298288981,3
0.47116201453738743,1.0658355553944905,3
0.6160123745600382,0.8472073872884115,3
0.5680950747595893,1.1584510803222656,3
0.41659220059712726,1.0890840689341228,3
0.8827496767044067,1.1987728675206502,3
0.7898751431041293,0.8964916070302328,3
0.7361318667729696,1.1483965317408245,3
0.7874931295712789,0.9557573000590006,3
1.065491861767239,1.1869497696558635,3
0.8775556219948664,1.1041747331619263,3
0.5283580938975017,0.7822638352711996,3
0.6164793438381619,1.2164518435796101,3
0.5298046668370565,0.5917994181315105,3
0.9231313659085167,0.7241926193237305,4
0.892691683769226,1.0555612643559773,4
0.5643579959869385,1.2376043399175007,3
0.6500532494650947,1.2433030207951863,3
0.8969506555133396,1.0414136250813801,3
0.4863498343361749,0.8733792702356974,3
0.47102521525488966,0.9001121918360392,3
0.8146008915371366,1.1363990306854248,3
0.6459401581022474,0.7847132682800293,3
0.7843833433257208,1.0436569849650066,3
0.5308698415756226,1.1674852172533672,3
0.7206663224432205,0.9867133299509684,3
0.7517558733622233,1.2234079043070476,3
0.6743033859464859,1.2183467149734497,3
0.7609880440764957,1.0612156391143799,4
0.46423856417338055,0.7712046305338541,3
0.6845473183525933,0.7141378720601399,3
0.6398051314883761,1.2136195103327434,3
0.7090141905678643,1.1104470094045003,3
0.986603299776713,0.9070067405700684,3
0.36170698536766904,1.038424293200175,3
1.0050204793612163,0.9114689826965332,3
0.789266135957506,1.0390621423721313,3
0.9513162771860758,0.8532156546910604,3
0.7998249133427938,1.0018809636433919,3
0.8466087182362875,0.881181557973226,3
0.9344289104143778,0.6369953155517578,3
0.3531262159347534,0.8640350500742594,3
0.6472350226508247,0.9680267969767252,3
0.7229451073540581,1.1091217994689941,3
0.565378851360745,0.9530064662297567,3
0.7250544724010285,1.043699562549591,4
0.6442068947686089,1.1650980313618977,3
0.8232877386940851,0.7273023923238118,3
0.6329755783081055,0.9345692793528239,3
1.0652407142851088,1.0846409797668457,3
0.6057599120669895,1.1708728472391765,3
0.45176543129815,0.956319252649943,3
0.8546991149584452,1.2625720699628193,3
0.10166596041785347,0.27215075492858887,3
0.7725030846065946,1.1767286658287048,3
0.8497034708658854,0.9024554888407389,3
0.7603852483961319,0.9067413012186686,3
0.7323928011788263,0.8372097810109457,3
0.9226198130183749,1.1676170031229656,3
0.53498465485043,0.9621063868204752,3
0.8512706359227499,1.138993501663208,3
0.9008718530337015,0.9921272993087769,3
0.8005675077438354,0.8423447608947754,3
0.9968324767218696,1.1213099956512451,3
0.8404796255959406,1.0156313975652058,3
0.7863063547346326,0.9563895066579183,3
0.6400789949629042,0.6160481770833333,3
0.2790423393249512,0.6249337196350098,3
0.6954551935195923,1.0322837829589844,3
0.5586886803309122,1.1151437759399414,3
0.5653141736984253,0.5212162335713704,3
0.6790134906768799,1.187432547410329,3
0.6333417627546523,1.204609215259552,3
0.7079844143655564,1.0785032113393147,3
0.8531008296542698,1.0333890120188396,3
0.785893440246582,0.8307906786600748,3
0.4757782204945881,0.6638113975524902,5
0.8656322889857822,1.085614760716756,3
0.784087081750234,0.7874464988708496,3
0.6759369240866766,0.9708972374598185,3
0.11589545408884683,1.0313272873560588,3
0.47250763575236004,1.2080767750740051,3
0.8747119572427539,1.1136788527170818,3
0.08894652525583902,0.8107370535532633,3
0.8277626037597656,0.8095682462056478,3
0.8054625166787042,0.5406026840209961,3
0.9122143387794495,1.0875236988067627,3
0.8358633783128527,0.9274350802103678,3
0.6199702421824137,1.0937625169754028,3
0.9756573372417027,0.9743797779083252,3
0.9830855131149292,1.2146552801132202,3
1.003546138604482,1.0006552537282307,3
0.7533695234192743,0.9909471670786539,3
0.7447460227542453,0.8683666388193766,3
0.8573542833328247,0.619848648707072,3
0.9922611051135592,1.009088118871053,3
0.7782338460286459,1.037821650505066,3
1.1774042480521731,0.9307113488515218,3
0.44071677327156067,0.6723291079203289,4
0.6517685413360595,1.0234578053156536,3
0.31696837743123374,0.4062067667643229,3
0.8152445289823743,1.1153260469436646,3
0.7421480814615885,0.8701494137446085,3
0.6813591718673706,0.9142927328745524,3
1.037219610479143,1.0413483778635662,3
0.6808006763458252,0.9111416339874268,3
0.8099818627039591,0.601033369700114,3
0.8209299908743964,1.0801188945770264,3
0.5799776713053385,0.9058854182561239,3
0.7205634779400296,0.9554250240325928,3
0.6927055716514587,0.981107751528422,3
0.8766591284010147,0.8171578248341879,3
0.6027975612216525,1.2525840600331624,3
0.7429604795244004,0.8874127864837646,3
0.6185284720526801,0.9454479217529297,3
0.5670997964011298,1.09611976146698,3
0.47201093037923175,0.5284523169199626,3
1.0799492200215657,0.9993302822113037,3
0.8511245449384054,0.9340803623199463,3
0.8280205527941386,1.1165459156036377,3
0.5709985097249349,1.0768321752548218,3
1.0344276428222656,1.0154427289962769,3
0.5109616385565864,1.193183700243632,3
0.7439436184035406,0.6480278174082439,3
0.8414189100265502,0.5972590446472168,3
0.8159438901477389,0.8519085645675659,3
0.7657525274488662,1.2293044130007427,3
0.9776075813505386,0.9882866938908895,3
0.6782153050104777,0.7172621091206868,3
0.5556250333786011,0.808905839920044,3
0.6992835071351794,0.7310544649759929,3
0.5078286462359959,1.1272013982137044,3
0.9715765714645386,1.140211780865987,3
0.1949018160502116,0.6352399190266926,3
0.8850081364313761,1.0497164726257324,3
0.7005016803741455,1.1135146220525105,3
0.7599411805470785,0.9790138403574625,3
1.0841900342040591,1.2266589204470317,3
0.6952983538309733,0.9238448937733968,3
0.7136476702160306,0.6179039478302002,3
0.49939290682474774,0.6906136671702068,3
0.7688974142074585,1.3285057942072551,3
0.8651823401451111,0.988060712814331,3
0.5994821389516195,0.9888074398040771,3
0.7126161654790243,0.990448792775472,3
1.0178744859165616,1.169112543265025,3
0.9103124009238349,1.0446298917134602,3
0.5265179872512817,1.2828378677368164,3
0.9809980524910821,1.239712079366048,3
0.7752490043640137,0.8762834866841634,3
0.49447540442148846,1.024291197458903,3
0.7716375324461194,1.0984495878219604,3
0.8875080744425455,0.8047976493835449,3
0.5818623039457533,1.0313615798950195,3
0.58601446946462,0.7643504937489828,3
0.6311117675569323,1.1420319080352783,3
0.7965533799595303,1.0790926615397136,3
0.7650940616925558,0.7683342297871908,3
0.7512079079945883,1.147114356358846,3
0.7383886973063151,1.1697835524876912,3
0.5401234096950954,0.6133993466695149,3
0.9275034070014954,1.013566295305888,3
0.980365686946445,0.9860590298970541,3
0.4589076280593872,1.2024046579996746,3
0.7250063896179199,1.2276535232861836,3
0.8478678067525228,0.8971021175384521,3
0.8559617069032456,1.0139697790145874,3
0.6034080187479655,0.9895315567652384,3
0.6750789615843032,0.8951395750045776,3
0.9248408476511637,1.262101173400879,3
0.6060860951741537,0.879152774810791,3
0.956050177415212,0.9250295956929525,3
0.9477608866161771,0.9588144620259603,3
0.7242253621419271,0.6673036416371663,3
0.07681161827511258,0.19996261596679688,3
0.7623892625172933,0.8959179321924845,3
1.2085793080153289,0.8999937375386556,3
0.4605711301167806,0.6465710004170735,3
0.16518909136454263,0.9579424858093262,3
0.794316969315211,0.8004144032796224,4
0.9294831289185419,1.0304783185323079,3
0.6066265106201172,0.738921046257019,4
0.5822946760389539,1.2169990539550781,3
0.8065294822057089,1.1903114318847656,3
0.6430694659550985,0.8972212870915731,3
0.7558645142449273,1.1816917061805725,3
0.7695565554830764,1.1891181866327922,3
0.6939137909147474,0.9657266537348429,3
0.4825884236229791,1.1755048831303914,3
0.8293472396002876,1.0918806393941243,3
0.6419173743989732,0.9149835109710693,3
0.6983808676401774,0.8151907126108805,3
0.8030054171880087,1.0638093550999959,3
0.7977888716591729,0.7008229891459148,3
0.6239822970496284,1.0999256769816081,3
0.37611594200134274,0.6165122985839844,3
0.8958659039603339,1.0895748535792034,3
0.7443714340527853,1.0648675759633381,3
0.6494833893246121,0.8405131896336874,3
0.7122469213273791,0.8406790892283121,3
0.8374125758806864,0.9934558868408203,3
0.9687955379486084,1.1464778582255046,3
0.6567371156480578,0.8250394662221273,3
0.7370322214232551,1.1665727694829304,3
0.6573202610015869,0.941088596979777,3
0.7695832192897797,1.0506043831507366,4
0.5456365048885345,0.8049987951914469,4
0.8688687086105347,0.8993199666341146,3
0.6688881715138754,1.0974357922871907,3
0.44046417872111004,1.1625848213831584,3
0.8457416627142166,1.0397760073343914,3
0.5635049740473429,1.0597225427627563,3
0.7741368889808655,0.860455592473348,4
0.5629349708557129,0.5551671187082927,3
1.0256159173117745,0.9568746089935303,3
0.8363936344782511,0.8538852135340372,3
0.25157876014709474,0.6722326278686523,3
0.757417639096578,0.9896937211354574,3
0.7649834619628059,0.9978926579157511,3
0.6962456703186035,0.9863271713256836,3
1.032905121644338,1.0357759793599446,3
0.7103556791941324,1.1123454570770264,3
0.6428682804107666,1.2276803453763325,3
0.8538856108983358,1.0531286001205444,3
0.6791029903623792,0.9132678906122843,3
0.48226484987470836,1.1460173924763997,3
0.7634261581632825,1.0502310991287231,3
0.35965009530385333,0.6109035015106201,3
0.7225079006618923,1.081038236618042,3
0.7403985526826647,1.2503256400426228,3
0.7293993367089165,1.167504568894704,3
0.9568089048067728,1.1320998271306355,3
0.6803640127182007,0.8192602793375651,3
0.7946812361478806,1.0075538158416748,4
0.5266617006725736,0.9467855294545492,3
0.8588943613900079,0.9845123291015625,3
0.6939734750323825,0.9861305952072144,3
0.7513193554348415,1.0834925174713135,3
0.7073055373297797,1.0046473344167073,3
0.6918912463717991,0.6712387402852376,3
0.8495109213723078,0.7534214655558268,3
0.6705257362789578,0.9110893408457438,3
0.8204056753052607,1.0545762379964192,3
0.6498214933607313,1.175799012184143,3
0.6251893838246664,0.7133326530456543,3
1.0791788697242737,1.0679430564244587,3
0.7878990040885077,1.106074571609497,3
0.6898980405595568,1.1114883422851562,3
0.8024455640051099,0.9551347494125366,3
1.0160803265041773,0.9639081557591757,3
0.8555034796396891,1.0446406205495198,3
0.5099927849239773,1.0125988324483235,3
0.5823308229446411,0.813347339630127,3
1.0618344048659007,0.894476572672526,3
0.6541255315144857,0.9326133330663046,3
0.5642001628875732,0.9307229518890381,3
0.5643782218297323,0.976787249247233,3
0.6773741881052654,1.133652965227763,3
0.5418143537309434,0.691289742787679,3
0.3552982934315999,0.5193916320800781,5
0.7647676997714572,1.098065177599589,3
0.6225006845262315,1.261208176612854,3
0.42393386363983154,0.8143178621927897,3
0.6704341636763678,1.2281908988952637,3
0.9419991175333658,0.916569987932841,3
0.8851269682248434,1.1236969232559204,3
0.7665697622299195,0.7907284259796142,5
0.6898904509014554,0.9962785243988037,3
0.7635285258293152,0.776585578918457,3
0.756515171792772,1.2266777555147808,3
0.6845359139972262,1.1982858379681904,3
0.5772707992129855,0.7670849164326986,3
0.6193386448754205,1.245560646057129,3
0.852537406815423,1.230784257253011,3
0.8005879786279465,1.1251308520634968,3
0.8504399458567301,1.1288148562113445,3
0.9095861779318914,0.9880634148915609,3
0.809024863772922,1.0297279357910156,3
0.6436717510223389,1.047557791074117,3
0.8968565199110244,1.032504677772522,3
0.8726485848426819,1.098069190979004,4
0.4412117958068848,0.8894308010737101,3
0.6159391668107774,1.0248451232910156,3
0.6867024766074287,0.9738086064656576,3
0.8547643290625678,0.7724606990814209,3
0.7377694686253866,0.6011229356129963,3
0.7867880132463244,1.1901584068934123,3
0.7123709996541341,0.7420570850372314,4
0.956661793920729,0.9436721801757812,3
0.5162859095467461,1.2892799973487854,3
0.8990757597817316,0.9901312987009684,3
0.7528423468271891,0.8617039521535238,3
0.8101390467749702,0.9094543059666952,3
0.820027854707506,0.7708953221638998,3
0.8447689016660055,1.1407879988352458,3
1.0165354212125142,1.0225345293680828,3
0.8252182669109768,0.897507111231486,3
0.6539472421010335,0.8362675905227661,3
0.5913893249299792,1.1695912679036458,3
0.7451727787653605,1.1664824883143108,3
0.9218341708183289,1.0579159259796143,3
0.9057625267240738,1.1251644690831502,3
0.7613806989457871,1.1288678646087646,3
0.5327001015345255,0.8145980834960938,3
0.8548854523234897,0.9165132443110148,3
1.1121923261218603,1.0045949618021648,3
0.5638705492019653,0.9038345813751221,3
0.578859978251987,1.2554638385772705,3
0.8404426707161798,0.8093705177307129,3
0.646919376320309,1.15221373240153,3
1.0323945018980238,1.0817911624908447,3
0.9653385877609253,0.8092061678568522,3
0.7059181849161784,0.9239030679066976,3
0.6091290314992269,0.9479573965072632,3
0.6884328391816882,0.9614599545796713,3
0.6438683536317614,0.9100141525268555,3
0.5097891887029012,0.6128341356913249,3
0.9953143133057489,1.1297595500946045,3
0.7218886534372966,0.9024259249369303,3
0.6577049626244439,1.0458049774169922,3
0.7989236050181919,1.2252872188886006,3
0.7583369149102106,1.010715405146281,3
0.5398293733596802,0.9545726378758749,3
0.7735662460327148,1.1821657816569011,3
1.0310639142990112,1.1895643472671509,3
0.8736222452587551,1.0447749296824138,3
0.6359336773554484,1.0169710715611775,3
1.249517626232571,0.8234729766845703,3
0.6077315277523464,0.9417591094970703,3
0.5769938892788358,0.8370128870010376,3
0.5804675022761027,1.1511181195576985,3
0.8656533426708646,0.9864434401194254,3
0.7673117584652371,0.9282209475835165,3
0.9159142507447138,1.0958902835845947,3
0.8269848956002129,1.077562967936198,3
0.7734331952200996,0.9989905754725138,3
0.7157871855629815,0.8967664241790771,3
0.5534912745157877,0.6804001331329346,3
0.6153751346800062,1.0490537881851196,3
0.5595085223515829,0.9050893386205038,3
0.25369402567545574,0.4117948214213053,3
0.4430155436197916,0.6185080210367839,3
0.5867858330408732,0.6413129170735676,3
0.8876246213912964,1.0857741832733154,3
0.8316152956750656,1.0455153783162434,3
0.436469144291348,1.180803656578064,3
0.6771627532111274,1.029633601506551,3
0.8250875605477227,0.9698549111684164,3
0.8433838619126214,1.0936147371927898,3
0.5428221490648057,1.2408883968989055,3
0.10574091805352104,0.3701423009236654,3
0.8768220610088773,1.1838399171829224,3
0.6406922605302598,1.0622380177179973,3
0.7748998403549194,0.9549523194630941,3
0.7508592473136053,1.1251239379247029,3
0.6664023266898261,1.0867687861124675,3
0.5731881062189738,1.0367474555969238,3
0.8056182463963827,1.0881139834721882,3
0.5704052845637003,1.271400272846222,3
0.6452133920457628,0.9706758658091227,3
0.8079984585444132,1.1796552141507466,3
0.881698093811671,1.024807075659434,4
0.19786540667215982,0.5768138567606609,3
0.05930174986521405,1.069774866104126,3
1.1063579320907593,1.1872008641560872,3
0.8516418404049344,1.0325640042622883,3
0.620333194732666,0.9535479148228964,3
0.7639699512057834,0.9064203103383383,3
0.4439006116655138,0.33829132715861,3
0.8624999258253309,0.8103666305541992,3
1.0980669061342876,0.9541590611139933,3
0.8853592276573181,0.9675528208414713,3
0.6105490393108791,1.2739656567573547,3
0.8195425536897446,1.0089619954427083,3
0.850923134220971,0.8289035161336263,3
0.9047629766994053,0.8772728443145752,3
0.6946688956684536,0.8695311546325684,3
0.3455270767211914,0.7590126196543375,3
0.7401451137330798,1.1108692089716594,3
0.6783004071977404,1.0609533786773682,3
1.0633999109268188,0.9069236516952515,3
0.24905025959014893,0.2801267306009928,3
0.9194477664099799,0.9473965167999268,3
0.88550951745775,0.7970027923583984,3
0.6111656427383423,0.42245896657307946,3
0.7801801694764031,0.7570091883341471,3
0.7624950011571249,0.8986103137334188,3
0.5323444207509359,0.9193413257598877,3
1.2698073950078752,1.0212072134017944,3
0.621471709675259,0.9368697802225748,3
0.9252087540096707,0.9765302340189616,3
0.9278020130263434,1.1260629097620647,3
0.9367166625128852,0.6806724071502686,3
0.629311998685201,1.1553135712941487,3
0.6175652609931098,0.8414495388666788,3
1.1076771683163114,1.0276745160420735,3
0.8640775283177694,0.8780388037363688,3
0.8785385489463806,1.086441198984782,3
0.9258067276742724,0.9364110628763834,3
0.6451141834259033,1.1105834643046062,3
0.6213919189241197,0.6584209601084392,3
0.6974113649792142,0.8786404927571615,3
0.574512865808275,0.751311461130778,3
0.35029608541064794,0.43263777097066247,4
0.8378181788656446,1.1045856078465779,3
0.9004793829388089,0.9429809252421061,3
0.9775784346792432,0.7940417925516764,3
0.1525274356206258,0.5560100078582764,3
0.5571008258395725,1.1178596019744873,3
0.8149647580252752,0.9082068204879761,3
0.7041374974780613,1.1346427996953328,3
0.7537440591388279,1.2054400245348613,3
0.5247291326522827,1.0283628304799397,3
0.8679632610744901,0.9255481958389282,3
0.5705075263977051,1.0292214552561443,3
0.493423859278361,1.1681697964668274,3
0.6350238455666436,0.9995355606079102,3
0.5337413416968452,0.9583098093668619,3
0.40181307792663573,0.6355422337849934,4
0.4441103670332167,1.0263497829437256,3
0.6618135505252415,1.2335452636082966,3
1.1528410646650527,0.7482823530832927,3
0.738420910305447,1.0451948642730713,3
0.9740542948246003,1.0397299925486247,4
0.3723054567972819,1.2090749144554138,3
0.944512685139974,1.1751515467961628,3
0.6820533143149481,1.264762322107951,3
0.47042469183603924,1.1589986483256023,3
0.5957454442977905,0.8986489375432333,3
0.7897993922233582,1.1878900527954102,3
0.4784494082132975,0.680808703104655,4
1.1412811279296875,0.8826946417490641,3
1.0704011387295191,0.8110035260518392,3
0.8197053472201029,1.0646028518676758,3
0.796922829416063,0.8712191581726074,3
0.657709108458625,1.0609036286671956,3
0.7563345034917196,1.184930940469106,3
1.1019339561462402,1.0868646303812664,3
0.6890385018454658,1.0640161037445068,3
0.8152770466274686,1.082226077715556,3
0.5570416450500488,1.1188228527704875,3
0.1454981565475464,0.8586911757787069,3
0.09583822091420491,0.7389880816141765,3
0.5428357256783379,1.1194742520650227,3
0.7933860884772407,1.1661488612492878,3
0.843643307685852,1.0445332924524944,3
0.7175797621409098,1.2860647241274517,3
0.5119974480734931,0.8141884009043375,3
0.9717249671618143,1.052653431892395,3
0.8733007907867432,1.0030799706776936,3
0.6648410823610095,1.1242293119430542,3
0.8131008810467191,1.1979371309280396,3
0.6813136074278091,1.0018667380015056,3
0.7814613713158503,1.0206315517425537,3
0.6147429015901354,1.0982512633005779,3
0.9832515517870585,1.0808481772740681,3
0.6418972147835625,1.1243301232655842,3
0.7767110904057821,0.8223691781361898,3
0.6922676165898641,1.1396803855895996,3
0.947218636671702,0.9862697124481201,3
0.5472813924153646,0.7384748458862305,3
0.7306632200876871,0.8359059890111288,3
0.7256089051564535,1.0026232401529949,3
0.7206953048706055,1.0567553043365479,4
0.8409597476323446,1.1767677267392476,3
0.5874109798007541,1.252137839794159,3
0.5428780184851753,0.8389595746994019,3
0.60245600938797,0.9059544801712036,4
0.7110920217302111,1.1372347275416057,3
0.8233682844373914,1.2271157503128052,3
0.7843743032879299,0.9254329204559326,3
0.7755101256900364,0.9723503589630127,3
0.9528748989105225,0.9775616725285848,3
0.6515979899300469,1.1654539108276367,3
0.7574451896879407,1.101682186126709,3
0.32881578207015993,0.7278842926025391,4
0.5823295381334094,1.2549442450205486,3
0.12897944450378418,0.38935208320617676,3
1.1614198684692383,0.990219513575236,3
0.9143784311082629,0.8915448188781738,3
0.6741129954655966,1.03616197903951,3
0.7260834376017252,1.2686139543851216,3
0.7861716747283936,1.1263201236724854,3
0.8103515651490953,0.7870353857676188,3
1.071858055061764,1.0725429058074951,3
0.5543354113896688,0.9654038349787394,3
0.6014548142751058,0.6523466110229492,3
0.666023055712382,1.158375342686971,3
0.6808224519093832,1.13961394627889,3
0.7223993539810181,1.0759962399800618,3
0.591687798500061,1.0675760904947917,3
0.7340986481419316,0.7184371948242188,3
0.7725091775258383,0.899608294169108,3
0.8531024720933701,1.1183165709177654,3
0.7648387485080295,0.8520082632700602,3
0.7886070807774862,1.0543842315673828,3
0.584887835714552,0.9166946411132812,3
0.7786724964777628,0.9278972148895264,3
0.6066519816716512,0.9161502520243326,3
0.7150715986887614,1.2003339529037476,3
0.6598408619562786,0.698176662127177,4
0.7083767255147299,1.1303935050964355,3
0.7404784361521403,0.9675743182500204,3
0.5187162823147243,0.9937567710876465,3
1.1542511343955995,1.0723888874053955,5
0.6905464397536383,1.0674145619074504,3
0.6707586050033569,0.8428460756937662,3
0.7643112871381973,1.0382020870844524,3
0.48906718360053175,0.7575898170471191,3
0.9749941031138102,1.041192889213562,3
0.7621340619193182,1.2161150972048442,3
0.977769156297048,1.2224786281585693,3
0.7824280659357706,1.1179262002309163,3
0.5366069740719265,1.0235041379928589,3
0.8652982711791992,1.1166432698567708,3
0.6981124877929688,1.0744010210037231,3
0.5225121047761706,1.207992951075236,3
0.6033931175867716,0.6184165477752686,3
0.7906382216347589,1.2154794931411743,3
0.6253054804272121,1.1194348335266113,3
0.7097074124548172,0.8460342884063721,3
0.7239413393868341,1.113930583000183,3
0.8093585703108045,0.8898396889368693,3
0.8104881975385877,1.2156740029652913,3
0.9581693808237711,1.1522262891133626,3
0.6046454774008857,1.1446340481440227,3
0.7378886143366495,0.8217519919077555,3
0.7706278297636245,1.236403465270996,3
0.8787550330162048,0.8752440214157104,3
0.9682157668802475,1.0459924538930256,3
0.782212323612637,1.0879154205322266,3
0.9817438059382969,1.04906431833903,3
0.679979165395101,0.9923763672510783,3
0.751083234945933,0.7646077473958334,3
0.737119738260905,0.7673752307891846,3
0.6007675992117988,1.0703918933868408,3
0.901231202814314,1.1781111359596252,3
0.5784461498260498,0.9039230346679688,3
0.5857043398751153,0.8695774078369141,3
0.8491984142197503,0.9407632350921631,3
1.091563794347975,0.8428201675415039,3
0.9276325835122003,1.1067241032918294,3
0.652558856540256,0.7649033864339193,3
0.8557213015026516,1.0844955444335938,3
0.4618024428685506,0.7955394585927328,3
0.6015938255521985,0.9779613812764486,3
0.6923159228430853,0.8726093371709188,3
0.2806427796681722,0.44908650716145837,3
0.5996372302373251,1.0207866430282593,3
0.6593849923875597,1.146420915921529,3
0.7142979436450535,0.793781598409017,3
0.8174566295411853,1.1345670223236084,3
0.6520586808522543,0.9431422551472982,3
0.8339302142461141,1.200663427511851,3
0.8131432400809394,0.9216422637303671,3
0.7892098095681931,0.9421577453613281,3
0.6350021362304688,1.1404068072636921,3
0.6396343310674032,1.072530746459961,3
0.48182369603051073,0.44117466608683265,3
0.7204525470733643,0.8127191861470541,3
0.8394567171732584,0.9595309495925903,3
0.6931277977095709,1.2007961670557659,3
0.7384239037831625,0.8879333337148031,3
0.9665823578834534,1.0263574918111165,3
0.898279176818,0.8452924489974976,3
0.8143067624833847,0.939547061920166,3
0.6151026637465865,1.0676121314366658,3
0.7132987313800389,1.0224233468373616,3
0.648278620507982,1.1028050581614177,3
0.730849610434638,1.2204367121060689,3
0.8654065330823263,1.1727317571640015,3
0.7436114549636841,1.1106431484222412,3
0.7068042755126953,0.7848654588063558,3
1.0691245595614116,0.7912527720133463,3
0.7936615811453925,0.8637767632802328,3
0.3197530375586616,0.6710999806722004,3
0.6562284496095445,1.181034247080485,3
0.8847471205393473,0.8760227680206298,5
0.8136879470613266,1.2287884155909221,3
0.6428410742017958,0.8600131273269653,3
0.7998001972834269,1.1458559036254883,3
0.9384132756127253,0.9777164459228516,3
0.9429439703623453,0.7452948888142903,3
0.7600330644183689,0.8527061144510905,3
0.7667960867995307,0.5455460548400879,4
1.018141461743249,0.8922723929087321,3
0.7296422653728061,0.9046246608098348,3
0.4384337266286214,1.1799444754918416,3
0.5436965624491373,1.2254719932874043,3
0.8347296516100565,0.8458944161732992,3
0.6134146584404839,0.9518771171569824,3
0.6253937350379096,1.1654102802276611,3
0.5605483849843343,1.013508955637614,3
0.8917273283004761,0.9488282998402914,3
0.8608077168464661,0.9804332653681437,3
0.4277610381444295,0.784384568532308,3
0.8534866438971626,0.6478207906087239,3
0.7069007953008016,1.0611279010772705,3
0.7376229763031006,0.9423317114512125,3
1.0706154886219237,1.071760892868042,4
0.5655701213412815,1.0197107791900635,3
0.6029300954606799,1.080846865971883,3
0.4715404201436926,0.442028284072876,3
0.47612468401590985,1.0437107880910237,3
0.8882070422172547,1.076344645023346,5
0.9195314248402914,0.7870438098907471,3
0.6431838406456841,1.0847397645314534,3
0.6128948662016127,1.1714837153752644,3
0.7398964232868618,1.020633618036906,3
0.6791643566555448,0.7793918450673422,3
0.44215994411044646,0.7638216018676758,3
0.8559252950880262,0.576575517654419,3
0.7483215464486017,1.1342730124791462,3
0.8841389152738784,1.2051371733347576,3
0.510975095960829,0.8110594749450684,3
0.9202419585651821,1.1079599857330322,3
0.46577122476365834,1.1210112571716309,3
0.6739119026396009,1.0457471211751301,3
0.8610694275961981,1.0722315311431885,3
0.6232238875495063,1.1701535781224568,3
0.4786355495452881,0.8731659253438314,3
0.47981055577596027,0.8665244976679484,3
0.8024205764134725,0.7444204489390056,3
0.871426953209771,0.9962040583292643,3
0.43260908126831055,0.4270761013031006,4
0.8252742224269443,0.9052170912424723,3
0.8852493762969971,1.2111363808314006,3
0.4934866428375244,1.1149899164835613,3
0.7609444332122802,1.0287915468215942,5
0.7655700577629938,1.0185430844624836,3
0.5754790703455607,0.8906058867772421,3
0.8314460780885485,1.0180491209030151,3
0.7877832253774008,1.0146921078364055,3
0.7604459524154663,1.082791010538737,3
0.5627732276916504,1.0116758346557617,3
0.8983112573623657,0.5312539736429851,3
0.6717239750756158,1.0302588939666748,3
0.2032285114129384,1.003284255663554,4
0.7727847297986349,1.0622219642003377,3
0.5842259248097738,0.4856327374776205,3
0.8824225730366178,1.0413904587427776,3
0.5678365363015069,0.8583165407180786,3
0.5952416790856255,1.1409586270650227,3
0.7837728328175014,1.0464265743891399,3
0.3086427052815755,0.616818904876709,3
0.7727190256118774,0.5323274930318196,3
0.9522912833425733,1.213392158349355,3
0.7938121093644037,1.0829774538675945,3
0.785025954246521,1.2052704493204753,3
0.8085785706837972,0.6926478544871013,3
0.8135492536756729,1.2518980900446575,3
0.3175722122192383,0.7252337137858074,3
0.7149997154871622,0.7307629585266113,3
0.7739543120066324,0.7402302424112956,3
0.6762145227856106,0.8898695309956869,3
1.1168864832984078,1.074826955795288,3
0.5425041384167142,1.2016791701316833,3
1.0973924464649623,0.6956243515014648,3
0.6957414895296097,1.072901984055837,4
0.9185501337051392,1.0172297954559326,3
0.866997758547465,0.9861955642700195,3
0.6844117376539441,1.2336556315422058,3
0.5406420310338338,0.723528226216634,3
0.47386742256305836,0.40316597620646155,3
0.6347570286856757,1.1259211699167888,3
0.8374087479379441,1.2958062291145325,3
0.7401145696640015,1.0188820362091064,3
0.40887777010599774,0.6622302532196045,3
0.9611611233817206,0.7382869720458984,3
0.8011128306388855,1.1040331323941548,4
0.08804824352264402,0.7348144054412842,3
0.66045610109965,1.05231777826945,3
0.6399473746617635,0.8866676489512125,3
0.7754767470889621,0.8236377239227295,3
0.5735063287946912,0.7826111316680908,3
1.0000822345415752,0.8240417639414469,3
0.8398226896921793,0.9666980504989624,3
0.784707142247094,1.2249728441238403,3
0.795582503080368,0.7840627034505209,4
0.8873579568333095,0.8650050560633341,3
0.8576877117156982,1.1334035396575928,3
0.7798379792107476,1.1372409264246623,3
0.5740417639414469,0.8820854425430298,3
0.8246905273861355,1.14220130443573,3
1.0579567286703322,1.135430137316386,3
1.139323929945628,1.1006745497385662,3
0.5080214076571995,0.7788711388905843,3
0.8932889302571615,0.7487272421518962,3
0.6860355271233454,1.1123121579488118,3
0.7290654977162679,0.9985067844390869,3
0.508478668000963,1.148837725321452,3
0.8390121857325236,1.1465547879536946,3
0.8589701784981622,0.9926584561665853,3
0.9168219765027364,0.9418776432673136,3
0.6922369003295898,0.9620066483815511,3
0.7839134799109564,0.9540220896402994,3
0.5174795654084947,0.6666232744852703,3
0.9002895487679375,0.9564210573832194,3
0.24567325909932455,0.4587233066558838,3
0.6475591182708741,1.053666591644287,3
0.7834914127985636,0.9016198317209879,3
0.46864267190297443,0.8336770534515381,3
0.38077650268872576,0.7671228249867758,4
0.7587843206193711,0.9130426247914633,3
0.7663518587748209,1.2294370532035828,3
0.6182509660720825,1.0500587622324626,3
0.7932674090067545,1.083535114924113,3
0.8662517335679797,1.0578088760375977,3
0.630372683207194,0.9334254264831543,3
0.764631920390659,1.217890461285909,3
0.4167475700378418,1.04946764310201,3
0.18987915250990126,0.7955811818440756,3
0.632528649436103,1.1056397755940754,3
0.4007296562194824,0.4900879065195719,3
0.6741455396016439,1.1636273860931396,3
0.7165449394120111,0.9079055786132812,3
0.7758026056819493,1.0741790930430095,3
0.08111031850179036,0.21422036488850915,3
0.9104402462641398,0.8838957150777181,3
1.134073151482476,1.196390946706136,3
0.7451196670532226,1.2391189336776733,3
0.7191236813863119,0.9288700024286906,3
0.7605294121636286,1.05756676197052,3
0.6676050424575806,1.0085545380910237,3
0.7902642091115316,1.0801653861999512,3
0.6216799020767212,1.2430816888809204,3
0.6682766278584799,0.7803324858347574,3
0.7831697199079725,0.5847334861755371,3
1.0922033058272467,0.9857668081919352,3
0.82352704472012,1.1207960844039917,3
0.9327085669835407,1.0830096006393433,5
0.13998929659525552,0.26517629623413086,3
0.7104056941138372,0.9250131448109945,3
1.0839704010221693,0.8376241525014242,3
0.8011570903990003,0.93143630027771,3
0.700048009554545,1.0600870450337727,3
0.6833896769417658,0.6036522388458252,3
0.2341090573204888,0.45939111709594727,3
0.7037229008144803,1.0892173449198406,3
0.847036984231737,1.1707424720128377,3
0.6460369092446786,0.5685644149780273,3
0.5511778063244289,0.8093476295471191,3
0.9406221972571479,1.2135163346926372,3
0.863113496038649,0.9232815106709799,3
0.5365980333752102,1.175528923670451,3
0.8723804950714111,0.7002514203389485,3
0.663547952969869,1.1866536537806194,3
0.5294110933939616,0.9211726188659668,3
0.7952673037846884,0.9436885118484497,3
0.8265760739644369,1.2517943779627483,3
0.7818485101064047,1.0734625657399495,3
0.6264631880654229,1.0786251624425252,3
1.0488272507985432,1.176954746246338,3
0.6076016426086426,0.7672354380289713,3
0.9155228998925949,0.9427307446797689,3
0.8572892347971598,1.021545171737671,3
0.8228022389941746,0.8322720527648926,3
0.5717522568172879,1.2306216955184937,3
0.7333436078495449,1.0457496643066406,3
0.9107603894339668,0.9424462715784708,3
0.9179468684726292,1.1842055320739746,3
0.780105663670434,0.9417404333750407,3
0.5675244861178927,1.0952314138412476,3
0.7968472242355347,1.0862784783045452,4
0.6404868894153172,0.49700442949930823,3
0.9307951927185059,1.1147030194600422,3
0.9497892326778835,1.0433368285497029,3
1.2904113597340052,1.0602023601531982,3
0.7524895403120252,0.9032384951909384,3
0.1019363005956014,0.24265893300374353,3
0.7524829043282403,0.8598918517430624,3
0.8323231736818949,1.133189598719279,3
0.7844306627909342,1.0401625235875447,3
0.7010202010472616,1.0772823492685955,3
0.3498470650778877,0.578562577565511,3
0.5662198066711426,0.5970405737559001,3
1.1895940568712022,0.9760662317276001,3
0.8879672023985122,0.7458620071411133,3
0.5421911742952136,0.807497501373291,3
0.8288434081607395,0.9641002416610718,3
0.6241105265087552,1.2905579606691997,3
0.4186336733046032,0.7081245581309001,3
0.6772343715031942,0.8528729279836019,3
0.6700041161643133,0.8271581331888834,3
0.8460172944598727,1.1907949447631836,3
0.8056352800793117,1.2176795999209087,3
0.7960375547409058,1.157045602798462,3
0.8167152007420858,1.1423184076944988,3
0.7503296136856079,0.755866527557373,3
0.44838923878139925,0.6280021667480469,3
0.7697159979078506,0.9772177537282308,3
0.6152262555228339,0.9463574886322021,3
0.7396693759494358,1.0339606602986653,3
0.8095727496676974,1.033103068669637,3
0.8658430443869697,1.0812570254007976,3
0.7746613687939115,1.193437655766805,3
0.7087622549798752,0.6249039967854817,3
0.8296422428554959,1.1015599568684895,3
0.7559284501605564,0.9146265586217245,3
0.9333922266960144,0.7616446812947592,3
0.7299576070573596,1.0485414266586304,3
0.5188091039657593,0.9280226230621338,3
1.025892032517327,1.103749434153239,3
0.9848181207974752,0.9295896291732788,3
0.45981175369686555,1.0993423859278362,3
0.6424456437428793,0.6904877026875813,3
1.0047399620215098,0.99794868628184,4
0.8612365656428866,1.1706911325454712,3
0.8704158729977078,0.9096137682596842,3
0.714645504951477,1.2373960812886555,3
0.5859059360292224,1.0183056195576985,3
0.9708658920394049,0.9743398030598959,3
0.8552414245075649,0.8437043031056722,3
0.7002424120903015,0.8367600043614706,4
0.686812096171909,1.1556124687194824,3
1.069565839237637,0.9945298830668131,3
0.7195435232586331,1.149165431658427,3
0.8157567580540975,1.022382378578186,3
0.823998212814331,1.0664596557617188,3
0.6254673269059924,1.099405328432719,3
0.829154696729448,1.010607639948527,3
0.9317992660734388,1.0847357908884685,3
0.7601346174875895,1.137353499730428,3
0.9172032872835795,0.9358060757319132,3
1.1580312384499445,1.0573147932688396,3
0.6435562981499565,0.9708176056543986,3
0.8368524048063489,1.0932116508483887,3
0.6120583878623115,0.6828255653381348,3
0.6343138217926025,1.2616053024927776,3
0.6185033321380615,1.0704938968022664,3
0.7282149261898464,0.959292451540629,3
0.734519746568468,0.8035549322764078,3
0.791251195801629,1.0908714135487874,3
0.821185761027866,0.8626225789388021,3
0.507788586616516,0.9559504191080729,3
1.0820305877261691,1.1581006447474163,3
0.704653779665629,0.8479301929473877,3
0.6201707124710083,0.9153237740198771,3
0.8975666628943549,0.9057538906733195,3
1.1425947745641072,0.9855623245239258,3
0.3975507656733195,0.5591794649759929,3
0.8347547981474134,1.1820066173871357,3
0.9115539921654596,0.8278516133626302,3
0.7138814528783163,1.2681726415952046,3
0.8338269525104098,0.8397722244262695,3
0.41248536109924316,0.9968423446019491,3
0.22068368196487426,0.6256066958109539,4
0.4596556345621745,1.1197112401326497,3
0.7644936641057333,0.954703132311503,3
0.34540501832962034,0.5352213382720947,4
0.9472154776255289,1.019863526026408,3
0.6867117007573446,0.973322590192159,3
0.8135316636827258,1.0950520038604736,3
0.5475612084070841,0.5603078206380208,3
0.6465155283610026,1.0802663167317708,3
0.7586211204528809,1.1040759086608887,3
0.6448869970109729,0.9316537380218506,3
0.7892318765322367,1.0033562580744426,3
0.9839516613218521,1.0246203740437825,3
0.30421608289082847,0.7280910809834797,3
0.5138807773590087,0.762941837310791,3
0.9637082682715522,1.0690356890360515,3
0.7130346563127304,1.151896635691325,3
0.6760797633065118,0.4753684997558594,3
0.7580428063869477,0.703797459602356,4
0.2053617318471273,0.3005556265513102,4
0.9957259893417358,1.2347311576207478,3
0.3715839227040609,0.9057694673538208,3
0.7650171120961508,1.029580036799113,3
0.945291797320048,1.0735065937042236,3
0.6773171822230021,0.8684608936309814,3
0.9317005077997843,0.9571601549784342,3
0.631073964966668,0.800223191579183,3
0.5836825900607638,0.8289135297139486,3
0.8827516502804226,0.9897648493448893,3
0.5311689509285821,0.5087839762369792,3
0.5572678168614705,0.8225375811258951,3
1.0305766827530332,1.0100603898366292,3
0.7725254429711236,1.0067396958669026,3
0.6876477532916598,1.0845235188802083,3
0.6121213701036242,1.0558821360270183,3
0.6235734820365906,1.1509761810302734,3
0.754602829615275,1.123972733815511,3
1.1167819172143936,0.7645392417907715,4
0.8735333548651801,1.1291475296020508,3
0.8056421942181057,1.1016529003779094,3
0.8717953827646042,1.1080944935480754,3
1.032830191983117,0.7546494801839193,3
0.7618576950497097,0.8280097643534342,3
1.0018038405312433,0.978785236676534,3
0.8997070988019308,1.2078779538472493,3
0.7669152816136678,1.2170007427533467,3
0.6197892824808756,0.8809442520141602,3
0.97946345143848,0.8648141225179037,3
0.7775912682215372,1.0114858945210774,3
0.7446500460306803,1.008462905883789,3
0.5198109944661459,0.9997692902882894,3
0.857501592901018,1.0302081108093262,3
0.6448582278357612,0.8273156483968099,3
0.6631344291898938,0.44641248385111487,3
0.842383861541748,1.1936662197113037,3
0.23228372467888728,0.24561055501302087,3
0.6073793437745837,1.2231579621632893,3
0.7445602416992188,1.063240925470988,3
0.7599144644207425,1.1333432992299397,3
0.29652178287506104,0.9646581013997396,3
0.6773180166880289,0.9906309048334757,3
0.7967251274320816,0.6419106324513753,3
0.7805034452014499,1.1686222155888875,3
0.6344446738560995,1.2200769980748494,3
0.7306525972154406,1.0912758509318035,3
0.5215405755572848,1.0274132092793782,3
0.706321054034763,1.0563151836395264,3
0.8092099825541178,0.9757145245869955,3
0.8019654221004909,1.042463223139445,3
0.6419955756929185,0.9718817075093588,3
0.7850234111150106,1.1601701180140178,3
0.5556309355629815,1.1068538029988606,3
0.5012794468137952,1.1803793907165527,3
0.74903670946757,0.798712412516276,3
0.8378244837125143,0.5786301294962566,3
0.8811913794941373,0.7453506787618001,3
0.8473509152730306,1.144039471944173,3
0.601459781328837,0.8439406553904215,3
0.8604147831598917,1.1370927492777507,3
0.8679194847742716,0.8477532466252645,3
0.6224423117107816,0.8972283999125162,3
0.8760143518447876,1.0096183617909749,3
0.672835111618042,0.8275760014851888,3
0.6316290034188164,1.0992281436920166,3
0.9516401158438789,0.989128033320109,3
0.16336705949571398,0.3245823383331299,3
0.7526073025332556,1.1099060376485188,3
0.7276012500127157,1.091930627822876,3
0.7315716611014472,0.8807698885599772,3
0.8402714861763848,1.0860750277837117,3
0.6508612791697185,1.1443667809168498,3
0.7876950461613504,0.9580524365107218,4
0.8870751857757568,1.0799092451731365,3
0.9066410329606797,1.0509469509124756,3
0.6189030504226685,1.0725487351417542,5
0.8618266052669948,0.9083571434020996,3
0.7591472334331937,1.2154229084650676,3
0.7961394786834717,1.1760367155075073,3
0.9210778474807739,0.8100990454355875,3
0.8642551832728916,0.7737008730570475,3
0.7430903646681045,1.057952086130778,3
0.692644887500339,1.0215059121449788,3
0.8445654445224339,1.1364433765411377,3
0.8356503910488552,1.03645920753479,3
0.7872370541095733,0.9479056199391683,4
1.0315064191818237,1.2088480591773987,3
0.6109507415029738,0.7412127653757732,3
0.6278117232852513,0.9055067698160807,3
0.4831414222717285,0.842269500096639,3
0.8026319742202759,0.8855944077173868,3
0.7407957315444946,1.0438001950581868,3
0.9557291865348816,1.2111154397328694,3
0.8768957455952963,1.024109681447347,3
0.8565341896480984,0.9070982933044434,3
0.5404772361119589,0.8964429696400961,3
0.7008614540100098,0.7918679714202881,3
0.10099578499794007,0.7065479755401611,4
0.6067354016833836,0.9563151995340983,3
0.5619429349899292,1.1480963230133057,3
0.725909968217214,0.9725881417592367,3
0.9637354522943496,0.9348444938659668,4
0.9728934831089443,0.976949413617452,3
0.6643486817677816,0.847095807393392,3
0.6509592533111572,1.078149954477946,3
0.6223144133885702,1.17992236216863,3
0.8858907620112101,0.9131999015808105,3
0.7135579188664755,0.9206363757451376,3
0.3711364269256592,0.919989267985026,3
0.8329301410251193,0.8556191126505533,3
0.5951786041259766,0.5031125545501709,3
0.6757242149776883,0.8978274265925089,3
0.5195299254523383,0.6956315040588379,3
0.9277420043945312,1.0342833201090496,3
0.7489102416568332,1.1505645116170247,3
0.9172237051857843,1.1268792947133381,3
0.7340076631969875,1.0496533711751301,3
0.6649671925438775,1.0623557964960735,3
0.6836264265908135,0.8867786327997843,3
0.6885412534077963,1.2205593585968018,3
1.0027662383185494,1.1057970523834229,3
0.8064334988594055,0.8203823566436768,3
0.9990051984786987,1.0325781106948853,3
0.7037203709284464,0.9369713465372721,3
1.0378272732098897,0.9869426091512045,3
0.8431927031940883,1.1185534795125325,3
0.6329156425264147,0.9438333511352539,3
0.9099635415607029,1.1678571105003357,3
1.2259714206059773,0.9914162953694662,3
0.892663253678216,1.2306718230247498,3
0.8668620851304797,1.0534985065460205,3
0.8386695914798313,1.2164622942606609,3
0.4138754738701715,1.2114375829696655,3
0.4827605353461372,0.9241805871327718,3
0.7050555811987983,1.058288335800171,3
0.9284943607118396,0.8232154051462809,3
0.728480166859097,0.9781871239344279,3
0.31656792428758407,0.7922395070393881,3
0.5392505990134345,0.7489709854125977,3
0.6761444807052612,1.057130257288615,3
0.45057196087307405,1.193692962328593,3
0.16663572523328993,0.31529315312703454,3
0.7534265924383092,1.1767670313517253,3
0.6196671591864692,0.8459280331929525,3
0.6808734205034043,1.1263233820597331,3
0.7607170396380953,0.9382184505462646,5
0.5647349092695448,1.0713373025258381,3
0.63644011815389,0.692227045694987,3
0.7444812191857232,1.1532928148905437,3
0.9126978052986993,0.9846303462982178,3
0.5587871736950344,0.8045295079549154,3
0.39435349570380324,0.7118337154388428,3
0.7777905596627129,0.9007643858591715,3
0.7212399774127536,0.7413030465443928,3
0.6689768764707776,1.1157588164011638,3
0.8134149577882553,0.8946246306101481,3
0.731987476348877,1.0557529926300049,3
0.990974293814765,0.9523613452911377,3
0.9106096095508999,1.0567539135615032,3
0.86838698387146,0.9455025990804037,3
0.8904170857535468,0.7331020037333171,3
0.6590047544903226,1.203614354133606,3
0.6798560751809014,1.0357876221338909,3
0.7148943212297226,0.9480410814285278,3
0.3943813323974609,0.857259472211202,3
0.5604861577351888,1.038346489270528,3
0.7162816855642532,1.0804873704910278,3
0.7963654597600301,0.7816762924194336,3
0.6549174865086873,1.090817968050639,3
0.4164775371551514,0.7742807070414225,3
0.7179862260818481,1.1457761923472087,3
0.7136669079462687,0.8092543284098307,3
0.7451896535025702,0.6896926561991374,3
0.651955262819926,0.8897734880447388,3
0.775619109471639,1.1392767429351807,3
0.28906204700469973,0.5648380915323894,4
0.8020323382483587,1.2494780818621318,3
1.050169825553894,1.0596574147542317,3
0.9716021286116706,0.8269468148549398,3
0.8706061045328776,0.8849345048268636,3
0.8849291139178806,1.1192231178283691,3
0.9962206350432501,1.0106429656346638,3
0.8311650421884323,1.0220110019048054,3
0.7498110135396322,1.241679588953654,3
1.0781685908635457,0.7855184078216553,3
0.5905500650405884,0.7379701932271321,3
0.3910849889119466,0.45281569163004554,3
0.7390108267466227,0.7399036089579265,3
0.6711106830173068,0.9408919811248779,3
0.17240379916297066,0.28927246729532874,3
0.5563184022903442,1.2625821431477864,3
0.6669529345300461,1.0363289912541707,3
0.8807403114106919,0.9443437258402506,3
0.5528627965185378,1.0419831275939941,3
0.6463716427485148,1.0671459833780925,3
0.805184390809801,1.0199338992436726,3
0.7445975806978012,1.1311267217000325,3
0.7320043206214905,1.0509182810783386,4
0.6038748290803698,1.1724399328231812,3
0.8753402299351163,0.8185851573944092,3
0.6001959244410197,1.1455438534418743,3
0.8320791323979696,0.9369690815607706,3
0.6440248621834649,1.1744635701179504,3
0.7573474380705091,1.1227225065231323,3
0.8557169543372259,0.7280213832855225,3
0.7432210445404053,0.6331624984741211,3
0.40525225798288983,0.8425198396046957,3
0.6860379444228277,1.1934175093968709,3
0.5997456312179565,1.1254732608795166,3
0.9222889529334175,0.9644019603729248,3
0.8377530309889051,1.0676462650299072,3
0.5814602110120984,0.7751374244689941,3
0.7576995558208889,0.7813386917114258,3
0.607225086953905,0.8058820565541586,3
0.8732784986495972,1.0304803848266602,3
0.6889705260594686,0.7825818856557211,3
0.5431322256724039,0.9525338013966879,3
0.563262391090393,0.7945887247721354,3
0.7473052144050598,0.6622439225514729,3
0.9571455054812961,1.0209753513336182,3
0.7312089734607273,0.7010823090871174,3
0.8889881173769633,1.027688980102539,3
0.31598211924235026,0.46022653579711914,3
0.7230427265167236,0.6175154050191243,3
0.8782061338424683,1.1758140921592712,3
0.7944908142089844,0.8435515562693278,3
0.6212241093317667,0.876709779103597,4
0.8407078054216174,1.0334149201711018,3
0.5877430438995361,1.0382343928019206,3
0.9867012898127238,1.14742906888326,3
0.7027213970820109,1.1893657843271892,3
0.6346921920776367,1.0310152769088745,3
0.6277012427647909,0.9291139443715414,3
0.6608688036600748,1.0556520223617554,3
0.44359837638007266,0.515499512354533,3
0.6157398223876953,1.2015942931175232,3
0.6010176208284167,1.0103768110275269,3
0.18259900410970054,0.4360983371734619,3
0.4765435457229614,0.7140402793884277,3
0.9219998121261597,1.1642204920450847,3
0.5539162158966064,1.2495712836583455,3
0.5108590284983318,0.9405659039815267,3
0.9844374921586777,0.9547591606775919,3
1.0825255552927653,1.001284122467041,5
0.906343744860755,0.9361395041147867,3
0.626748283704122,0.928404966990153,3
0.5972589916653104,0.8069692452748617,3
0.7996055126190186,1.012703800201416,5
0.852980958090888,0.6934916178385417,3
0.8093431923124524,1.1901772022247314,3
0.7022203471925524,0.9461893240610758,3
0.17853446006774903,0.7670699755350748,4
0.71828916337755,0.7369171778361003,3
0.7305776940451728,1.039761980374654,3
0.5101386838489108,0.7288464705149333,3
0.611059308052063,1.0649627049763997,3
0.928493791156345,1.1063380241394043,3
0.794527596897549,0.9635660648345947,3
0.5472582446204292,0.7178295453389485,3
0.7848276562160915,1.0812384287516277,3
0.6294122219085693,1.262586275736491,3
0.2089383072323269,0.3344637552897135,3
0.6942257086435953,0.9766995906829834,3
0.7397787835862902,1.0138599475224812,3
0.9385066297319201,0.891349196434021,3
0.7569975852966309,1.1068137486775715,3
0.6070555448532104,1.028704086939494,3
1.1159008277787101,1.147453745206197,3
0.690094510714213,0.961655338605245,3
0.6076887316173978,1.1228502591451008,3
0.8693718910217285,0.742904504140218,3
0.9958946837319268,1.1865212321281433,3
0.8204336961110433,0.8110809326171875,3
0.8550684518284267,1.1965826749801636,3
0.4787573019663493,0.92808731396993,3
0.6545065005620321,0.9490062793095907,3
0.7552438113424514,0.9127888679504395,3
0.7322801484002008,0.9785382747650146,3
0.8070733149846395,0.9134310086568197,3
0.7301382091310288,1.1892357269922893,3
0.15631012320518495,0.5130098660786946,4
0.6948207219441732,0.9894188245137533,3
0.8389854033788046,1.153227686882019,3
0.46552754773033983,1.2325215339660645,3
0.9306694534089829,0.8129396438598633,3
0.5307707654105293,0.9265142281850179,3
0.6326096216837566,1.1530270179112752,3
0.5964174138175117,0.9379980166753134,3
0.07030840714772542,1.0154194831848145,3
0.761238800154792,1.1420400142669678,3
0.7661282155248855,1.1952942212422688,3
0.5277814865112305,0.7894806861877441,3
0.7690186633004084,0.8775213956832886,3
0.8933348258336385,0.7813366254170736,3
0.5812299781375461,0.6492857933044434,3
0.662802000840505,0.7574435075124105,3
0.6541272931628758,0.8733582894007365,3
0.8304965628518,0.8648730913798014,3
0.9716942972607082,0.7959310213724772,3
0.8506560325622559,1.2514676253000896,3
1.0700447294447157,0.8278241157531738,3
0.5789438088734945,0.9239723285039266,3
0.6043915351231893,1.1345971028010051,3
0.906906035211351,1.1234110593795776,3
0.6570667955610486,1.3482632239659627,3
0.6813851594924927,0.9820478359858195,3
0.9112977253066169,1.1332286993662517,3
0.9883546299404568,1.2142046689987183,3
0.4717975722418892,1.186997691790263,3
0.7095423738161722,0.9652676582336426,3
0.7510253190994263,1.0266849199930828,3
0.7787104182773166,0.7207872072855632,3
0.553488188319736,1.1721433003743489,3
1.050967236359914,1.0322718620300293,3
0.3947583595911662,0.4930582046508789,3
0.5447848637898763,0.6996293067932129,3
0.927352249622345,1.1314163208007812,3
0.8224458164638944,1.1198779741923015,3
0.8356499671936035,0.9663961331049601,3
0.9114031129413181,1.092782974243164,3
0.7277984221776327,1.1864979068438213,3
0.7071267207463583,1.0600775082906086,3
0.7302564647462634,1.2221376299858093,3
0.4612988154093425,0.8904691139856974,3
0.6445581912994385,1.0109233856201172,3
0.8801121844185724,1.0883256594340007,3
0.6950304508209229,1.2020218173662822,3
0.6108091076215109,0.7039385636647542,3
0.8935073680347866,1.0031967957814534,3
0.8096582492192587,0.8777763446172079,3
0.47212598235518843,0.7050137519836426,3
0.6160729991065131,0.5682323773701985,3
0.39927220344543457,0.5133082071940105,3
0.7379674514134725,1.0383234024047852,3
0.8144610590404935,1.1119272708892822,3
0.6990664005279541,1.1019432147343953,3
1.1382290257347956,0.7057085037231445,3
0.5153421958287557,0.7793159484863281,3
0.6860446284214655,0.9459256728490194,4
0.3767528533935547,0.84947403271993,3
0.574928363164266,0.9371149142583212,3
0.28513720035552975,1.0648709138234456,3
0.6825904846191406,1.1853302319844563,3
0.5548257297939725,1.291635533173879,3
0.8357794649071163,0.6406797568003337,3
0.5824776821666294,0.6458500226338704,3
0.7459612687428793,1.1450351476669312,3
0.9354122148619757,1.1902820269266765,3
0.8764924870596991,0.967089573542277,3
0.6336971918741862,0.9137282371520996,3
0.7509001625908746,0.9618541399637858,3
1.015392608112759,1.1869934797286987,3
0.9202961524327596,0.9906222025553385,3
0.845040520032247,1.2159700393676758,3
0.8024096952544318,1.02890149752299,3
0.7281819184621176,1.0283281008402507,3
0.7045888635847303,0.610969066619873,3
1.111839731534322,0.766327699025472,3
0.9807541105482313,0.9178584416707357,3
0.7453720172246298,0.9249432881673177,3
0.7146527237362332,1.0342255433400471,3
0.84686189227634,1.0467909177144368,3
0.6393459902869331,0.4638496239980062,3
0.5806346204545764,0.6926853656768799,3
0.7655409773190817,0.7739793459574381,3
0.8223001427120632,0.7404374281565349,3
0.9488551881578234,1.1321423451105754,3
0.6830811235639783,1.1028452316919963,3
0.8801837894651626,1.0984845558802288,3
0.6170020235909356,0.725285530090332,3
0.6118983295228746,1.0790712436040242,3
0.7577608823776245,1.1155238151550293,3
0.7207552194595337,1.0617568890253704,3
0.8981266419092814,1.2330259482065837,3
0.5438028971354166,1.1142586469650269,3
0.28737560907999676,0.9559342861175537,3
0.9936418665779962,1.1938146551450093,3
0.8008190393447876,1.008583943049113,3
0.805882732073466,0.9138747851053873,3
0.871596892674764,1.0365110238393147,3
0.7414557801352607,0.9934326807657877,3
0.826815644900004,0.944981853167216,3
0.6378627750608655,1.1033233006795247,3
0.6806874937481351,0.844651977221171,3
0.49884339173634845,0.8737796942392985,3
1.041969358921051,0.9945933818817139,3
0.40481101142035597,0.9230130513509115,3
0.1926501062181261,0.29951492945353186,3
1.021006120575799,1.020338535308838,3
0.30753092765808104,0.38663109143575036,3
0.7362515926361084,0.9310930172602335,3
0.8952743940883213,1.2221876382827759,3
0.29923864603042605,0.5746863683064778,4
0.7134879695044622,1.1823554039001465,3
0.4375347428851657,0.39880053202311194,3
1.1523812810579936,1.097223122914632,3
1.1168897483083937,0.8053992589314779,3
0.9388291239738464,1.0310483773549397,3
0.6121540864308676,1.2587666908899944,3
0.6114264594184028,0.9988025824228922,3
0.9762751460075378,0.8416683673858643,3
0.7520708905325996,1.0557425022125244,3
1.1045172280735438,1.056682785352071,3
0.47998400529225665,0.7837280432383219,3
0.39349202315012616,1.1833247343699138,3
0.5738005373213025,0.7449947992960613,3
0.8443413045671252,1.221116562684377,3
0.8531415303548178,1.0659297704696655,3
0.523953742451138,1.16833100716273,3
0.8346067137188382,1.0136157671610515,3
0.8630745609601339,1.1846844951311748,3
0.7926629702250163,0.8811893065770467,3
0.7944376071294149,1.1716354489326477,3
0.7904632091522217,0.6132216453552246,3
0.9265430304739212,0.8898735841115316,3
0.8575254082679749,0.9237061341603597,3
0.75756745868259,0.8427499135335287,3
0.6622145970662435,0.9036103884379069,3
0.614994075563219,0.8648053805033366,3
0.6515454716152616,0.7825150489807129,3
0.8414846791161431,0.9783546527226766,3
0.8151376909679837,1.1196718613306682,3
0.7550015846888224,1.224317153294881,3
0.6718040903409322,0.914886474609375,3
0.5231354104148017,0.799177328745524,3
0.8166056341595119,1.0862220128377278,3
0.5714388953314887,0.8247238000233968,3
1.039523224035899,0.9783128102620443,3
0.6515390276908875,0.8196873664855957,3
0.1801441272099813,0.8151280482610067,4
0.46639756361643475,0.5285147825876872,3
0.8508498668670654,0.7574230829874674,3
0.7022291156980728,0.8289619286855062,3
0.7519766718622237,0.8945881128311157,3
0.7209068934122721,1.3035582502683003,3
0.7528319888644748,0.9972085158030192,3
0.6808614995744494,0.8342190186182658,3
0.6186246474583944,0.9461373488108317,3
0.4662479480107626,1.0324966112772624,3
0.7028107086817424,1.0759313503901164,3
0.8075496620602078,1.1724631388982136,3
0.7824225425720215,0.7653450965881348,3
0.7306716110971238,0.9879815975824991,3
0.7400765816370646,0.9750182231267294,3
0.5156960090001425,0.9610910415649414,3
0.9057216114468045,1.094793478647868,3
0.7897102435429891,0.8349854151407877,3
0.6739150683085123,0.9419802824656168,3
0.45599748293558756,0.8564714193344116,3
0.8181389967600504,1.1016184488932292,3
0.6371949579980638,1.0343714157740276,3
0.6598971287409464,1.0146390597025554,3
0.8627125687069362,0.6999874114990234,3
0.9852508240275912,0.5771503448486328,3
0.5496111710866293,0.7987669308980306,3
0.6182393895255195,1.2695769866307576,3
0.7999482221073574,1.1521799564361572,3
0.6540762980779012,1.174738923708598,3
0.8142841392093235,0.9661370913187662,3
0.4725558890236748,0.6484106381734211,3
0.47142235438028973,0.6274429162343342,3
0.9850160082181295,0.9976935386657715,3
0.33639527956644694,0.5630529721577961,3
0.8273477289411756,1.1145191192626953,3
0.5791750351587931,0.5143787066141765,3
0.7655441496107315,0.7867013613382975,3
0.5972647666931152,1.101230303446452,3
0.47515447934468585,0.7266751130421956,3
0.5280688868628608,1.020017186800639,3
0.4400088389714559,0.6715897719065349,3
0.7637141214476691,1.168387532234192,3
0.8874465227127075,1.018036683400472,3
0.865199433432685,1.1594043970108032,3
0.5357028113471137,1.0019773642222087,3
0.8087496360143026,1.1642295519510906,3
0.9219372404946222,0.7595288753509521,3
1.086129367351532,1.0535487333933513,3
0.29508246978123986,0.7100613117218018,4
0.867535995112525,1.1554489930470784,3
0.6077663580576579,0.9635862112045288,3
0.8862485620710584,1.1454013188680012,3
0.45611474249098033,0.377907911936442,3
0.8312042819129095,1.1520824432373047,3
0.6859430339601303,0.934550921122233,3
0.7728881915410359,1.2063464124997456,3
0.6223572227689954,1.0476390520731609,3
0.6472592883639865,1.1349744002024333,3
0.7355043490727743,0.8348594109217325,3
0.7744318379296197,0.9190544684727987,3
0.6219456725650363,1.1125439802805583,3
0.3981110519833035,0.9137405157089233,3
0.7786914242638482,1.035592794418335,3
1.03110937277476,0.8728050390879313,3
1.0669557650883992,1.0957918167114258,3
0.8670261436038548,1.0206141869227092,3
0.9118344452646042,0.9653744697570801,3
0.6552819079822964,1.0380855003992717,3
0.8433658679326376,0.999936580657959,3
0.595100482304891,1.0647054115931194,3
0.9227580030759176,0.8986687660217285,3
0.5061728689405653,1.2655899127324421,3
0.9108030398686727,1.150314172108968,3
0.6728876961602105,0.8582496643066406,3
0.7373876174290975,1.111754337946574,3
0.6489579147762723,1.128443717956543,3
0.6696560250388252,0.9811616738637289,3
0.8074055843883091,0.7166728973388672,3
0.770896335442861,0.9791732629140218,3
1.3342248565620844,0.9269421100616455,3
0.8721396376689275,0.8969616095225016,4
1.1978867517577279,0.9104892015457153,3
0.8343204392327204,1.0891892512639363,3
0.9473473181327184,1.022174080212911,4
0.56816299756368,1.230541706085205,3
0.8405324618021647,0.975273331006368,3
0.818612813949585,1.183070460955302,3
0.6730332242117987,0.9730224609375,3
0.6160129043791028,1.0810991525650024,3
0.7692766057120429,1.1881826519966125,3
0.6618088881174723,0.7900581359863281,3
0.8702132039599948,0.9447294871012369,3
0.4343535502751668,0.7675941785176595,3
0.7832071648703681,0.8868772188822428,3
0.677854471736484,0.9502969185511271,3
0.9523620473013984,1.203094442685445,3
0.9369356301095749,0.9912709395090739,3
0.732051862610711,0.8690472443898519,3
0.7314020925097996,1.135034481684367,3
0.7956862379003454,1.137508471806844,3
0.7338716321521335,1.0461336374282837,3
0.5340410338507758,0.6154363950093586,3
0.9871135751406351,0.8385970989863077,3
0.6987832254833646,1.0549096663792927,3
0.7289435863494873,0.6928181648254395,3
0.737663255797492,1.126555601755778,3
0.5500776767730713,1.1385635534922283,3
0.8555908600489298,1.1271634101867676,3
0.9115334431330363,1.0622247854868572,3
0.6036316951115926,1.2213633855183919,3
0.5193317466311984,1.1406466166178386,3
1.045215454366472,1.0833881696065266,3
0.6496406714121501,0.6489170392354329,3
0.9321001503202652,0.9965473810831705,3
0.38052080472310384,0.34507298469543457,3
0.3642085790634155,0.816997210184733,3
1.0288854837417603,1.1099708080291748,3
0.6466095315085517,0.8630430301030477,3
0.8164242108662924,1.1794837713241577,3
0.5835406515333387,0.5555850664774578,3
1.0272583696577284,0.9864180485407511,3
0.7223475774129232,0.9094900290171305,3
0.7218264871173435,0.970458984375,3
0.854227410422431,1.0766757726669312,3
0.8129220406214396,1.0527398586273193,3
0.6114619837866889,0.9144438107808431,3
0.9754103223482767,1.089803695678711,3
0.7515509790844388,1.1710402170817058,3
0.8972702225049337,0.8651300271352133,3
0.5622137784957886,0.737843672434489,3
0.15944000085194907,0.2846256891886393,3
0.6001242399215698,0.9141519069671631,3
0.7893513043721517,0.8714942932128906,3
0.8077935907575818,0.977431853612264,3
0.70015996032291,1.1680530508359273,3
0.7490144570668539,1.0369727214177449,3
0.6358428398768107,0.6645712852478027,3
0.7626351912816366,0.8730415105819702,3
0.6742311120033264,1.2073496580123901,3
0.5232797331280178,1.1583604017893474,3
0.6601988474527994,1.1750969489415486,3
0.5195466147528754,1.185499906539917,3
0.5930836200714111,1.1394792795181274,3
0.9584139055675931,1.1788831949234009,3
0.8855290081765917,0.7774600187937418,3
0.8584291338920593,1.1315369606018066,3
0.7363554239273071,1.0323137044906616,3
0.717971470620897,1.1492176453272502,3
0.8807546165254382,0.6623786290486653,3
0.5156702200571696,0.855101466178894,3
0.7627403736114502,0.5465237299601238,3
0.9676713262663948,0.7214836597442627,5
0.4718727005852594,0.5383039315541585,3
0.8879865076806811,1.2154634396235149,3
0.5286501778496636,1.086623748143514,3
0.9212940335273743,0.9014232158660889,3
1.1713755660586889,0.996699333190918,3
0.7506669991546208,1.0662550926208496,3
0.7995988726615906,0.570701281229655,3
0.7187964253955418,1.003190318743388,3
1.003152112166087,0.9176024198532104,3
0.6013450622558594,0.8486961921056112,3
0.6992953485912746,1.056826909383138,3
0.7875821325514053,0.9434625705083212,3
0.47938324345482725,0.8886958758036295,3
0.5785377820332845,0.9732191960016886,3
0.5418151881959704,0.6953620115915935,3
0.8913748661677042,0.8726158142089844,3
0.8978051278326246,0.9961479107538859,3
0.5277622673246596,1.1690978407859802,3
0.3114415486653646,0.45855045318603516,3
0.6104459762573242,1.1467113494873047,3
0.6842074924045138,0.8257129987080892,3
0.7168973286946615,1.142018715540568,3
0.7707225614123874,1.2060039639472961,3
0.5966635677549573,0.77849014600118,3
0.7621549632814196,0.7942460378011068,3
1.0352881419658662,0.6229042053222656,5
0.7806365754869248,0.9360768795013428,3
0.7555298142962985,0.9285301367441813,3
0.73634139696757,0.7558501561482748,3
0.9981428848372564,0.9450579086939493,3
0.8476807011498346,0.8802224397659302,3
0.4482077757517497,1.1677874128023784,3
0.8634619381692675,0.9204631646474203,3
0.6825900872548422,0.9028241237004598,3
0.7309608062108358,0.8520542780558268,3
0.6062368154525757,0.8468202749888102,3
0.692185123761495,0.8726197083791097,3
0.40174520810445147,0.8259092171986898,3
0.6832549704445733,1.0295207500457764,3
0.6951057513554891,1.1424578030904133,3
0.6311918497085571,0.5463221073150635,4
0.752217690149943,0.8150251706441244,3
0.8791678746541342,0.8741486867268881,3
1.0334733857048881,1.0201064745585124,3
0.7693786091274686,1.0406797329584758,3
0.5058300495147705,0.8036978244781494,3
0.6016400787565443,1.2290595372517903,3
1.0501579708523219,0.951774517695109,3
0.8969410922792224,1.0347909132639568,3
0.8879412015279134,0.9933358430862427,3
0.9799217912885879,1.1243693828582764,3
0.8758843143781027,0.8740882873535156,3
0.9012880225976309,0.9475247065226237,3
0.5656884378857083,1.0668857892354329,3
0.6891976793607076,0.8251987298329672,3
0.673860318130917,1.0382498105367024,3
0.8496545023388333,0.8966524203618368,3
0.9949486123190985,1.0133434931437175,3
0.6355866352717082,0.954732338587443,3
0.9170902636316086,1.0488871733347576,3
0.6054450820993494,1.193734308083852,3
0.06395987669626872,0.17527476946512854,3
0.7623378568225436,0.8523140748341879,3
1.0136570930480957,0.9422322114308676,3
0.8419269455803766,1.072421669960022,3
0.681903600692749,1.1044178009033203,3
0.6635043091244168,1.09257972240448,3
0.9147151443693372,1.2038835684458415,3
0.7505906158023411,0.961070696512858,3
0.6538297176361084,1.1008504629135132,3
0.08506693840026854,0.3010314305623373,3
0.7762194474538168,0.8879113992055258,3
0.6300588846206665,1.1875563661257427,3
0.5905924903021919,1.1752969821294148,3
0.9265030887391833,0.981481115023295,3
0.9887245959705777,0.9821521043777466,3
1.094572451379564,0.9540117184321085,3
0.6674082809024388,0.9716192881266276,3
0.8162655830383301,0.9856592019399008,3
0.5969733926984998,0.6664982636769612,3
0.858811789088779,1.111362377802531,3
0.7926716407140096,0.7761447429656982,3
0.5956055720647176,0.9938951333363851,3
0.8058785398801168,0.8063955307006836,3
0.6331968439949883,0.9404882987340292,3
1.141640586985482,1.122489054997762,3
0.5579235023922391,0.8838003476460775,3
0.6139082378811306,0.8079814910888672,3
0.6387220621109009,1.0885109901428223,3
0.6701895859506394,1.029595971107483,3
0.7138901154200236,1.2177287340164185,3
0.6987774504555596,0.9926128387451172,3
0.5826858811908299,1.1780242323875427,3
0.7215829292933146,1.1117165088653564,3
0.6788926455709671,0.86111052831014,3
0.6389304200808207,0.8502630790074667,3
0.7523623373773364,1.0210764805475872,3
0.5519464545779758,1.0502289930979412,3
0.9088728295432196,0.7974410057067871,3
0.79866310622957,0.7720921834309896,3
0.7402690781487359,1.1233090162277222,3
0.6106967985630035,1.1301079988479614,4
0.6701506773630778,1.0562799374262493,3
0.7387655311160618,0.7226998805999756,3
0.677642822265625,0.9184392293294271,3
0.8656125466028849,0.7319375673929851,3
0.7560712496439616,0.8249670664469401,3
0.8786044981744553,1.0725671450297039,3
0.7741699616114298,0.8963401317596436,3
0.9271026452382406,1.0764250755310059,3
0.750904705789354,0.9102215766906738,3
0.5731230775515238,0.7910137971242269,3
1.044477171368069,1.0994612375895183,3
0.8060013188256158,0.9367721080780029,3
0.7832495636410184,1.1376272837320964,3
0.7688397169113159,0.9729864597320557,3
0.8744633595148722,0.9023645718892416,3
0.4082613839043511,1.0738223393758137,3
0.5814081827799479,0.584649642308553,3
0.6712399588690864,0.8500730196634928,3
0.8094161086612278,1.0637174447377522,3
0.5101939704683092,1.2673621773719788,3
0.9829631514019436,0.805057684580485,3
0.6050308148066202,0.9726614157358805,3
0.8137850297821894,1.0405112504959106,3
0.4894545078277588,0.553947925567627,3
0.9509161247147455,0.9964199066162109,3
0.8227774302164713,1.1745190620422363,3
0.17401493390401204,0.3048900763193766,3
0.3516812801361084,0.45784036318461097,3
0.6645745436350504,1.0859485467274983,3
0.8972357710202535,1.0621840556462605,3
0.43072240352630614,0.9475323359171549,3
0.9059218565622965,1.0580050945281982,3
0.8026354710261027,1.0550076961517334,3
0.6791538132561579,0.7970200379689535,3
0.535339183277554,0.8638006846110026,3
0.6346534358130561,1.1316715876261394,3
0.740414884355333,1.2026601235071819,3
0.7016061809327866,0.773935079574585,3
0.5102821548779806,0.8747140566507975,4
0.6621706220838758,0.8529846668243408,3
0.647750006781684,0.7514984607696533,3
0.6701085037655301,0.7192592620849609,3
0.5965698030259874,1.2462316751480103,3
0.7924514677789475,0.9046100378036499,3
0.5721741252475315,1.1787419319152832,3
0.5574425458908081,1.0911488930384319,3
0.7597495052549573,0.9579723676045736,3
1.00993572473526,0.859512209892273,5
0.7334483332104154,1.1183608373006184,3
0.8472921450932821,0.9545101722081503,3
0.888639337486691,0.9620091120402018,3
0.8430966668658787,1.0129036108652751,3
0.7538925806681315,1.1860427061716716,3
0.6550771395365397,0.8661003907521566,3
0.6071906089782715,1.247796098391215,3
0.7721934583452011,1.007870038350423,3
0.3353415807088216,0.7031429211298625,4
0.42845886283450657,1.276649792989095,3
0.595509820514255,0.5283768177032471,3
0.6750179767608643,1.0212712685267131,3
0.36887240409851074,0.8300809860229492,3
0.582709789276123,1.1133673985799153,3
0.6376222372055054,0.9680376847585043,3
0.7171284225251938,1.0950841506322224,3
0.5445559819539388,1.0886311928431194,3
0.7032943169275919,0.6998475392659504,3
0.3137619230482313,0.8382703065872192,3
0.6626388629277548,0.7503894170125326,3
0.4302392403284709,0.65436585744222,3
0.6806261936823527,0.6791710058848064,3
0.6941741440031263,1.047710657119751,3
0.9861845175425211,1.203512966632843,3
0.587448861863878,1.164234201113383,3
0.8282042808002895,0.8268162409464518,3
0.915604477789667,0.988839348157247,4
0.8332863781187269,0.9991428057352701,3
0.7229941685994467,1.054986556371053,3
0.5607440206739638,1.2814937233924866,3
0.8611991802851359,0.774186929066976,3
0.525500668419732,1.0311532020568848,3
0.6918753253089057,0.9577530225118002,3
1.1210523313946192,0.8776700894037882,3
0.7598050766521031,1.0163175264994304,3
0.5649314588970609,1.1828703880310059,3
0.7372401863336563,1.086545725663503,4
0.6585935751597086,1.0991894404093425,3
0.6892857851805511,0.8661163647969564,3
1.0277453859647114,1.0002646446228027,3
0.6683845652474298,0.9701425234476725,3
0.8061514165666367,0.9996520678202311,3
0.8771079977353414,1.101479212443034,3
0.7315593428081937,1.0759328206380208,3
0.9132477283477783,1.1015408436457317,3
0.27225935459136963,0.9766270716985067,3
0.8659513658947414,1.0681175390879314,3
0.6408294836680094,0.9587870438893636,3
0.614564405547248,1.1751643021901448,3
0.4339239438374837,0.4096571604410807,3
0.7929660015636021,1.098209540049235,3
0.6203820837868584,0.9148619174957275,3
0.7878065771526761,1.208087722460429,3
0.8337542745802139,0.931408961613973,3
0.689687000380622,1.1846029957135518,3
0.7711279590924581,1.0439947446187336,3
0.5969431002934774,1.2657078107198079,3
0.8367046117782593,0.6395066579182942,3
0.7898513674736023,1.1375115315119426,3
0.97201359934277,1.0716301600138347,3
0.6099030044343736,0.9758102893829346,3
0.5230936580234103,0.9463815689086914,3
0.5616718928019205,1.2272049983342488,3
0.9018604755401611,1.0658225218454997,3
0.8708221912384033,1.100836714108785,3
0.7290711402893066,1.064154863357544,3
0.8570232722494336,0.8069760004679362,3
0.9458231793509588,0.8355944554011027,3
0.7954672045177883,1.077100435892741,3
0.9522362351417542,0.8787124156951904,3
0.6455456945631239,0.8359131415685018,3
0.9211494127909342,0.9381986459096273,3
1.0456959280702802,0.7836971282958984,4
0.7252071963416205,0.7894031206766764,3
1.1083704564306471,0.9984314839045206,3
0.8260597785313925,1.0323997735977173,3
1.05616999997033,0.9626696904500326,3
0.9255027506086563,1.13644278049469,3
0.93218281533983,1.038322885831197,3
0.9381954646110534,1.0283094882965087,5
0.6366411368052165,1.0764959931373597,5
0.729053046968248,0.8852776288986206,3
0.9198376337687174,1.1941949129104614,3
0.8779725233713785,0.8025461832682291,3
0.8276988930172391,0.9109867811203003,3
1.1557805985212326,1.0221025943756104,4
0.6084427171283299,0.8890088399251302,3
0.6583540439605713,1.1692904432614644,3
0.8741100231806437,1.0980331500371296,3
0.9381654792361789,0.9048628807067871,3
0.6935856872134738,1.1872851252555847,3
0.6577043930689493,1.1011323134104412,3
0.6898040903939141,1.0284396807352703,3
0.43173986011081267,0.803679625193278,3
0.7141702572504679,1.0190277099609375,3
0.8253301514519586,1.0617923736572266,3
0.832442839940389,0.6268267631530762,3
1.060829417573081,0.8415480454762777,3
0.5871741506788466,1.0754355192184448,3
0.6020630796750387,1.2045150995254517,3
0.6195851431952583,1.2957916657129924,3
0.7823505931430392,0.9028011957804362,3
0.22269472281138103,0.37174455324808753,3
0.681917733616299,0.7724515597025553,3
0.6404948499467639,0.9810237884521484,3
0.6835604906082153,0.8932514190673828,3
1.013872875107659,1.1154083013534546,3
0.6606643597284952,0.8774895270665487,3
0.19324107964833578,0.38636159896850586,3
0.8296926286485459,0.8897329171498617,3
0.12072010040283204,0.9231391747792562,4
0.7120635244581436,0.9995401700337728,3
1.0027283165189955,0.9501000245412191,3
0.667925821410285,1.1857267220815022,3
0.5474512709511651,1.1828566789627075,3
0.8981558084487915,1.1815093755722046,3
0.7113745411237081,0.8197347323099772,3
0.6162775357564291,1.046870748202006,3
0.7200305064519247,0.94821564356486,3
0.7013924254311455,1.3020585775375366,3
0.5623077948888143,0.8157509803771973,5
1.1915465626451704,1.0993034839630127,3
0.1655392328898112,0.22099860509236657,3
0.5758606460359361,1.2474939823150635,3
0.7226613759994507,1.1700287659962971,3
0.9449788133303324,0.9678821563720703,3
0.7238253884845309,1.0890095233917236,3
0.9010332690344917,0.5170577367146809,3
0.07799351215362549,0.11371008555094397,3
0.8378038936191134,1.0376332998275757,3
0.8438761168056065,1.2017914056777954,3
0.8751790391074286,0.9340179761250814,3
0.634780208269755,0.9386802117029825,3
0.6193975607554117,0.9133745034535726,3
0.8010806242624918,1.030015230178833,3
0.8014814456303915,1.0483898321787517,3
0.8760749366548327,0.800859292348226,3
0.8622094459003872,1.0389864047368367,3
1.093895799583859,1.1346768538157146,3
0.8285844723383585,0.9904388586680094,3
1.1202736761834886,1.1021265586217244,3
1.02178959051768,1.0416115919748943,3
0.885954768790139,0.9199686845143636,4
0.8465340932210287,1.0029435952504475,3
0.9262412521574231,1.0058777332305908,3
0.7353438668780856,0.5731853644053142,3
0.6064971950319078,1.018823266029358,3
0.6440725458992852,0.973147471745809,3
0.6751167045699225,1.1761005719502766,3
0.9980631603135003,1.0536852677663167,3
0.659426901075575,0.7682340939839681,3
0.9263457457224528,1.000969688097636,3
0.9014572037590874,1.0536309480667114,3
0.6389733552932739,1.0725309054056804,3
0.8882611989974976,1.024073322614034,3
0.9136521021525065,1.162552277247111,3
0.6796957519319323,1.1673970421155293,3
0.6355412403742472,0.7696958382924398,3
0.7739995718002319,1.1026538213094075,3
0.6942711671193441,0.5029212633768718,3
0.8710247410668268,1.0237249533335369,3
0.19180928866068522,0.24038235346476233,3
0.8094107177522448,0.9331072171529134,3
0.8541660573747424,0.8443233172098795,3
0.6265286207199097,0.7099049886067708,3
0.8151647117402819,1.2132819493611653,3
1.0512731207741632,0.7016193866729736,3
0.7990007003148397,1.1693761348724365,3
1.112041672070821,0.7289856274922688,3
0.7946048180262247,1.151939074198405,3
0.39787925614251035,1.233856161435445,3
0.4630572398503621,1.140230417251587,3
1.073825220266978,1.0514007409413655,3
0.8317124181323582,1.044021447499593,3
0.47849751843346494,1.1031152804692586,3
0.9241851303312513,1.2047364711761475,3
1.0037831664085388,1.145540714263916,3
0.645106938150194,1.1647382179896038,3
0.8261824978722467,0.9646746317545573,3
0.6479641066657172,0.6905136108398438,3
0.6368778281741672,1.1844242413838704,3
0.9656746122572156,0.9319280783335367,3
0.6216218868891398,1.0137356917063396,3
0.770266056060791,0.864554206530253,3
0.6242130464977688,1.2647036512692769,3
0.7184193001853095,0.9800829092661539,3
0.8881361352072822,1.0718499024709065,3
0.5022443532943726,0.8762804667154948,3
0.687181141641405,0.8941918611526489,3
0.4862470494376289,0.42378687858581543,3
0.5663038757112292,1.177247166633606,3
0.6362151106198629,1.0114059448242188,3
0.7073508898417155,1.0733117659886677,3
0.6505770948198107,1.0280699729919434,3
1.0854833887683022,1.0136700073877971,3
0.795482145415412,1.123246669769287,3
0.5971081919140286,1.2767149607340496,3
0.6439971658918592,0.9872592290242513,3
0.9256901760896048,0.9127551714579264,4
0.6321399741702609,1.1998019218444824,3
0.6439874039755927,1.0642589728037517,3
0.4573742707570394,0.507680098215739,3
1.3111669222513835,0.9456028540929159,3
0.720217744509379,0.7775278886159261,3
0.7769946919547187,0.9770267407099406,3
1.081283774640825,0.9999720255533854,3
1.1293419003486633,0.9552874565124512,3
0.36267919540405275,0.6878175735473633,4
0.7284940878550211,1.0600353876749675,3
0.8009986215167576,0.6093338330586751,3
0.8291022512647842,1.124446709950765,3
0.28057154019673664,0.7288950284322102,3
0.8318296141094631,0.9756139914194742,3
0.9014983574549357,1.006263256072998,3
0.7423117359479269,1.0121442476908367,3
0.6270409557554457,0.590822696685791,3
0.7191666960716248,1.2175116737683613,3
0.6349672343995837,1.0704583326975505,3
0.7830499278174506,0.9663709799448649,3
0.6141314970122443,1.0583157539367676,3
0.666178478135003,0.845000425974528,3
0.5049455483754476,1.069473425547282,3
0.8981779416402181,1.2224785089492798,3
0.6241154273351034,0.6991845766703289,3
0.8596358829074436,1.06431778271993,3
0.49514240688747835,0.9590954383214315,3
0.380246639251709,1.2570933103561401,3
0.11920781135559082,0.7273459434509277,3
0.1223289712270101,0.8194870948791504,5
0.7731668419308132,1.1543468634287517,3
0.6610815525054932,0.9608169396718343,3
0.7883223560121323,0.6407658259073894,3
0.06041493415832518,0.2893031438191732,3
0.3353491253323025,0.5768493016560872,3
0.6521740555763245,1.109640121459961,3
0.8545704219076368,1.0626513163248699,3
0.7655038038889567,1.121070146560669,3
0.7626433769861857,0.9037109613418579,3
0.6039548476537069,1.153805414835612,3
0.6086586316426595,1.2358556588490803,3
0.6620710558361478,0.7599226633707682,3
0.7476068205303615,0.8573006788889567,3
1.2499106327692668,0.7685672442118326,3
0.7225131723615857,0.7298734188079834,3
0.5700412193934122,0.969150980313619,3
0.7100310987896389,1.1998278697331746,3
0.8060098754035102,0.9056299130121866,3
0.5700474050309923,0.5395770072937012,3
0.4108448293473986,0.4503037134806315,3
0.8015386594666375,0.8539870580037435,3
0.6394746568467882,0.8127368291219076,3
0.9958094888263278,1.015900731086731,3
0.8998316460185581,1.0972442229588826,3
0.5952356259028116,1.1776558756828308,3
0.6017835405137804,0.3651583194732666,3
0.6274404260847304,1.1422345638275146,3
0.7622564633687338,0.4970370133717855,3
0.9180643558502197,0.8399360179901123,3
0.45899637540181476,0.9690053860346476,3
0.8381162325541179,1.1565697193145752,3
0.8294275999069214,0.9482221603393555,3
0.7759513391388788,1.0929796695709229,3
1.1185433599683974,0.7816522916158041,3
0.7714188959863452,0.8558374643325806,3
0.8425701393021477,1.0013566811879475,3
1.0448633829752605,0.656122366587321,3
0.6933871905008951,1.1222760677337646,3
0.6391809781392416,1.0766990582148235,3
0.4248305559158325,0.9087432225545248,3
0.7734402815500895,0.81764022509257,3
0.7905059390597873,0.9430492321650187,3
0.7024380233552722,1.0520379543304443,3
0.8735319375991821,1.1474346319834392,3
0.9733006159464518,1.1248229344685872,3
0.6343944999906752,0.8674979209899902,3
0.6798001262876722,1.1754026810328166,3
0.6526378658082751,1.0524132251739502,3
0.7935149470965067,0.7272361119588215,3
0.6515238152609931,1.045706828435262,3
0.9896934098667568,1.0584057172139485,3
0.6341134707132975,0.9071211417516073,3
0.7579953008227878,0.722811222076416,3
0.7610533237457275,1.0812946160634358,3
0.6815859158833821,0.7933919429779053,3
0.48048594792683924,0.9967168172200521,3
0.7098145617379084,0.8482946554819742,3
0.9504067897796631,1.0484004815419514,3
0.307003378868103,0.17714031537373864,3
0.9163015551037258,1.0545022090276082,3
0.8826353053251902,1.107569972674052,3
0.8561720516946579,0.8697512149810791,3
1.0555421809355419,1.1594570875167847,3
0.5033642053604126,0.6772819360097249,3
0.6498763163884481,1.1655457814534504,3
1.0688231190045674,0.8751580317815145,3
0.701284670829773,0.7799025376637777,3
1.0118088258637323,0.9850560029347738,3
0.8266292148166232,1.023022969563802,3
0.40433582994672984,1.13125475247701,3
0.45475730631086564,1.2564324339230855,3
0.9643791582849289,1.010052482287089,3
0.6667824586232504,0.9332993030548096,3
0.7688118086920843,1.0506201187769573,3
0.8033432563145956,1.1683891415596008,3
0.7146019670698379,0.44693239529927575,3
0.28241782983144126,0.7382528781890869,3
0.8742276165220472,0.909107486406962,3
0.8453112906879848,1.1673190593719482,3
0.9316959381103516,0.8859434127807617,3
0.442960090107388,1.0833696126937866,3
0.9804642465379502,0.7074502309163411,3
0.6785470644632975,1.148890217145284,3
0.696433809068468,0.6948476632436116,3
0.9436903066105312,1.1570649147033691,3
0.9473163949118719,1.022090752919515,3
0.8395372602674697,1.1229110956192017,3
0.8868606090545654,0.8108305931091309,3
0.8494524889522129,1.1600167751312256,3
0.7130437559551663,0.9018019437789917,3
0.841995530658298,0.6843798955281575,3
0.7234421173731486,0.7968106269836426,3
0.5808566543791028,1.115738868713379,3
0.7672159936692978,1.0411364237467449,3
0.7049376567204794,1.2577234109242756,3
0.7333211170302496,1.188900391260783,3
0.3180483976999919,1.2271619240442913,3
0.41580862998962403,0.5765113353729248,5
0.35614957014719645,0.9497300783793131,3
0.6219725211461385,0.9497415622075399,3
0.7176177899042765,0.9282379945119222,3
1.054780019654168,1.0457295576731365,3
0.6368710199991862,1.0563133160273235,3
0.745071702533298,0.9703388611475626,3
0.8789892461564807,0.9284633795420328,3
1.0286071366733973,0.8924156824747721,3
0.5397047996520996,1.2654192050298054,3
0.4877775192260742,0.8816974560419718,3
0.3601027965545654,0.8767063220342001,3
0.48398590087890625,1.2291894555091858,3
1.0155843198299408,1.0467026829719543,4
0.5609817769792346,1.2210569977760315,3
1.0067138473192851,0.9332124789555868,3
0.7493946552276611,1.1553937991460164,3
0.8400436109966701,1.0748397509257,3
0.5156955718994141,0.8633671601613363,3
0.5276505947113037,0.7787191073099772,3
0.6647745370864868,0.7765787442525228,3
0.24289140436384413,0.5016175111134846,3
0.6420223580466377,0.7292068799336751,3
0.617636071311103,0.39102466901143396,3
1.1528255608346727,1.0611131985982258,3
0.6743995745976766,1.146846850713094,3
0.4963058365715874,0.923045794169108,3
0.5897622108459473,0.8883736530939738,3
0.7757306363847521,1.023887316385905,3
0.6834376653035482,0.6837898095448811,3
0.8738542993863424,1.1469375292460124,3
0.6773624155256482,1.1833485166231792,3
0.8230309883753458,0.9661893844604492,3
0.5538845459620158,1.0982669989267986,3
0.7769457366731433,1.1895632147789001,3
0.8938719895150927,1.188706398010254,3
0.6171336438920764,0.8973631461461385,3
0.7187617222468058,0.8303090731302897,3
0.8812038236194186,1.0186747312545776,3
0.5501636664072672,0.7280456225077312,3
1.0329540371894836,0.8739094336827596,3
0.8691913286844889,1.0282475153605144,3
0.7382780234018962,0.6283677419026692,3
0.358394201596578,0.7515309651692709,3
0.6641390255519322,0.6109217007954915,3
0.7467298242780896,1.030054012934367,3
0.49573858578999835,0.8215618928273519,3
1.1445520440737407,0.8596103191375732,3
0.9448714256286621,1.0300238927205403,3
0.4650341272354126,0.47952985763549805,3
0.6272143257988824,0.7587020397186279,3
0.8860816425747341,1.21613613764445,3
0.5577380392286513,0.7006440162658691,3
0.33330137729644777,0.5817594528198242,3
0.6346845229466757,1.276017387708028,3
0.4198503229353163,1.0622409184773762,3
0.7755938172340393,0.7788040637969971,4
0.8901242282655503,0.9558372894922892,3
0.7638383090496064,1.06474773089091,4
0.4235371748606364,1.2312548557917278,3
0.7268033689922756,0.6621649265289307,3
0.7844891945521036,0.8743635813395182,3
0.5640092293421427,0.9745413064956665,3
0.5637272198994955,1.2640678485234578,3
0.7141917811499702,0.9815605084101359,3
0.8787262307273016,0.8411702315012614,3
0.7956583897272745,1.035439133644104,3
0.6771840254465739,1.0741984844207764,3
0.7624645233154297,0.999692440032959,3
0.5997731023364596,0.9067306121190389,3
0.8866046130657197,1.0325382749239604,4
0.583478840192159,1.1116345723470051,3
0.9286925395329794,1.0532979170481365,3
1.1509674191474915,0.843708316485087,3
0.46449437141418454,1.1095453103383381,3
0.7846432063314651,0.9386365413665771,3
0.7317872047424316,0.5845719973246257,3
0.24996027946472169,0.5623797575632732,3
0.7470387154155308,1.0698485771814983,3
0.6380581061045328,1.0519272486368816,3
0.8419407447179159,1.179947833220164,3
1.0838593575689528,1.0669235388437908,3
0.6418887774149576,0.6803682645161946,3
0.9601242842497649,0.8139443397521973,3
0.7595701350106134,1.228138009707133,3
0.3923138777414958,0.5786736806233723,3
0.7860816319783529,1.2128766775131226,3
0.8261800871955023,1.025647799173991,3
0.8438207838270401,0.8798062801361084,3
0.8212677240371704,1.1579780578613281,3
0.6856300830841064,1.2149535417556763,3
0.7733574708302816,0.8636384805043539,3
0.7599884006712171,1.0759673118591309,3
0.7460635503133138,0.8926777839660645,3
0.6168277925915188,0.8736306031545004,3
0.8857613205909729,1.0879360834757488,3
0.892775879965888,1.1555333534876506,3
0.46332632170783145,1.1929412881533306,3
0.40973222255706787,0.4496847788492838,3
0.6168854435284933,0.9954601923624674,3
0.5780422025256686,1.0198268095652263,3
0.8072149091296726,1.1354042291641235,3
0.754824161529541,1.1806517640749614,3
0.5562627712885538,1.1599198977152507,3
0.6924206018447876,0.9854159752527872,3
0.5732666518953112,1.0218241214752197,3
0.8015018569098579,0.7112149397532146,3
0.6041516595416598,0.8506168127059937,3
0.569818467564053,0.9256544510523478,4
1.0405898491541545,0.9623426596323649,3
0.7459749857584634,0.6528560320536296,4
0.16703089078267416,0.37344280878702796,3
0.7214798927307129,0.9643332958221436,3
0.7726352877087064,1.2418819268544514,3
1.1439279781447516,1.0181187788645427,3
0.8961529533068339,0.6916331450144451,3
0.5769014490975274,1.0513947010040283,3
0.5370656119452583,1.1984100341796875,3
0.7042247586780124,0.8316189448038737,3
0.5949038292112805,0.6065034866333008,5
0.7041776974995931,0.9148518244425455,3
0.8781243827607895,1.0985781351725261,3
1.1721399625142415,1.1130646069844563,3
0.7324395312203301,1.0167485475540161,3
0.6644545131259494,0.8037654558817545,3
0.752195848359002,1.053022066752116,3
1.1723754670884874,0.9001707235972086,3
0.7806229591369629,0.891436497370402,3
0.883105390601688,1.050239086151123,3
0.5902169148127238,1.0446235338846843,3
1.1164009041256373,0.9472353458404541,3
0.870194673538208,1.214147965113322,3
0.8969583312670389,0.9750272830327352,3
0.6806251472897,1.132869839668274,3
0.7453962167104086,0.8704083760579427,3
0.9314312603738572,0.7346795399983723,3
0.8643968582153321,1.0092599193255107,4
0.6824113660388522,1.0786620378494263,3
0.6908093028598362,0.8363937536875407,3
0.8015905486212836,0.5221641858418782,3
0.9910571078459421,1.195909818013509,3
0.40397152900695804,0.7422503630320232,3
0.6677740017573038,0.9535011450449625,3
0.9170164532131618,1.1574029922485352,3
0.5860582987467448,1.1268693208694458,3
0.8484585682551066,0.5952964623769124,3
0.8356325957510208,0.8178050518035889,3
0.7926643490791321,0.9389756520589193,3
0.9609413676791722,0.9837905168533325,3
0.8797524902555679,1.1186545689900715,3
0.9147859811782837,0.9813974698384603,3
0.17786447207132974,0.36385488510131836,3
0.5919244819217258,1.0161894957224529,3
0.820507804552714,1.0493193070093791,3
0.5014634927113851,0.563954512278239,3
0.7745066351360744,0.839873194694519,3
0.9173005951775446,1.0388270219167073,3
0.5151023070017496,1.0069958368937175,3
0.8876428339216443,1.1677319606145222,3
0.8072014914618597,1.0415140390396118,3
0.6366595692104763,1.2328686515490215,3
0.7444871266682943,1.0557621717453003,3
0.6660517056783041,0.9419921239217123,3
0.7259794652462006,1.0843081871668498,4
0.7490062713623047,0.8885205189387003,3
0.1449618399143219,0.8812989393870035,4
0.647414313422309,0.9564559459686279,3
0.8162163297335306,1.1591021219889324,3
0.7177652915318807,1.0099771817525227,3
0.8521637121836344,0.9372330109278361,3
0.7148392332924737,0.5628232955932617,3
0.8306413756476508,1.2337078253428142,3
0.6114936007393731,0.9587177832921346,3
1.1645678281784058,0.9858593940734863,3
0.7887172036700779,1.0824342568715413,3
0.6657203568352593,0.8773646354675293,3
0.7318760024176704,1.1032448609670003,3
0.5842186080084907,0.7474060853322346,3
0.654459105597602,0.8789259592692057,3
0.6307357947031657,1.0560709635416667,3
0.5403981871075101,1.1408272981643677,3
0.719279236263699,1.0814390977223713,3
0.8111724588606092,0.8331021467844645,3
0.8189495404561361,1.0139830112457275,3
0.7895330588022867,0.6082657178243001,3
0.7348514795303345,1.025887926419576,3
0.7499586343765259,1.2455075581868489,3
0.7212115526199341,1.2542989253997803,3
0.8391243153148227,1.0334499677022297,3
0.13953757286071777,0.7241530418395996,3
0.9900919000307719,0.6008318265279133,3
0.6377239028612772,1.0139611164728801,3
0.6259064674377441,1.0715600649515789,3
0.10366578896840413,0.3465548356374105,3
0.6424991289774576,0.7993474006652832,3
0.5137485000822278,1.2289175589879353,3
0.6860411564509074,0.6431836287180583,3
0.7604394356409708,0.8247900009155273,3
0.7102043231328329,1.0275824069976807,3
0.7691432303852505,0.6788890361785889,3
0.8933038446638318,0.8586944739023844,3
0.4190581242243449,0.4023958047231039,3
0.8724843197398715,0.7104897499084473,3
0.7663777404361302,0.8719372749328613,3
0.7082423898908826,0.8421291510264078,3
0.632685833507114,1.1477526028951008,3
0.66279051038954,0.6264088948567708,3
0.5568776263131036,1.093232274055481,3
0.6874515083101059,0.6846814155578613,3
0.9127461380428737,1.0971615314483643,3
0.7531053092744616,1.087792158126831,3
0.9504729641808404,1.1555057764053345,3
0.9793906940354242,1.0587964057922363,3
0.9559903807110256,1.1751089890797932,3
0.8289533456166586,1.2197795311609905,3
0.708069364229838,0.979306697845459,3
0.6236944595972697,0.8664900064468384,3
0.5314216878679063,0.3958805402119955,3
0.6898444626066421,0.803950309753418,3
0.9207331736882528,1.0567159255345662,3
0.9496047231886121,1.1746551195780437,3
0.6475812461641101,1.102640151977539,3
0.6466742489073011,0.931771993637085,3
0.8615334497557745,1.1479973793029785,3
1.0991037487983704,0.9109165668487549,3
0.9072197013431126,0.9965455929438273,3
0.8283257087071737,1.1863007545471191,3
0.8369031018680996,0.923966646194458,3
0.7284311321046618,1.094411055246989,3
0.7911320924758911,0.8836102485656738,4
0.8470733364423116,1.0330886046091716,3
0.8934550086657206,1.0222410360972087,3
0.823404590288798,1.0685439904530842,3
0.6033161746131049,1.1577673355738323,3
0.6937303013271755,1.0193049907684326,3
0.5159750911924573,0.8560166358947754,3
0.650066057840983,1.0835137367248535,3
0.6419180234273275,0.9060051441192627,3
0.9811632964346145,0.863609234491984,3
0.7247020800908407,0.9111495812733968,3
0.9402548207177057,1.055476983388265,3
0.8680598272217646,1.030752420425415,3
0.8110779656304253,0.8251678148905436,3
0.6404822022826583,0.9113854567209879,3
0.7952986425823635,1.0625162521998088,3
0.7655740843878852,0.9787493546803793,3
0.7224136796262529,0.8996058305104574,4
0.9561564591195849,1.1198718547821045,3
0.8910684794187546,0.9864141146341959,4
0.26519157886505124,1.0226791699727376,3
0.730695750978258,0.802789052327474,3
0.5385610063870748,1.2354106108347576,3
0.6404124365912544,1.0501843293507893,3
0.9028596878051758,1.0825450817743938,3
0.8820028901100159,1.0778028170267742,3
0.7924614177809821,0.8780805667241415,3
0.7854268087281122,0.9821725289026896,3
0.7781275245878431,1.0937471389770508,3
0.9772480010986329,0.9424203236897787,4
0.5437491337458292,0.7346396446228027,3
0.7125532362196182,1.0948550701141357,3
0.7726359367370605,1.022043228149414,3
0.7409196032418145,0.8453512986501058,3
0.6434412797292074,1.090800364812215,3
0.5514815118577745,0.5845704078674316,3
0.44139548142751056,0.7541925112406412,3
0.32534577846527096,0.4951574007670084,3
0.8791308999061584,0.8782424132029215,3
1.0301940242449443,1.067629098892212,3
0.708711412217882,1.0555925766626995,3
0.8027397261725531,1.105065107345581,3
0.7801586786905924,0.893077572186788,3
0.9045021401511298,1.2052613894144695,3
0.6149022579193115,0.9871204694112142,3
0.7836584912406074,1.2437979777654011,3
0.6942539563885441,1.0764254331588745,6
0.3343295653661092,0.5406149228413899,3
0.7049907048543295,1.169666091601054,3
0.5047275755140517,0.785550038019816,3
0.8159246312247382,0.9347714185714722,3
0.2983034981621636,0.3997664451599121,3
0.7605939176347519,0.7770310242970785,3
1.083646383550432,0.8377632300059,3
0.6899645725886027,1.0643235047658284,3
0.5490706099404229,0.9915599822998047,3
1.0213194025887382,1.0158020655314128,3
0.734154396586948,0.8162773450215658,3
0.6797517140706381,0.7820979754130045,3
0.46995547082689076,1.245267629623413,3
0.4464164574940999,0.8251155217488607,3
0.9747428430451288,1.0417066017786663,3
0.7740731371773615,1.0599161783854167,3
0.8862313363287183,1.147293249766032,3
0.9066828621758355,1.142480770746867,3
0.5084952116012573,0.9781518777211508,3
0.6688951386345757,0.9797583421071371,3
0.9055970509847006,0.7476563453674316,3
0.904339869817098,0.939090887705485,3
0.2578296502431234,0.7288700739542644,3
0.6068513923221165,0.9829710721969604,3
0.6579527854919434,0.9585984150568644,3
0.8499367634455363,0.6949497858683269,3
0.2717627004340843,0.9751073916753134,3
0.9507212307718066,1.08481764793396,3
0.6082087622748481,1.2312392592430115,3
0.6948652664820353,1.154672344525655,3
1.0009790923860338,1.036935806274414,3
0.5664070844650269,0.9759037494659424,3
0.6140902439753214,0.9073506991068522,3
1.1643288135528564,1.0600090026855469,3
0.7134913471009997,1.0753178596496582,3
0.6843107806311712,1.152376651763916,3
0.7832819355858697,1.0051862796147664,3
0.5857273737589518,1.1620713075002034,3
0.5381056189537048,0.8413139979044596,4
0.6866106854544745,0.9735250473022461,3
0.4373466306262546,0.657251516977946,3
0.8275003168318008,0.9492828051249186,3
0.8469425704744128,1.058272361755371,3
0.9081380632188586,1.1741331219673157,3
0.8593510786692301,0.9770144621531168,3
0.701936682065328,0.5974823633829753,3
0.6951751973893908,0.6563574473063152,3
0.625802199045817,0.9206290245056152,3
0.7290929953257242,1.001171867052714,3
0.6781213177575006,1.0263362725575764,3
0.7028801043828329,1.2437948783238728,3
0.9133683575524225,1.053569753964742,3
0.9159140255716111,0.7527867952982584,3
0.6786565780639648,0.7857575416564941,3
0.2154469754960802,0.691428820292155,3
0.6507770485348171,0.775682290395101,3
0.9632015294498867,1.1358837286631267,3
0.7117873032887777,1.1683860421180725,3
0.8421352307001749,0.9017471472422282,3
0.7955231401655408,0.9755294720331827,3
0.5669212341308594,1.0209534962972004,3
0.5774064328935412,0.8714626232782999,3
0.37867196400960285,1.2625221610069275,3
1.0717757278018527,0.9549597899119059,3
0.8739729324976603,1.0496125221252441,3
0.9885871940188938,1.1280667384465535,3
0.992410143216451,1.0461819569269817,3
0.4231896797815959,1.1719959576924641,3
0.7570259835984973,0.8226547241210938,3
0.5351471106211344,1.0582381884257,3
0.8643730878829956,0.991032083829244,3
0.8543255726496378,0.6902021567026775,3
0.6778533591164483,1.2774576147397358,3
0.9499525825182596,0.9653265476226807,3
0.8934244645966424,1.052088777224223,3
0.7741844124264187,0.7268426418304443,3
0.9771131806903416,0.833546002705892,3
0.6052502393722534,0.7518488566080729,3
0.7434106667836508,1.077666997909546,3
0.6956853734122382,1.0314655701319377,3
0.519832107755873,0.8455714384714762,3
0.9473144875632391,0.7600354353586832,3
0.32537537150912815,0.5106656551361084,3
0.8864860733350118,1.0580172141393025,3
0.7493159903420342,1.024187684059143,3
0.6869511869218615,0.6561040083567302,3
0.7403424183527628,0.8670180638631185,3
0.5932047764460245,0.43508028984069824,3
1.0286142296261258,1.0353025197982788,3
0.5634998957316081,0.7294982274373372,3
0.8765174415376452,0.991471529006958,3
0.868933055135939,0.7557177543640137,3
0.8738021188312106,0.8916589419047037,3
0.6528650058640374,1.105551799138387,3
0.9619295994440714,1.1010552247365315,3
0.588528553644816,0.9352288643519083,3
0.7032053470611572,0.924360990524292,3
0.8148750132984585,1.2020933429400127,3
0.5873839325375028,1.151879111925761,3
0.5727005402247111,1.0946566263834636,3
1.0090357926156786,1.0773513714472454,3
0.7892282737625971,1.06925364335378,3
0.5565680146217347,0.5403312842051189,4
0.6814050277074178,1.0738568305969238,3
0.4216904375288222,0.7925394376118978,3
0.8307787511083816,0.8908368746439616,3
0.9272504250208536,1.002616008122762,3
0.7227844330999588,0.9598468144734701,3
0.7055853141678705,1.1240019003550212,3
0.757857018046909,0.8718271652857462,3
0.6558652189042834,1.2544179360071819,3
0.7998216682010226,1.0090694427490234,3
0.6631567080815634,0.8389608462651571,3
0.8739422029919095,0.694389820098877,3
0.55459197362264,0.9083551565806071,3
0.6977952718734741,0.8348119258880615,3
0.9016279776891073,1.0712361335754395,3
0.6519958178202311,1.2536895473798115,3
1.0850471523072984,1.0521960258483887,3
0.8757054408391317,1.139043966929118,3
0.8509946001900567,0.7504995663960775,3
0.9822500149408976,1.0889474948247273,3
0.7048094934887357,0.9773164987564087,3
0.8083673980500964,1.1064677238464355,3
0.7742184400558472,0.9152108033498129,3
0.954367438952128,1.134468674659729,3
0.2588035662968953,0.9037737051645914,3
0.6881180140707229,0.946174144744873,3
0.8197230497996012,0.7966734568277994,3
1.1167128880818684,0.9992851416269938,3
0.8710720539093018,1.2054141759872437,3
1.1043428182601929,0.7131516138712566,3
0.7713365475336711,1.0882818698883057,3
0.9821092367172242,0.9534302949905396,4
1.0397506422466702,0.897496740023295,3
0.7290297879113091,1.1425065994262695,3
0.7121058834923639,1.0919173955917358,3
0.5650238659646776,0.9070699214935303,3
0.7650602095656925,0.9760085741678873,3
0.44528202215830487,0.9209242661794027,3
0.7679832047886318,0.7207303841908772,3
0.6289332826932271,1.0981949766476948,4
0.9341930813259548,1.040805419286092,3
0.751252485646142,0.6158425807952881,3
0.8409655822647942,0.94919220606486,3
0.6624821689393785,1.04049817721049,3
0.912682082917955,1.131520430246989,3
0.7244853576024374,0.7911686897277832,3
0.6435880793465508,1.0017345746358235,3
0.8298842840724521,0.9979674021402994,3
0.1615217791663276,0.3651911417643229,3
0.6951493819554647,1.112951358159383,3
0.46692605018615724,0.8850803375244141,3
0.33950077162848585,0.458841880162557,3
0.891124407450358,1.0933477878570557,3
0.6735526455773249,0.7756580511728922,3
0.8884597751829358,0.6597892443339031,3
0.6333693795733981,1.257053017616272,3
0.6796394056744046,0.9118758837381998,3
0.2782481829325358,0.848628560702006,3
0.25360822677612305,0.746272087097168,3
0.6155023574829102,1.1608497699101765,3
0.8160743249787225,1.2243729035059612,3
0.6504857540130615,1.1206387281417847,3
0.5583570082982381,0.7220265070597331,3
0.9052148924933539,1.0199472904205322,3
0.16868358850479126,0.23138840993245446,4
0.597990107536316,1.011624773343404,3
0.7049208641052246,1.1396665175755818,3
0.8031426005893283,0.9554904301961263,3
0.9124278558625116,0.8819596370061239,3
0.7082287205590142,1.1439330577850342,3
0.7062716219160291,0.9586881399154663,3
0.8196437358856201,1.0065396229426067,3
0.6574488480885824,1.0124846299489338,3
1.0144311984380086,0.7787026564280192,3
0.7530100610521105,1.0259586175282795,3
0.7680078082614475,0.8128999074300131,3
0.4828304052352905,1.0303061803181965,3
0.7500413523779974,1.1389633417129517,3
0.9455043276151022,0.989524245262146,3
0.6455951001909044,0.8444388310114542,3
0.7194905545976426,0.9818500280380249,3
0.2682426373163859,0.5146305561065674,3
0.7487009763717651,1.025281310081482,3
0.7247389952341715,1.1573656002680461,3
0.6044045686721802,1.1215957005818684,3
0.9113606413205465,0.8616092205047607,3
0.8507079084714254,0.9760777950286865,3
1.0522909694247777,1.1539791027704875,3
0.5446419053607516,1.1164005200068157,3
1.2079325517018635,1.0701847871144612,3
0.7456952068540786,0.7897109190622965,3
0.6665060652626885,1.015529712041219,3
0.6447774834103054,1.0732707977294922,3
0.6120362679163615,1.0137173334757488,3
0.7364984889825186,1.0370827317237854,4
0.8806547058953179,1.1028892199198406,3
0.5266224344571432,0.7892751693725586,3
0.7093214193979899,1.1109410127003987,3
0.7272144953409831,0.7837153673171997,4
0.6391081015268961,0.9989672501881918,3
0.8094539642333984,0.8904386758804321,3
0.7740141683154637,1.1120858987172444,3
0.5247468948364258,0.8043625354766846,3
0.9836090670691596,1.1293232440948486,3
0.6778209010759989,1.1598429282506306,3
0.5732539494832357,1.0333278576533,3
0.5860214895672269,1.0970621903737385,3
0.7889248530069987,0.9135998090108236,3
0.3800281047821045,0.40576179822285974,3
0.8668857216835022,1.0949627161026,3
0.20390849643283418,0.23461214701334632,3
0.48700605498419863,1.1843425631523132,3
0.5251477075947656,0.8295913537343343,4
0.76091558403439,1.1763054132461548,3
0.8293519028027851,0.9701716661453247,5
0.2695338452303851,0.8314356803894043,3
0.7775606777932907,0.8102752367655436,3
0.7662096420923868,1.1403905550638835,3
0.5554832951227824,0.9075729131698609,5
0.8960343334409927,0.9115442434946696,3
0.8811933199564616,0.9873101313908895,3
0.11724939346313475,0.9814444382985433,3
0.5043318271636963,0.5350518226623535,3
0.658351461092631,0.8815410137176514,3
0.788816041416592,0.9327302773793539,3
1.1772522727648418,0.7734017372131348,3
0.6089678870307075,0.8121930758158366,3
0.6163522799809774,0.6402148405710857,3
1.0622443821695116,1.03348175684611,3
0.7301608721415201,1.1336911519368489,3
0.7184646924336752,1.0778206586837769,3
0.5995436112085978,1.2247509360313416,3
0.7852339214748806,0.742254098256429,3
0.892948142403648,1.0362914403279622,4
0.7927196953031751,0.9397328694661459,3
1.1809528470039368,0.8587837616602579,3
0.5918025573094686,1.1292529106140137,3
0.7081740564770169,1.193168044090271,3
0.9192001488473681,1.112026532491048,3
0.826676262749566,0.90716020266215,3
0.8419701152377659,1.033566665649414,6
0.08538891209496391,0.16851727167765296,3
0.6787515083948771,0.8632484277089437,3
0.5428239504496256,0.8986468315124512,3
0.6065692106882731,0.7202869256337483,3
0.7209351989958023,1.157657305399577,3
0.12376151879628498,0.6635772387186687,3
0.5780935287475586,0.9468667507171631,3
0.6096713741620382,0.8831019401550293,3
0.888780030939314,1.1838685870170593,3
0.7170597579744128,1.2120004097620647,3
0.23819543917973837,0.7475831508636475,4
0.8120810985565186,0.721351146697998,3
0.48752885394626194,0.49845639864603675,3
0.6428279956181844,0.7501089572906494,3
0.8609669473436142,0.9558598200480143,3
0.7103995747036405,1.2304850618044536,3
0.7162758376863266,0.9411519368489584,3
0.9591178099314371,1.0709376335144043,3
0.586127758026123,0.5667526721954346,3
0.5031732188330756,1.1548877954483032,3
0.43850225872463655,1.0214163064956665,3
0.6260927578759572,1.0202475388844807,3
0.2774091958999634,0.9126703341801962,3
0.6088087558746338,1.0402532418568928,3
0.88872273100747,1.1722653706868489,3
0.788172980149587,1.0303661028544109,3
0.8798730638292099,1.00110658009847,3
0.7321456140942043,0.9445672829945883,3
0.9971345331933762,0.907341718673706,3
0.7881488667594062,1.0933226744333904,3
0.7675513426462809,0.6825337409973145,3
0.5733177926805285,1.1198428869247437,3
0.7438999546898737,1.2360750238100688,3
0.6668882767359415,1.0961151123046875,3
0.40415002240075,0.6478509902954102,3
0.5724225044250488,0.9302396774291992,3
0.5567543923854827,1.0810163219769795,4
0.6536844571431478,0.7674739360809326,3
0.6543367173936632,1.018346627553304,3
0.854242225488027,0.9353206157684326,3
0.6847246951527065,0.9466676314671835,3
0.6220520734786987,0.9260512590408325,3
0.7320301642020544,0.908445398012797,4
0.8398568895128039,1.022485891977946,3
0.5841600100199381,1.1060818036397297,3
0.6292448043823242,0.9366764227549235,3
0.6680767006344266,0.8454595406850179,3
0.7361718813578287,0.6539673805236816,3
0.5953020652135214,1.0156431992848713,3
0.7997815608978271,1.1375138759613037,3
0.6143272717793783,0.8196930090586344,3
0.4249601629045274,1.2371442317962646,3
0.3047109047571818,0.6397627989451091,3
0.9947402344809637,1.0974566141764324,3
1.0310749610265095,0.9300610224405924,3
0.7537591457366943,1.1438860098520915,3
0.41522722244262694,0.69049072265625,3
0.7683576411671108,1.0753419399261475,3
0.35142681333753795,0.707493782043457,3
0.6242042978604635,0.9189658959706625,3
0.7022624280717636,1.002241055170695,3
0.5985300143559774,1.1197721560796101,3
0.8296991056866116,1.143927812576294,3
0.4543815056482951,0.6909634272257488,3
0.7875643438763089,1.0200910568237305,3
0.5408808787663778,1.1648516257603962,3
0.8608465327156916,1.0732282002766926,3
0.7481576601664225,0.5794418652852376,3
0.8942793475257025,1.0073638757069905,3
0.6126086579428779,0.8491030931472778,3
0.7566990852355957,1.1327377160390217,3
0.5886246760686239,1.037803332010905,3
0.7339290512932671,0.8463528156280518,3
0.6661114692687988,1.12446129322052,3
0.08024198214213052,0.9287120898564657,3
0.9854767918586731,1.041570742925008,3
0.9149146344926623,1.0308912595113118,3
0.7899959186712902,1.0793364842732747,4
0.7988506555557251,0.9685022830963135,3
0.8860066864225599,0.9785445928573608,3
0.6907463868459066,0.9730859994888306,3
0.5098934968312582,0.9724976619084676,3
0.9797586798667908,0.8522540728251139,3
0.780400554339091,0.7251509030659993,3
0.6124816338221232,1.1465824047724407,3
0.844028115272522,1.057000954945882,3
0.6027847263548108,1.0777791341145833,3
0.9972135424613953,0.9891461133956909,3
0.3560258362028334,0.7320911884307861,3
0.7072434822718302,1.1501233180363972,3
0.7592900102100675,0.6929525534311931,3
0.7582594553629557,1.1854676405588787,3
0.6790038810835943,1.0534130732218425,3
0.7633933093812731,0.6442917188008626,3
0.6989524496926202,1.176245133082072,3
0.502129528257582,1.087726394335429,3
0.8309155702590942,0.7041511535644531,3
0.8386187818315295,1.0352587699890137,3
0.836753421359592,1.0718244711558025,3
0.8574290937847562,1.0449355045954387,3
0.7013864914576212,1.070278525352478,3
0.9545984400643243,0.767765998840332,3
0.9037489692370096,1.0082602500915527,3
0.15745086140102812,0.32753054300944007,3
0.3341749906539917,0.4447779655456543,3
0.6634188095728556,0.9283153216044108,3
0.9018833107418485,1.0748788118362427,3
0.9752113223075867,1.0999677975972493,3
0.8003495534261068,0.8242590427398682,3
1.0025015009774103,1.0091958045959473,3
0.19312279754214814,0.46719185511271155,3
1.007402863767412,0.9579724470774332,3
0.64458829164505,1.139793594678243,3
0.9399168226453992,1.2035384774208069,3
0.7634841865963407,0.8740606307983398,3
0.7857101360956827,1.202415406703949,3
0.4653664429982503,0.8977707227071127,3
0.7678162654240926,1.1903821627298992,3
0.7007748285929362,1.1340821584065754,3
0.692585817972819,0.9217102924982706,3
0.7577202452553643,1.2187609672546387,3
0.8376540342966715,1.0650253295898438,3
0.8978765805562338,1.0634640057881672,3
0.8974337312910291,0.7257923285166423,3
0.5868638356526693,1.2090186675389607,3
0.6106295188268026,1.2032324870427449,3
0.6803786158561707,0.9522416591644287,3
0.7000352541605631,1.0252771377563477,3
0.7536068757375082,1.0223890940348308,3
0.7527842124303182,1.1430809895197551,3
0.6534664101070827,1.0370689630508423,3
0.7503174344698588,1.0960917075475056,3
0.9094347092840408,1.0477158228556316,3
0.7428240246242948,1.0846729278564453,3
0.6595647732416788,0.9602185487747192,3
0.9517460531658596,1.1174608866373699,3
0.710672742790646,0.9872719446818033,3
1.1010340183973313,1.0469029347101848,4
0.6035337845484415,0.5832503636678059,3
0.8705572883288065,0.95493217309316,3
0.6618233786688911,0.8912870089213053,3
0.5849284728368124,1.1075820128122966,3
0.811748676829868,1.1997564633687336,3
0.6300467252731323,0.8919343948364258,3
0.9344415797127619,0.9705374240875244,3
0.6536028385162354,0.7503499984741211,3
0.8716538945833842,0.8113632996877035,3
0.5344425174925062,0.8590378761291504,3
0.8700237605306836,0.8273984591166178,3
0.7627123859193591,1.0016262928644817,3
0.7439794699350992,0.981368621190389,3
0.7712215714984471,1.003045956293742,3
0.619723293516371,0.9219465255737305,3
0.7761198878288269,0.8769727945327759,3
0.9001198543442621,0.9265387058258057,3
0.6415170563591851,1.0135714213053386,3
0.5288382371266683,1.2878525257110596,3
0.5400205055872599,1.0247361262639363,3
0.22225314180056252,0.9470647176106771,4
0.7007921801673042,1.2745370467503865,3
0.5373533546924592,0.9465909798940023,4
0.8853117095099554,0.9678560892740885,3
0.5562663740581936,1.0440761248270671,3
0.6089680592219034,1.1566429138183594,3
0.6790395180384318,1.0685161352157593,3
1.0694099929597642,0.8867769241333008,3
0.6594520277447171,1.029115358988444,3
0.7720618512895373,0.9898562431335449,3
0.9573896593517728,0.8553175528844198,3
0.7568700909614563,0.9182332356770834,3
0.7220127715004816,0.5385898749033611,3
0.4738721052805583,0.7586827278137207,3
0.847247454855177,0.6536086400349934,3
0.6407892174190944,0.6897315979003906,3
0.7737420797348022,1.194298505783081,3
0.5144672526253594,0.4723663330078125,3
0.9294037848711014,1.040988564491272,4
0.9034978283776177,1.0120622316996257,3
0.7862749894460043,0.8949494361877441,3
0.6007732020484077,1.2115269502003987,3
0.5751750707626343,0.843625545501709,3
1.0196266439225938,1.0868995984395344,3
0.7468985584047106,0.7488012313842773,3
0.34326693746778697,0.712100346883138,3
0.6416131522920397,1.1247833569844563,3
1.0233683188756306,1.1508309841156006,3
0.566130108303494,1.1230661869049072,3
1.082759314113193,1.0323209762573242,3
0.403157009018792,0.5986979802449544,3
0.6299891604317559,1.0395451784133911,3
0.4259967803955078,0.8411322434743246,3
0.7223681873745388,1.134653886159261,3
0.7000350024965075,0.6974502404530842,3
0.8575575484169854,1.1320213476816814,3
1.0823455386691625,0.9430826505025228,3
0.7072186470031738,1.0372820297876995,3
0.5216297573513455,1.1583493947982788,3
0.8409315745035807,1.1261180639266968,3
0.5802329778671265,1.1144909461339314,3
0.3457642674446106,0.6535485585530598,4
0.7539127932654486,1.0059690872828166,3
0.6799595091078016,1.1886061628659566,3
1.0030252867274816,0.979995330174764,3
0.49608903461032444,1.1175038019816081,3
0.6735213465160794,0.9684883753458658,3
0.7024859719806247,1.0831275780995686,3
1.009152544869317,0.6987419923146565,3
0.649973577923245,0.9589961369832357,3
0.8882570664087931,0.9114834864934286,3
0.611632850435045,0.9137755235036215,3
0.7731359269883898,0.7244787216186523,3
0.7328339682685004,1.182314395904541,3
0.7370283206303915,0.9154790242513021,3
0.6045699119567871,1.1743834813435872,3
0.8547618985176086,0.9971303939819336,3
0.6769967595736186,1.033949613571167,3
0.7722917477289836,0.9424607356389364,3
0.6448254452811347,1.183167556921641,3
0.05991365114847821,0.8337277968724569,3
0.9882089032067194,1.0721481641133626,3
0.8505190345976087,1.1669011910756428,3
0.6724118126763238,0.6634698708852131,3
0.6175970368915134,1.0546427567799885,3
0.7791058752271863,1.0213412443796794,3
0.39542153146531844,0.8338141043980917,3
0.4010684622658624,0.8858970403671265,3
0.730136301782396,1.157232681910197,3
0.9574568404091729,0.8517463604609171,3
0.7376872301101685,1.1250579357147217,3
0.8067567825317382,0.884628971417745,3
0.6838420761956109,1.182467261950175,3
0.9651685158411661,1.1213288307189941,3
0.7482019397947522,0.6922025680541992,3
0.7536988920635647,1.0278490384419758,3
0.9390481114387512,0.8911983569463094,3
0.8305071062511867,0.9930357535680135,3
1.0044542484813266,1.0122764110565186,3
0.6985554430219864,0.8299002647399902,3
0.7226514551374646,1.2368815342585247,3
0.6028565565745035,1.2600988547007244,3
0.7008572975794474,0.8463423649470011,3
0.8535996211899652,1.0304861068725586,3
0.7595014439688788,1.000018795331319,3
0.7549419403076172,0.812503973642985,3
0.8931402206420899,1.0085589090983074,3
0.9102565579944186,0.7313222885131836,3
0.7245559824837579,1.0094387531280518,3
0.7455321470896403,1.0341051816940308,3
0.8100340035226611,1.077837387720744,3
1.0152049726910062,1.0494230190912883,3
0.5275884601804945,1.1728505690892537,3
0.5834927797317505,0.6649337609608967,3
0.7437018288506402,1.2099293073018391,3
0.8020665778054131,1.1549819707870483,3
0.6236036618550619,1.0476168394088745,3
0.7747780217064753,0.8929353555043539,3
0.727000739839342,1.113252321879069,3
0.729598191049364,1.1057335535685222,3
0.9875657293531629,1.146350582440694,3
0.7052721579869589,0.8807860612869263,3
0.7348293198479546,1.2744271159172058,3
0.17298038800557455,0.6419769922892253,3
0.8666395213868882,1.1703557173411052,3
1.0542758305867512,1.005520264307658,3
0.7220883501900568,1.1386397282282512,3
0.7176603078842163,0.7681852976481119,3
0.42333054542541504,0.735864241917928,3
0.9320942428376938,1.0295263131459553,3
0.8774098555246989,0.9951636791229248,3
0.8693367110358343,1.0833607117335002,3
0.7425458033879598,1.048290729522705,3
0.6567180686526828,1.0720899105072021,3
0.6181402471330432,1.1871044039726257,3
0.6389401091469659,1.0074266990025837,3
0.6646927316983541,1.0147002339363098,4
0.5992926756540934,0.834723711013794,3
0.9576912919680277,1.0755337874094646,3
0.9785977469550238,0.9960030317306519,3
0.6481475565168593,1.0386540095011394,3
0.6832883358001709,0.7481846809387207,3
0.7762524353133307,1.1258621215820312,3
0.7512747844060262,1.208394706249237,3
0.6917065050866867,0.8469752470652262,3
0.4113387399249607,0.6516211827596028,3
0.9034410864114761,0.9108463923136393,4
0.5342510806189643,1.0167192618052165,3
1.005146332581838,0.6658892631530762,3
0.8658519321017796,1.0641628503799438,3
0.9823387137165777,1.0351170698801677,3
0.4257909191979303,0.9412264426549276,3
0.6709855794906616,0.965874433517456,3
0.6827638943990072,0.7869799931844076,3
0.7194488445917765,0.8427405754725138,3
0.7306502130296494,0.8386601607004801,3
0.9165625929832458,0.715762996673584,5
0.7044316795137194,0.785120964050293,3
0.1416851838429769,0.8357181151707967,3
0.7841991186141968,1.1238222519556682,3
0.9451515210999383,1.103988766670227,3
0.5323663552602133,0.6405700047810872,3
0.13814778327941893,0.6170199712117512,3
0.8927780662973721,0.9818224906921387,8
0.7831253608067831,0.7414625485738118,3
0.7110485235850016,0.6083436806996663,3
0.43159943156772185,0.7096806367238362,3
0.6620763540267944,1.1237490971883137,3
0.8222213983535767,0.9448814392089844,3
0.904189387957255,1.0157967408498128,3
1.0540978378719754,1.003105918566386,3
0.9155360221862793,0.8878807624181112,3
0.6002833975685967,1.1488291422526042,3
0.8080865674548678,1.0657116572062175,3
0.6511080927318997,1.2219672004381816,3
0.8821210198932223,1.1802143653233845,3
0.1644688023461236,1.000871737798055,3
0.8451792200406393,0.834572434425354,3
0.7340020020802815,0.9849640130996704,3
0.6993421581056384,1.032465974489848,3
0.6082083119286431,1.0024994214375813,3
0.3859122276306152,0.6264656384785969,3
0.8282282617357041,0.8443547487258911,3
0.9030057907104492,0.8432315190633138,4
0.8571153349346584,1.0767006874084473,3
0.9758447607358297,0.9059008757273356,3
0.8231876558727688,0.9492302735646566,3
0.939781665802002,0.8408884604771932,3
0.6435692442788018,0.840796709060669,3
0.8152493172221714,1.0371204217274983,3
1.1830915411313374,1.0752405325571697,3
0.59407905737559,1.0827627182006836,3
0.44893048869238966,0.9805061022440592,3
0.984321826034122,1.1349457899729412,3
0.9941179884804621,1.1386868556340535,3
0.9046907424926758,1.1249993642171223,3
0.6069087982177734,1.0491506258646648,3
0.8632001413239373,1.1983449061711628,3
0.7034559647242228,1.2504041194915771,3
0.8840534885724386,0.9827854235967001,3
0.8590795728895398,1.135563850402832,3
0.6504895157284207,0.9922345876693726,3
0.8519795007175869,0.7908935546875,3
0.525268726878696,1.1797935565312703,3
0.46166461043887663,1.0345235268274944,3
0.6152839263280233,0.966914176940918,3
0.7357031835450067,0.8676648139953613,3
1.0042329827944438,0.8684169054031372,3
0.5945505963431464,0.989641269048055,3
0.966702381769816,1.003596305847168,3
1.0569457014401753,1.0609112580617268,3
0.6180155144797431,0.7254603703816731,3
0.9031433396869236,0.9521057605743408,3
0.5000518295500014,0.6715031464894612,3
1.0372720493210688,1.1077485084533691,3
0.9647857811715869,0.9328763484954834,3
0.7632117668787638,0.9654761950174967,3
0.4725789758894179,1.1544166405995686,3
0.40361297130584717,1.004709521929423,3
0.563931691646576,0.8799378077189127,4
1.0497059921423595,1.0476802587509155,3
1.1226252913475037,0.7819919586181641,3
0.7935742007361517,0.7600599924723307,3
0.6896607557932536,0.9525612990061442,3
1.0913841591940985,1.0193310578664143,3
0.9762822071711222,1.1573855876922607,3
0.8956505457560221,0.9341952006022135,3
0.6740781333711413,1.0425163904825847,3
0.9859859744707743,0.9465871651967367,3
0.6492601368162367,0.9153580665588379,3
0.8285765184296502,1.023359219233195,3
0.7598256535000272,1.0822474161783855,3
0.798542923397488,0.9730849266052246,3
0.7712045431137086,0.6318558057149251,3
0.6575873295466105,1.195200244585673,3
0.7936605148845249,0.9187635580698649,3
0.6268734733263651,1.1001250743865967,3
0.8809437638237363,0.9664115508397421,4
0.5381743113199869,0.7291496594746907,3
0.5819350083669027,0.9927595456441244,3
0.8411382569207086,0.8553200960159302,3
0.9398957888285319,1.121278206507365,3
1.0372037556436327,0.8698203563690186,3
0.9303455352783203,0.9372828801472982,3
0.9596310986412896,0.9724399248758951,3
0.6505857043796116,1.045447866121928,3
0.5609658161799113,1.098879297574361,3
0.7487347457143997,1.0562641620635986,3
0.9532627397113376,0.9350365400314331,3
0.5087119738260905,1.2147680918375652,3
0.5542568630642362,0.7629795074462891,3
0.9791032870610555,0.9798943201700846,3
0.9339492321014404,0.9082992871602377,4
0.9043313463528951,1.1559302409489949,3
0.8109022511376275,1.0808801651000977,3
0.885971979300181,1.1066944599151611,3
0.705337643623352,1.0426794290542603,3
0.7024313476350571,0.5217180252075195,3
0.7259525458017985,1.1575878063837688,3
0.5379667547014025,1.2707102100054424,3
0.7984571589363946,0.9326189359029134,3
0.8617165684700012,0.808983564376831,3
0.7183215750588311,0.6619442303975422,3
0.9503914647632176,1.1099148988723755,3
0.6170362234115601,0.8508790334065756,3
0.2483302354812622,0.3784165382385254,3
0.8232316573460897,0.9219774405161539,3
0.6193925672107272,1.0299970308939617,3
0.7264681524700589,1.2627367575963337,3
0.55574631690979,0.6662232081095378,3
0.936364471912384,1.1692590713500977,3
0.884266197681427,1.101310173670451,3
0.9076157013575236,0.6401031812032063,3
0.8374909228748745,0.8876978556315104,3
0.8779329193962945,0.9590314229329427,3
0.4458997514512804,0.7091554005940754,3
0.871883405579461,0.8967134555180868,3
0.13729519314236113,0.34028736750284827,3
0.5552008681827122,1.048047701517741,3
0.8331130743026733,0.8631957769393921,3
0.6655677715937297,1.1181767384211223,3
0.5855565706888834,1.0864409605662029,3
0.64720528655582,1.1537484327952068,3
0.6427425675921971,0.6369846661885579,3
0.5606285333633423,0.7658518155415853,3
0.6608381403817071,1.0100800196329753,3
0.8813434309429593,1.1600186824798584,3
0.6125268141428629,1.1083515485127766,3
0.5450985961490208,1.010698636372884,3
0.8133308423890009,1.171597679456075,3
0.6429351965586344,0.9650847117106119,3
0.86468685997857,0.9671735366185507,3
1.0947130918502808,1.0226791302363079,3
0.6647907230589124,1.2276720801989238,3
0.8838632106781006,0.742573897043864,3
0.8936721881230673,1.0588018894195557,3
0.7219755119747585,1.1402411858240764,3
0.8212145037121243,1.1016997893651326,3
0.8525817129347059,1.021479845046997,3
0.6987775299284192,0.7769342263539633,3
0.9086541997061834,1.0969502131144206,3
0.3651588201522827,0.8412063916524252,3
0.7910457981957331,1.083207130432129,3
0.7748855948448181,0.9786940415700277,3
0.3868096669514974,0.687749703725179,3
0.748451762729221,0.8063141504923502,3
0.6098831097284952,0.8112549781799316,3
0.7912224849065145,0.6596670150756836,3
0.741990327835083,1.0866423845291138,3
0.8265424039628769,0.8192621072133383,3
0.7896906932195028,1.0857919057210286,3
0.7323039240307277,0.7258833249409993,3
0.6702209578620063,0.6594843069712322,3
0.756360650062561,1.0325332482655842,3
0.7146792941623265,1.0615990956624348,3
0.7362542549769083,1.0782417058944702,3
0.6538161039352417,1.060344656308492,3
0.6526312033335367,1.1025032202402751,3
0.39889384640587705,1.2861833771069844,3
0.5926782356368171,0.9889842669169108,3
0.3765474557876587,0.45865933100382483,3
0.7800614237785339,0.9231491883595785,3
0.47329707940419513,0.6554978688557942,3
0.7883252037896051,0.7742371559143066,3
0.86137588818868,1.1812172532081604,3
0.959783845477634,0.8510507742563883,3
0.5399848699569701,0.7195452054341633,3
0.6731073988808526,1.0437970956166585,3
0.7412769529554578,1.1253984371821086,3
0.6293511788050333,1.0763562122980754,3
1.1070857610967424,0.8116827011108398,3
0.8268592490090265,0.781822125116984,3
0.544002095858256,0.8473149140675863,3
0.6782385508219401,0.6812214851379395,3
0.9130076236195035,1.1664616266886394,3
0.8390727281570435,1.1843162178993225,3
0.5147877799140083,0.8353908856709799,3
1.0513525207837422,1.1285343964894612,3
0.685104250907898,0.7453076044718425,3
0.8004370199309454,0.8893609841664633,3
0.5394463141759237,1.1654962301254272,3
0.5258060031467013,0.8218589623769125,3
0.6731777456071643,1.189899742603302,3
0.7644525104098849,0.8524681727091471,3
0.8806681765450372,0.6309030055999756,3
0.6420757373174032,1.1173644065856934,3
0.7938208977381388,1.105277379353841,3
0.9838703473409017,1.1461820205052693,3
0.5644703838560315,1.1897846857706706,3
0.723994466993544,0.9882785081863403,3
0.3267556031545003,0.620606501897176,3
0.7001086473464966,1.112634817759196,3
0.5842768616146511,1.0341780185699463,3
0.8548336426417033,1.0665667057037354,3
0.6970460812250773,1.225977102915446,3
0.5553259717093574,1.0933012962341309,3
0.7735795974731445,1.1786649624506633,3
0.8250680367151896,0.8868993918100992,3
0.7969662249088287,1.1611764430999756,3
1.0115638772646587,0.9806540409723917,3
0.2953280448913574,0.8793206612269083,3
0.8698803650008307,0.851347009340922,3
0.6957380506727432,0.9981756210327148,3
0.6004746496677399,1.1323345104853313,4
0.5877946217854818,0.9152148167292277,3
0.9822339614232382,1.0999900897343953,3
0.7486778662318275,1.0647639632225037,4
0.9251949985822042,0.9853928089141846,3
0.42419812414381236,0.29327456156412757,3
0.9114167822731866,0.9300417900085449,3
0.7369440529081558,1.0238101482391357,3
0.9386656284332275,1.2035353183746338,3
0.6806172132492065,1.1491392453511555,3
0.3653113047281901,1.2908217708269756,3
0.7900567981931897,1.0654513041178386,3
0.5694488048553467,0.6955451965332031,3
0.7169193956587051,0.8156283696492513,3
0.5464555554919772,0.848902702331543,3
1.0046001540289984,0.8173290888468424,3
0.790409525235494,0.8830179373423258,3
0.963029874695672,0.8980247974395752,3
0.724304093254937,0.6054611206054688,3
0.8809971279568142,1.0773011843363445,3
0.6926821735170153,1.08612855275472,3
0.8386929829915365,0.8607298533121744,3
0.9064092636108398,0.7666274706522623,3
0.9379183583789401,1.051738977432251,3
0.6640832159254285,1.0869685411453247,3
0.6813372770945231,1.1387696266174316,3
0.6710229449801974,1.0527987480163574,3
0.8219873640272352,0.7653772830963135,3
0.559795061747233,1.0175821781158447,3
0.7419252130720352,1.021280288696289,3
0.8322298990355597,1.1288915872573853,3
0.7633113198810153,1.262739936510722,3
0.7434894376330906,0.9947352409362793,3
0.8864941994349161,0.7201306025187175,3
0.5414117574691772,1.018251895904541,3
0.7395968967013888,0.9854349295298258,3
0.7468614710701836,0.9855955441792806,3
0.6695406701829699,1.010157863299052,3
0.24565017223358154,0.7013047536214192,3
0.6743061476283604,1.1468690236409504,3
0.5626612027486165,0.6490813096364338,3
0.4820773204167684,0.813172976175944,3
0.31872280438741046,1.217459797859192,3
1.0065112246407402,1.0369553168614705,3
0.5850329597791036,0.9571045239766439,4
0.6144171555836996,0.9902847210566202,3
0.6359503401650323,0.9926080306371053,3
0.6278125974867078,1.2358802954355876,3
0.9043033652835422,1.2337359984715779,3
0.8158632781770495,0.9481788873672485,3
0.6117745041847229,1.1225025256474812,3
0.7812808487150403,0.9376815557479858,3
0.4566104809443156,0.5613880157470703,3
0.5620459715525309,0.9416410128275553,3
0.5021569596396552,1.158490816752116,3
0.5716548760732015,0.6588989893595378,3
0.6186153756247627,1.1496657530466716,3
0.6379552019966973,1.2012925148010254,3
0.8872291909323797,1.0751564502716064,3
0.8317850563261245,0.8759034474690756,3
1.029145896434784,0.7188448905944824,3
0.6867218944761487,0.7856481552124024,6
0.5621023972829183,1.175830324490865,3
0.43212143580118817,1.3129104574521382,3
0.40864137808481854,0.8059362570444742,3
0.6110633545451695,1.0279028415679932,3
0.8645337820053101,1.041345238685608,3
0.7050406403011745,1.2653092940648396,3
0.8041821320851644,1.1377061605453491,3
0.545169472694397,1.0732569694519043,3
0.8917318450080024,1.1364971001942952,3
0.8827420936690435,0.7506701946258545,3
0.7774762445025974,0.8904717365900675,3
0.8688793314827813,0.9979001681009928,3
0.8263761961901629,1.0631218751271565,3
0.8753451638751559,1.1385801235834758,3
0.4343912733925714,0.9543752670288086,3
0.7847214937210083,0.8433748086293539,3
0.7809161874983047,1.0490589539210002,3
0.7161625491248237,0.9649964173634847,3
0.9113203883171082,0.868240753809611,3
0.8423786991172367,1.0684030453364055,3
0.7552871306737264,0.5916066964467366,3
0.7299116982354058,1.0888070662816365,3
0.9297687676217822,1.1853129069010417,3
0.8248087697558932,0.7242817083994548,3
0.6155317889319526,0.9424831867218018,3
0.7372911638683743,0.979611873626709,3
0.3827603393130832,0.577046553293864,3
1.0939059125052557,1.0416752099990845,3
0.7113753159840902,0.9853831926981608,3
0.7637346850501165,1.0623802344004314,3
0.631058242585924,1.118691047032674,3
0.053112149238586426,0.18158785502115882,3
0.8935438308450911,0.9944674968719482,4
0.6704700787862142,0.5342504978179932,3
0.6113807492785983,1.1671560208002727,3
0.9744101683298747,0.9704483350118002,3
0.7495723035600449,1.0529408852259319,3
0.5131949848598905,0.9138890107472738,3
0.8182041313913134,1.118865172068278,3
0.37648169199625653,0.42782656351725257,3
0.6782932678858439,0.9213184515635172,3
0.8294395340813531,1.1096290747324626,3
0.7027726173400879,0.9968409538269043,3
0.7342465321222941,1.0421477158864338,3
0.6204403506384956,0.9898873170216879,3
0.7469922569062976,1.1474701166152954,3
0.5091815524631076,0.9685855706532797,3
0.898941437403361,1.185646414756775,3
0.8984636002116733,1.0816978613535564,3
0.5949248870213827,0.6439635753631592,3
0.7359344628122116,1.148557424545288,3
1.2926457822322845,0.9956555763880411,3
0.5716766516367594,0.6493339538574219,3
0.673568606376648,1.1043946345647175,3
0.8600541485680474,0.7326825459798176,3
0.9151150253083972,1.1497940222422283,3
0.7644197013643054,0.8435778220494589,3
0.6150651507907444,1.0340362389882405,3
0.8250282340579562,0.8634025653203329,3
0.7433810234069824,0.7535593509674072,3
0.6830691893895467,0.8575701713562012,3
0.9477672576904297,0.6874496142069499,3
1.0951551795005798,1.0215206543604534,3
0.6498255464765761,0.9652427832285563,3
0.6997081438700358,0.8351565599441528,3
0.6093167331483629,0.7376759847005208,3
0.6011950704786513,0.8309939702351888,3
0.845013115141127,0.9379931290944418,3
1.0267485247717965,1.03120223681132,3
0.6988335185580784,1.0904828310012817,3
0.8964696062935723,0.914872924486796,3
0.5723381439844767,0.4567446708679199,3
0.7834650278091431,1.1503939231236775,3
1.0552207960022821,1.0744423866271973,3
0.5732011000315348,1.0309025446573894,3
0.4613770643870036,0.8271945317586263,3
0.8868251111772324,0.900137742360433,3
0.6902171638276843,0.9046339193979899,3
0.6280355453491211,1.0292539993921916,3
0.7662805649969314,0.7193334897359211,3
1.0097146762741935,1.0470654169718425,3
0.6796119213104248,1.2701057990392048,3
0.13535034656524658,0.6919205983479817,3
0.5154500060611301,1.1138429641723633,3
0.686100337240431,0.7465506394704182,3
0.790438175201416,0.9950089454650879,3
0.5982523494296604,0.9813702503840128,3
0.7387917468945184,0.7934160629908243,4
0.40314202838473845,1.0958151817321777,3
0.7472017076280383,1.0406070550282795,3
0.7127796411514282,1.0171087980270386,3
0.19392498334248862,0.41595967610677087,3
0.6426583131154379,0.9778228600819906,3
0.6963075796763102,1.0508880615234375,3
0.3904721207088894,1.1979531049728394,3
0.3693429787953695,0.8875029881795248,3
0.8584533466233149,0.9920874039332072,3
1.003679421212938,0.8381737073262533,3
0.5124842325846354,1.1503538290659587,3
0.7271858851114908,0.8654726346333822,3
0.798158797952864,1.102317492167155,3
0.7255871163474189,0.7658347288767496,3
0.779132604598999,1.1600831747055054,3
0.6991783248053656,0.9528418779373169,3
0.9349510272343954,1.0873586734135945,3
0.6584879292382134,0.9566165606180826,3
0.885384718577067,1.1346831321716309,3
0.5640079445309109,0.768174966176351,3
0.8188892867830063,1.150241533915202,3
0.7686575518714057,0.5408182144165039,3
0.523564887046814,0.6335415840148926,3
0.6848569843504165,0.9733692010243734,3
1.111641334162818,0.908859928448995,3
0.6051314406924777,1.244829495747884,3
0.8099091715282863,0.9174650510152181,3
0.7921029726664225,0.846591075261434,3
0.6573683950636121,1.205362319946289,3
0.21292360623677573,0.322709321975708,3
0.8815218607584635,0.8759243488311768,3
1.0719500515196059,0.9856256643931071,3
0.8488133086098566,0.8265926043192545,3
0.4320149958133698,0.4607116381327311,4
0.6685007333755494,1.115951697031657,3
0.5233540534973145,1.0937772591908772,3
0.40819843610127765,1.206003208955129,3
0.5597550471623739,1.0691280364990234,3
1.142462001906501,0.9235392411549886,3
0.7964584032694498,0.8413885434468588,3
0.7525810268190173,1.0914884805679321,3
0.5932440492841933,1.1251104672749836,3
0.4319817887412177,0.5898472468058269,3
0.8117902517318726,0.9618722597757975,3
0.5738268931706746,1.077396551767985,3
0.8171826203664144,1.0919444561004639,3
0.7045287291208903,1.1361438433329265,3
0.6706646680831909,0.6264828046162922,3
0.6133086284001669,1.1503873666127522,3
0.8125147432088852,1.0396664142608643,4
0.765760017765893,0.8799723784128824,3
0.6397398359245724,0.574439525604248,4
0.701772756046719,1.2166465123494465,3
0.8353724499543508,0.8877295653025309,4
0.6358085870742798,0.8373663028081259,3
0.7241376373502942,0.8936454057693481,3
0.48648511038886183,0.9284498691558838,3
0.8746827907032437,0.8466463883717855,3
0.8448428445392185,1.1037931044896443,3
0.6819415754742092,1.1500526666641235,3
0.7490611937310959,0.7345931529998779,3
0.8260412348641291,0.7398804028828938,3
0.638063006930881,0.7991884549458822,4
0.7914946476618449,0.9872895876566569,3
0.5859118700027466,1.1885812878608704,3
0.6087013483047485,0.9232209126154581,3
0.7184511158201429,1.0943760474522908,3
0.6266365581088595,0.6477316220601399,3
0.4440598796915125,0.8390311797459921,3
0.47778749465942383,1.0088384946187336,3
0.8019847340053983,1.2139598727226257,3
0.8396796517901951,0.9472101529439291,3
0.9684049685796102,0.9554344018300375,3
0.7440251641803317,0.9148419300715128,3
0.8609731727176242,1.0909088452657063,3
0.5417346795399983,1.213155190149943,3
0.8175214264127942,1.0845333735148113,3
0.7197379006279839,0.7996602853139242,3
0.5291612148284912,0.8495801687240601,3
0.7677819066577487,1.1786943674087524,3
0.9128357330958048,0.9695806503295898,3
0.5453280210494995,0.9286418358484904,3
0.6305497619840833,1.0485175848007202,3
0.8779931995603775,1.0918610493342082,3
0.7038615809546576,1.087737242380778,3
0.723008950551351,0.869296153386434,3
0.8758934073978,0.9395594596862793,3
1.1270997325579326,0.9382688204447428,3
0.8563939200507269,1.1665908098220825,3
0.6811555173661974,1.07125989596049,3
0.9630002445644802,1.0719058513641357,3
0.6559437910715739,1.0766344865163167,3
0.7101380162768894,1.1468309164047241,3
0.8324897289276123,1.0148833592732747,3
0.5293957922193738,0.8798748254776001,3
0.9310420221752591,1.024255911509196,3
0.8109581708908081,1.0878450870513916,3
0.16739985677931044,0.4010296662648519,3
0.48359882831573486,0.7526253859202067,3
0.7846369213528104,1.2654406229654949,3
1.215520312388738,1.142833948135376,3
0.985175069835451,1.0734878381093342,3
0.788049062093099,1.0085838635762532,3
0.9687764710850186,1.05495023727417,3
0.7391831874847412,0.47473510106404626,3
0.5125092003080579,1.124238093694051,3
0.6865257342656453,0.8764019807179769,3
0.8098925881915623,1.1349625984827678,3
0.7773892614576553,1.2236098249753316,3
0.5921589136123657,0.6001928647359211,3
0.1058043506410387,0.22201999028523767,3
0.6513297955195109,0.8218305905659994,3
1.0074648790889318,1.0776310761769612,3
0.6559076574113634,1.1906242767969768,3
0.7642473445998298,0.9728988409042358,3
0.7865442832310995,0.9529409011205038,3
0.6770723395877415,0.9466482003529867,3
0.6616660488976372,1.0273781617482503,3
0.6727434264289008,1.2351954380671184,3
0.7280812793307834,1.074406901995341,3
0.6410459677378336,0.9274752140045166,3
1.0410475664668615,1.064345121383667,3
0.8669644792874655,0.7379087607065837,3
0.6135855118433634,0.9962282180786133,3
0.8386618428760104,0.938971757888794,3
0.8614967928992378,1.1949121753374736,3
0.6507337543699477,0.9276818037033081,3
0.8010793526967367,1.040602207183838,3
0.9284687836964926,1.0009429454803467,3
0.6563268105189005,1.1863623062769573,3
0.7291606664657593,0.8984854618708292,3
1.0434634553061592,0.9170240163803101,3
0.5986771980921427,1.1302577257156372,3
0.6218206723531087,1.1530942916870117,3
0.6460987197028266,1.0327084064483643,3
0.8730145030551487,0.5410377184549968,3
0.3300512631734212,0.42182747522989905,3
0.7270743979348077,1.1335020860036213,3
0.7963241736094157,1.0546883742014568,3
0.6919432083765665,0.9809791247049967,3
0.7074050704638163,1.0833954413731892,3
0.7961894273757935,1.1174842516581218,3
0.8706321318944296,0.9625145196914673,3
0.8025761776500279,1.0905827283859253,3
0.13184857368469238,0.26858059565226233,3
0.4403788248697917,0.8701364199320475,3
0.9233912295765346,1.017086346944173,3
0.6507007148530748,0.760670026143392,3
0.953251302242279,0.9452972809473673,3
0.6468058824539185,0.8281764189402262,3
0.7930482427279154,1.0588510433832805,3
0.7462820609410604,0.897568424542745,3
0.5484042432573107,1.1286449432373047,3
0.6355137825012207,0.8578720092773438,3
0.9537875652313232,0.906440258026123,3
0.7239941888385348,1.1635754108428955,3
0.6231687863667806,0.9145309925079346,3
0.6156407594680786,0.9964689413706461,3
0.7210496134228177,1.0193843841552734,3
0.9132920371161567,0.7915198008219401,3
0.6273135741551717,0.8406564791997274,3
0.8779322703679403,0.9570476214090983,3
0.2682731787363688,0.5089828173319499,3
0.2992215156555176,0.4164689381917318,3
0.7845940192540487,0.8209591706593832,3
0.9767599701881409,1.1280080874760945,3
0.6611115402645535,1.1033470630645752,3
0.9086145427491931,1.2035484910011292,3
0.6657482465108235,0.8846646149953207,3
0.6934313244289821,0.9101858536402384,3
0.8231914573245579,1.1417908668518066,3
0.9952267209688822,1.1601258913675945,3
0.5446122222476535,0.7433559099833171,3
0.7317624886830648,0.6905146439870198,3
0.9259834753142462,0.971583366394043,3
0.3560770829518636,0.9437177181243896,4
0.906606290075514,0.9980774720509847,3
0.8572461936208938,0.8693862358729044,3
0.624602927101983,1.238280455271403,3
0.669791645473904,0.6532611846923828,3
0.9978802866405911,0.8840734561284384,3
0.7373476558261447,1.0426472822825115,3
0.27735750675201415,0.8098527590433756,4
0.8606414132648044,0.7600720723470052,3
0.5648746954070197,1.1383366584777832,3
0.7682304117414686,0.8857115507125854,3
0.27491462230682373,0.8661120335261027,3
0.9567534724871317,0.9010330041249593,3
0.7712082200580174,0.8124208450317383,3
0.8959527015686035,1.0192852020263672,3
0.6898004081514147,0.9548223813374838,3
0.9038521117634244,0.6102640628814697,3
0.54062373108334,0.8765472173690796,3
0.6169837713241577,0.9980429808298746,3
0.722104032834371,0.9080135027567545,3
0.9519461194674174,1.0520307223002117,3
0.6731185714403788,0.9002995491027832,3
0.823214226298862,0.9693165222803751,3
0.4809533092710707,0.6019199689229329,3
0.31547810678128846,0.9271782239278158,3
0.9715295235315958,0.7011904716491699,3
0.7789793809254965,1.1186742782592773,3
0.469862347178989,0.5361198584238689,4
0.7038842042287191,1.1212742328643799,3
0.48989765644073485,0.851484457651774,3
0.2281108061472575,0.6534031232198079,3
1.0296290583080714,0.9899689356486002,3
0.8119157618946499,0.8967992067337036,3
0.7326256169213189,0.9874749183654785,3
0.8087352911631266,1.1080745855967205,3
0.9023789366086324,1.0358034372329712,3
0.39750868479410806,0.6295324166615803,3
0.9476006031036377,0.9538601239522299,3
0.6535255246692233,1.1282164255777996,3
0.6631995307074653,0.8445112307866415,3
0.7203372319539388,1.1382987101872761,3
0.7592332892947726,1.0948295593261719,3
0.7267511818144058,0.9563229084014893,3
0.7027948564953275,0.7147073745727539,3
0.7827672675423238,1.0651826063791912,4
0.9112374252743191,1.1264388958613079,3
0.9697777363989087,1.228145678838094,3
0.9081704219182333,0.8902012904485067,3
0.7080268992318047,0.8027416865030924,3
0.7918385134802924,1.2197423775990803,3
1.070279469092687,0.7443064848581951,3
0.5099499093161689,1.0023598670959473,3
0.7133262634277343,0.7097285588582356,3
0.6234710746341281,1.2091546058654785,3
0.5813386307822334,1.096434513727824,3
0.49336401621500653,0.5265914599100749,3
0.6314049826727973,1.0233291784922283,3
0.8114334411091274,1.1897494792938232,3
0.8956693890548888,0.8536682923634847,4
0.710990137524075,0.8882683515548706,3
0.10603658358256023,0.49135875701904297,3
0.7112573120329114,0.9813879330952963,3
0.6927248504426743,1.025146762530009,3
0.6541072792477077,1.0660614172617595,3
0.5905585156546699,0.8105990091959635,3
0.8008017937342325,1.047676682472229,3
0.9613489707310995,0.8162742455800375,3
0.52058584690094,0.959415594736735,3
1.0809348358048332,1.025855541229248,3
0.6874889863861933,0.9322547912597656,3
0.94299844900767,0.9980130990346273,3
0.813493980301751,1.0728474855422974,3
0.588137772348192,0.966492772102356,3
0.6984694533877902,0.5224722226460774,3
0.23433714707692466,0.7623468240102133,3
0.7043993804189893,1.0119705200195312,3
0.8827985326449076,1.1237513621648152,3
0.7007972002029419,0.9208910465240479,3
0.8347212473551432,0.8269572257995605,3
0.39888995223575163,0.4780301253000895,3
0.7773364384969076,1.096923033396403,3
0.7635663482877942,1.1378837426503499,3
0.6921259880065919,0.8726351261138916,3
0.4650123119354248,1.0739235480626423,3
0.9882578651110331,0.955412228902181,3
0.7754334741168553,1.0196284453074138,3
0.6733828650580512,0.8769466479619344,3
0.9461117916636997,0.9554336071014404,3
0.06970005565219455,0.28464317321777344,3
0.6384261714087592,1.0069598356882732,3
0.8369937870237562,1.084115703900655,3
1.0281754467222426,0.8569497664769491,3
0.39645642704433864,0.9024068117141724,3
0.9473231898413763,1.061933437983195,3
0.8437723577022552,1.1195606191953023,4
0.9185167948404948,1.1745934685071309,3
0.8244709968566895,0.8915268580118815,3
0.9196629524230957,0.9584322770436605,3
0.6361978848775228,0.6990303993225098,3
1.0138384368684557,1.0249543984731038,3
0.15747792190975615,0.31081151962280273,3
0.7107925679948596,0.8173805872599283,3
0.9481511195500691,0.7030174732208252,3
0.974500815073649,0.9905625979105631,3
1.204012347592248,0.9122070471445719,3
0.6373704671859741,0.8382006883621216,3
1.061931073665619,0.9231374263763428,5
0.7420356671015421,1.061821699142456,3
0.6318852172957526,1.1265801588694255,3
0.8141928381390041,0.9170608520507812,3
0.8116069104936386,0.934073289235433,3
0.8527419765790304,1.0292388995488484,3
0.7846556239657931,1.1333945592244465,3
0.7557852003309461,0.9889229933420817,3
0.6021864944034153,1.2606664101282756,3
0.8926979700724283,0.9066306352615356,3
1.0544823209444683,0.9335677623748779,3
0.4342792828877767,0.5742568969726562,3
1.0006477567884657,1.040343205134074,3
0.5529495345221626,1.2266133824984233,3
0.756814373864068,1.0330989360809326,3
0.1314134200414022,0.20393610000610352,3
0.7082480655776129,0.9612287282943726,3
0.5090578397115072,1.0940272808074951,3
0.693208352724711,0.7314963340759277,3
0.9216888480716282,0.9481600125630697,3
0.7544889450073242,1.1914214690526326,3
0.6837753322389392,0.8739950656890869,3
0.8931206464767456,1.261513392130534,3
0.578182061513265,0.9403091271718343,3
0.8869478702545166,1.070212999979655,3
0.86133963531918,0.9439752896626791,3
0.8297928174336752,0.9523244698842367,3
0.9427562819586859,0.9586657683054606,3
0.7694461080763074,1.2148221333821614,3
0.07245906988779705,0.780559778213501,3
0.6543456435203552,0.5917163689931233,4
0.8878159655465021,0.9408053557078043,3
0.7799853616290622,0.9719533920288086,3
0.7749609284930759,0.8726740678151449,3
0.8736421465873718,1.0791856447855632,3
0.7210365401373969,0.9401835997899374,3
0.6170135471555921,0.9787949721018473,3
0.6015472412109375,1.2713184754053752,3
0.6089993450376722,1.1356420914332073,3
0.8843049009641012,1.0948720375696819,4
0.6922316153844198,0.9313482840855917,3
0.6490467654334174,0.5379758675893147,3
0.6470202207565308,0.843069831530253,3
0.789398127131992,0.9303510189056396,3
0.7864611546198527,1.0097290674845378,3
0.8743130498462253,0.9567939043045044,3
0.5045951339933606,0.7429617245992024,3
0.5384116702609593,1.0511244932810466,3
0.8026048607296414,0.8317902882893881,3
0.7589214642842611,1.0363529523213704,3
0.8308820260895623,0.9556812445322672,3
0.756849037276374,0.9809395869572958,3
0.7446156475279068,1.2038507064183552,3
0.5600312749544779,0.6228416760762532,3
0.7304800748825073,1.214173952738444,3
0.8187447011470794,0.7083156903584797,4
0.5768673552407159,0.802431583404541,3
0.9906660119692484,1.0854154427846272,3
0.9948643445968628,1.171146829922994,3
0.537233763270908,1.1936015288035076,3
0.9517629808849758,0.658563216527303,3
0.9056314494874741,0.9863024552663168,3
1.0118812719980876,1.0548814137776692,3
0.737045407295227,0.9245907465616862,3
0.842138025495741,1.0291798909505208,3
0.7651088237762451,0.9410733779271444,3
0.8337952693303426,0.6025675137837727,3
0.7409035762151083,0.9920175075531006,3
0.11385472615559895,0.7455046971638997,3
0.9272635711563959,0.8961463769276937,3
0.9259202943907843,0.9877008597056071,3
0.9249582489331564,0.9292442003885905,3
0.6621951818466186,1.1290644804636638,3
0.7827751371595594,0.9238976637522379,3
0.8020793994267782,0.9245875676472982,3
0.7630441718631321,0.7907931009928385,3
0.8008372121387057,0.9891939163208008,3
0.6709074709150525,0.9780314763387045,3
0.7233725256390042,1.0295600096384685,3
0.9579853879080878,0.9860440095265707,3
0.6521301666895548,1.0611764987309773,3
0.5252083937327067,0.9205973545710245,3
0.759588619073232,0.876961867014567,3
0.11403377056121826,0.6419022878011067,3
0.8995459145969815,0.9697183767954508,3
0.687617282072703,1.0793721278508503,3
0.8248809046215481,0.6412477493286133,3
0.428483247756958,0.732475757598877,3
0.5803570482465956,1.0983737309773762,3
0.9192464815245733,1.0281492869059246,3
0.8379774623446994,0.6681051254272461,3
0.5799338950051202,0.9913555781046549,3
0.580738835864597,0.9948611259460449,3
0.5143607060114542,1.016965349515279,3
0.7491845952139959,1.09273362159729,3
0.5000783072577583,1.163169304529826,3
0.4473002354303996,0.9308530489603678,3
0.23327887058258057,0.31518777211507165,3
1.0184024771054585,0.987514853477478,3
0.54356316725413,1.1600619951883953,3
0.9937338365448847,1.0478793780008953,3
0.5939764976501465,0.9607344071070353,3
0.5016720030042859,0.8500939210255941,3
0.6545130809148153,0.7453311284383137,3
0.6087028582890829,1.0349117517471313,3
0.568789389398363,1.0396684805552165,3
0.2170289595921834,0.7521278063456217,3
0.68799979156918,0.9580028851826986,3
0.6962490346696643,1.152728001276652,3
0.7004269361495972,0.776308536529541,3
0.4215005901124742,0.8936876455942789,3
0.822393905321757,0.7653408527374268,5
0.6785942845874363,1.1442500750223796,3
0.5642364554935031,1.1299487749735515,3
0.7333887060483296,0.8989139397939047,4
0.7072175939877828,0.9604275226593018,3
0.5454345014360217,1.0142521063486736,3
0.7274833255343968,0.8142157395680746,3
0.9023171398374769,1.0543400446573894,3
0.4613194465637207,0.7519404093424479,3
0.47088197867075604,1.282559911410014,3
0.6913853618833753,1.1335221131642659,3
0.5028848515616523,0.6833905378977458,3
0.6436691681543986,1.1102906068166096,3
0.7175494432449341,0.99601149559021,3
0.8447390860981411,0.6686887741088867,3
0.9462560150358411,0.7080582777659099,3
0.7931805451711019,1.1857853730519612,3
0.857242739200592,1.1302286386489868,4
0.5488240983751086,0.7283086776733398,3
0.5826084746254815,1.0408502022425334,3
0.8935432990392048,1.0941648880640666,3
0.7228191614151,0.983807643254598,4
0.9515383839607239,1.0907580455144246,3
0.5765879286660088,0.82745361328125,3
0.8200203710132175,1.0998870929082234,3
0.45301659901936847,0.958717147509257,3
0.7769554124938116,1.1953495343526204,3
0.7464689016342163,0.9801508585611979,3
0.7380873878796895,0.8322393099466959,3
0.564117087258233,1.2926308910051982,3
0.6859838035371569,1.1160964965820312,3
0.7758199241426255,0.7932668526967367,3
0.7559992339875964,0.9976915915807089,3
0.520795981089274,0.974378744761149,3
1.0340641538302104,1.161831021308899,3
0.609201709429423,1.2229518095652263,3
0.7091192139519586,0.6484007835388184,3
0.8165265984005398,1.2079054911931355,3
0.12466630935668947,0.22097031275431311,3
0.4235145648320516,0.6805884043375652,3
0.43849474589029946,1.2281680703163147,3
0.7601974407831827,1.096230427424113,3
0.8196874194675021,1.1446154117584229,3
0.6305112838745117,1.1322446664174397,3
0.8405757109324137,0.6719096501668294,3
0.9787781238555908,0.9422938028971354,3
0.8382406367195977,0.7248997688293457,3
0.9473749531639948,1.062712828318278,3
0.7555576761563619,1.169398347536723,3
0.8564676973554824,0.9756482839584351,3
0.8514029383659363,0.8721230030059814,3
0.3544240911801656,0.618731180826823,4
0.7023147145907084,0.8328824838002523,3
0.6850295397970413,0.9649771451950073,3
0.7350109219551086,0.9543407758076986,3
0.8244991964764066,0.9565478165944418,3
0.9190113213327195,0.945982019106547,3
0.5964739720026652,1.1566112438837688,3
0.5067602793375651,1.1085628271102905,3
0.5857418113284641,0.5095483462015789,3
0.8380615446302627,0.9630874395370483,3
0.5507265461815728,0.9954407215118408,3
0.5187698602676392,0.4124952952067057,3
0.44535083770751954,0.7562597990036011,4
0.6421158909797668,0.9925440152486166,3
0.5089568297068278,0.8237101236979166,3
0.6689484914143881,1.2079179286956787,3
0.880616890059577,1.0634547074635823,3
0.6447906096776327,0.7113746007283528,3
0.8807864697774251,1.0607086181640626,5
0.9700632095336914,1.0586782296498616,3
0.5229271915223863,0.8309696515401205,3
0.7229277160432604,0.8158769607543945,3
0.9334888524479337,0.9773924350738525,3
0.831951916217804,1.2246875961621602,3
0.5402049488491483,1.0819461345672607,3
0.8581412235895792,0.7525576750437418,3
0.84342141283883,1.0984708070755005,3
0.6529638767242432,0.6695326964060466,3
0.8646362026532491,1.042222023010254,3
0.39947839379310607,0.8024289608001709,4
0.8000573714574178,0.9191996653874716,3
0.3097563584645589,0.5263848304748535,3
0.8057459923956128,0.670810063680013,3
0.6646448771158854,1.0259074370066326,3
0.7648524310853745,0.8969486157099406,3
0.6137558619181315,1.053059975306193,3
1.2042061620288427,1.00637682278951,3
0.997593879699707,1.2460348804791768,3
0.975260509385003,0.7730561892191569,3
0.3709108829498291,1.0880611737569172,3
0.8532518678241306,1.0510329405466716,3
0.4413917064666748,0.7483282089233398,3
0.873214496506585,1.013288418451945,3
0.9729568892055088,1.067280689875285,3
0.8047864437103271,0.5993717511494954,3
0.9087547063827515,1.0021898746490479,3
0.7962323427200317,1.1557265122731526,3
0.6077977816263834,1.2440290649731953,3
0.7777638766500684,0.7218054135640461,3
0.3666848076714409,0.8942094643910726,3
0.9255363941192627,1.0086183945337932,3
0.8714070717493693,0.7928042411804199,3
0.5758717060089111,1.1457802454630535,3
0.8873144918017917,0.8833902676900228,3
0.9373289247353872,1.203396479288737,3
0.6805386940638224,1.0313962300618489,3
0.5369658768177032,0.713546593983968,4
0.771795286072625,1.1905630826950073,3
0.3255505005518595,0.6307299931844075,3
0.7912807332144843,1.1084144910176594,3
0.8915153079562718,0.9289985497792562,3
0.8412554793887669,0.9829769929250082,3
0.6487597889370388,1.1792965332667034,3
0.7914047572347854,1.0346430937449138,3
0.7150681681103176,1.3163419961929321,3
0.7515734169218274,1.0404051939646404,3
0.589807939529419,0.7611597379048666,3
1.0988343159357707,0.7770076592763265,3
0.8829574376344681,1.072881281375885,4
0.6875191926956177,1.0513475338617961,3
0.7799114916059705,1.097293535868327,3
0.6333077748616537,0.6982181866963704,3
0.5505683422088623,0.9260227282842001,3
0.6930248737335205,0.9075519243876139,3
0.6387272675832113,1.0459041595458984,3
0.6049939393997192,1.0070419311523438,3
0.8483848306867813,0.9254816373189291,3
0.771112130747901,1.2104305426279705,3
0.7141533692677816,1.0114901065826416,3
0.908987840016683,0.7074342568715413,3
1.053465485572815,0.8656907876332601,3
0.9090800881385803,0.7555627028147379,3
0.7576038837432861,1.1570436159769695,3
0.9413224690490299,1.0751197338104248,3
0.7287698917918736,0.8947423696517944,3
0.7045212984085083,0.6151100794474285,3
0.9163401789135404,0.9822815259297689,3
0.4082328743404812,0.3968994617462158,3
0.7660795648892721,1.076378583908081,3
0.36723486582438153,0.5850696563720703,3
0.9098256627718607,0.936308741569519,3
0.5632278389400905,0.8516920804977417,3
0.6753423942459955,0.8731964429219564,3
0.763310538397895,1.1023447513580322,3
0.7696208887630039,1.0222965081532795,3
0.6991367472542657,0.7460805575052898,3
0.7417603068881565,1.013844609260559,3
0.7053438027699789,0.9391878445943197,3
0.5971799294153849,1.2172594269116719,3
1.1551423172156017,1.0126362641652424,3
0.0895421028137207,0.7611472606658936,3
0.8566551407178243,0.8670899868011475,3
0.7778809348742166,1.1414227883021038,4
0.6208606561024984,0.9552115201950073,3
0.7582472364107767,1.0828166802724202,3
0.92845528655582,1.0835780302683513,3
0.9195413523250157,1.1106106837590535,3
0.564567764600118,0.8775937557220459,3
0.8052927917904323,1.042284647623698,3
0.6859476433859931,0.747321367263794,3
0.9096853852272034,0.7104028065999348,3
0.7675118711259631,0.8522329727808634,3
0.6908570263120862,0.7812126477559408,3
0.7839435140291849,1.249219258626302,3
0.8168073230319554,0.7338003317515056,3
0.870885623825921,1.237493892510732,3
0.755397743648953,1.020378589630127,3
0.8184871342447068,1.1818650563557942,3
0.8872600264019436,1.033241907755534,3
0.6298194461398654,0.9060434500376383,3
0.8538165092468262,1.1496729850769043,3
1.0741289854049683,0.8854889869689941,3
0.7949404186672635,0.7388582229614258,3
0.6477533313963149,1.0846015612284343,3
0.7648714118533665,0.7116514841715496,3
0.9575613737106323,1.088422139485677,3
0.6788447168138293,0.9995336135228475,3
0.7645631506329491,1.081268072128296,3
0.2705965677897135,0.7560781637827555,3
0.7043533192740545,0.9093519051869711,3
0.796724213494195,1.0941282908121746,3
0.7498684061898127,1.0139967600504558,3
0.5565598664460358,1.2059931755065918,3
0.8954688906669617,1.0876729885737102,3
0.8331089152230158,1.1179529825846355,3
0.7401597261428833,0.8996440172195435,3
0.6045875549316406,1.1197635332743328,3
0.6100445588429769,1.0997473001480103,3
0.8330337074067856,1.0752485593159993,3
0.791024923324585,0.9233933289845785,3
0.6146678659651014,1.1133764187494914,3
0.6859486103057861,1.0739892323811848,3
0.8430894215901693,0.858680009841919,3
0.7280769348144531,0.7975253264109293,3
0.4817618264092339,0.9478469689687093,3
0.6581052541732788,1.1969430049260457,3
0.9424445231755575,0.9717996915181478,3
0.9443133407168919,0.939572254816691,3
0.890307346979777,1.0512768427530925,3
0.8315401474634806,1.040252923965454,3
0.5699965291553073,0.8117647171020508,3
1.0281487968232896,0.9694475332895914,3
0.9241175717777675,1.0179948806762695,3
0.8245342704984876,0.7812987963358561,3
0.6199085844887627,1.0139628251393635,3
0.7889761527379354,0.8506147861480713,3
0.5854896240764195,0.733096440633138,3
0.7104182375801934,0.9742894570032755,3
0.95518825451533,0.9793490568796793,3
0.5864618375566271,0.8081615447998047,5
0.8377749919891357,1.1805583039919536,3
0.6822309361563788,0.9761233727137247,3
0.6014848285251193,1.1110143264134724,3
0.5522506501939562,0.9121977488199869,3
1.001660876803928,1.0134613513946533,3
0.3837435775332981,0.975207527478536,3
0.9499266876114739,1.099216103553772,3
0.7981743547651502,1.254659076531728,3
0.7007044553756714,0.6730046272277832,3
0.7788634697596232,1.0250714619954426,3
0.5273423062430488,1.001713236172994,3
0.7819323672188654,0.8902920087178549,3
0.7457015050782099,1.0453351338704426,3
0.7170168028937446,0.9245312213897705,3
0.8492593036757575,1.1066488822301228,3
0.7030073801676432,0.5654176076253254,3
0.9639252358012729,1.1061019102732341,3
0.5902857250637478,1.1015950043996174,3
0.8726685007413229,0.9431572755177816,4
0.9243603613641528,0.7296624183654785,3
0.6563481224907769,1.0908664464950562,3
0.38810706315217197,0.5584515730539958,3
0.60996056927575,0.63802965482076,3
0.7275175121095446,1.058525840441386,3
0.8798605534765455,0.963505744934082,3
0.5863756471210055,1.0719842116038005,3
0.5337355534235636,1.1022059520085652,3
0.7464182376861572,1.1557300885518391,3
0.8995908498764038,1.1435356537501018,3
0.23045930862426758,0.6374363899230957,3
0.846364418665568,1.007804234822591,3
1.079980989297231,1.1006206671396892,3
0.7979933155907525,0.7551660537719727,3
0.7247815794414945,1.0183893044789631,3
0.7773795790142484,0.6069525082906086,3
0.7778179777993096,1.0365191300710042,3
0.6129976444774204,0.5856456756591797,3
0.6634567313724093,1.0640618006388347,3
1.0671396719084845,0.9568337599436442,3
0.8540574312210083,0.8915130694707235,3
0.9548250569237603,1.1087559064229329,3
0.8912253512276543,1.0968581040700276,3
0.8629845380783081,1.1245099306106567,3
1.1711854603555467,1.0318844715754192,3
0.4922578599717882,1.2219356695810955,3
0.7374097638660007,1.1158885955810547,3
0.7136193381415473,0.922353188196818,3
0.6629573663075765,0.674733320871989,3
0.7976063357459173,0.9288334846496582,3
0.910075843334198,0.8945953845977783,3
0.9103009707397884,0.8354545434316,4
0.8377563035046612,0.970354954401652,3
1.111000378926595,0.9785900910695394,3
0.8604704406526354,1.1066499948501587,3
0.6843592137098312,1.0631202459335327,4
0.6428557148686161,1.2942561904589336,3
0.7828409274419149,1.0509085655212402,3
0.7514792283376058,1.0976094007492065,3
1.1540581915113661,0.8897584279378256,3
0.8878122170766195,0.931328296661377,3
0.8429317341910467,1.0151724815368652,3
0.7827115787400141,1.0687039693196614,3
0.7107591364118787,0.8979905446370443,3
0.804073519176907,1.113055149714152,3
0.5483073552449544,0.6040606498718262,3
0.9572383165359497,0.884526252746582,3
0.5182618697484335,1.1155741214752197,3
0.616201466984219,1.1835323572158813,3
0.7989045778910319,0.8784995079040527,3
0.9426882863044739,1.0252013206481934,3
0.6619483232498169,0.8951394160588583,3
0.4985920190811157,1.03011155128479,3
0.7785258293151855,0.8047663370768229,3
0.6433743105994331,1.1945353746414185,3
0.723659873008728,0.9933212598164877,3
0.966358827220069,1.1530497074127197,3
0.11481222841474743,0.27976179122924805,3
0.7080555227067736,1.152160406112671,3
0.6663730276955498,1.1941168904304504,3
0.8987691799799601,1.2421930233637493,3
0.7430150926113128,1.0625050862630208,4
0.734643234146966,1.0724736054738362,3
0.6771328979068332,1.1187371015548706,3
0.1283313963148329,0.2817091941833496,3
0.6725802289115058,1.2081286509831746,3
0.6585158374574449,0.9917733669281006,3
0.6363705873489379,1.0501031080881755,3
0.8675513135062324,1.0424888531366985,3
0.6136179765065511,1.1845178206761677,3
0.7527986764907837,0.8658552567164103,3
1.0171571175257366,0.9013763268788656,3
0.742666270997789,0.9666344324747721,3
0.7004313733842639,0.8808693091074625,3
0.45947078863779706,1.0549290974934895,3
0.6110323905944824,1.131767749786377,3
0.621945771906111,1.1291548013687134,3
0.7528364658355713,0.9196408987045288,3
0.9624593257904053,1.0184063116709392,3
0.8781046205096774,1.0231901009877522,3
0.7670738432142469,0.8852594693501791,3
0.8982171747419571,1.0877618789672852,3
0.6850974692238702,1.108314832051595,3
0.09506755669911704,0.9571343660354614,3
0.7724464072121514,0.9244563579559326,3
0.6001479890611437,0.5449779828389485,3
0.9245317180951437,0.8353642622629801,3
0.8702439930703904,0.7482794125874836,3
0.21460754871368407,0.7208813826243083,3
0.8038128879335192,1.2016804814338684,3
0.6079404354095459,1.0090733369191487,3
0.7506772677103678,1.004701296488444,3
0.5470369524425931,1.2264772454897563,3
0.7352045112186009,1.0147111018498738,3
0.6112067831887139,1.057979663213094,3
0.7645878129535251,1.0746433734893799,3
0.8231906758414375,1.135351578394572,3
0.5965187814500598,1.1660985549290974,3
0.9162900182935928,1.0175615151723225,3
0.5471085707346598,1.1396319071451824,3
0.8168634176254272,0.7917723655700684,3
0.6505254242155287,1.177402416865031,3
0.7785282135009766,1.0828041632970173,3
0.6623305877049764,0.6780041853586833,3
0.711701512336731,0.9786025285720825,3
0.7488995591799418,0.9266905784606934,3
0.5869831509060329,1.0313871304194133,3
0.36649513244628906,0.5412152608235676,3
0.590893030166626,0.9731419881184896,3
1.133940157246968,0.9525684515635172,3
0.7520535654491849,0.48956267038981116,3
0.7974458734194437,0.9027315378189087,3
0.7712160481346978,1.1799983183542888,3
0.5904582076602511,1.1966920495033264,3
0.3026476701100667,0.6077086130777996,3
0.9779525578022004,1.058387855688731,4
0.738530483510759,1.0345511436462402,3
0.5240235858493382,1.0254865487416585,3
0.9219502078162299,1.0427916844685872,3
0.6899976465437149,0.8552507559458414,3
0.7179627206590441,1.1583143870035808,3
0.35127437114715576,0.7437684535980225,3
0.758007354206509,1.1215386788050334,3
0.7722028030289544,0.6483523050944011,3
0.9404251972834269,1.0344669024149578,3
0.6563176314036051,0.9720238049825033,3
1.0193665822347004,1.1987712581952412,3
0.3518147865931193,0.8195811112721761,3
0.7840021451314291,0.9302382469177246,3
0.5790994962056478,0.8882460594177246,3
1.2392974297205608,0.97698974609375,3
0.23347805341084796,0.6058460871378581,3
0.6226050933202107,0.8622047901153564,3
0.7545638216866387,0.9480374256769816,3
0.5843607584635416,0.8201399644215902,3
0.5084747261471219,0.38925584157307946,3
0.7908607986238266,0.9715768496195475,3
0.7280410793092517,0.9665999809900919,3
0.709557056427002,0.6443529923756917,3
0.19995422363281248,0.5223550796508789,3
0.7077176769574484,0.9406582911809286,3
0.9347953796386719,0.7621645927429199,3
0.6817021899753146,0.8616355657577515,3
0.8007731172773572,1.1303444306055705,3
0.9482561866442363,1.03803817431132,3
0.9661253028445774,1.112670103708903,3
0.7292970551384821,0.9908546209335327,3
1.002916196982066,1.0478846232096355,3
0.8220768107308282,0.8637218077977499,3
0.6808756987253824,0.8942956924438477,3
0.7087706857257419,0.911978006362915,3
0.7313000758488973,1.1366536617279053,3
0.7458061774571737,0.9796433846155802,3
0.7989809778001574,1.0472498337427776,3
0.5856792856145788,0.6260029474894206,3
0.7619175248675877,0.9516011079152426,3
0.7445262538062202,1.0187104940414429,3
0.6084757381015353,1.1698079307874043,3
0.7267070213953654,0.7668911616007487,3
0.6640023787816366,1.1450573603312175,3
0.7869528002209133,1.1226337750752766,3
0.7601554791132609,1.1086516777674358,3
0.6152190102471246,1.0955113569895427,3
0.717213855849372,0.9332195123036703,3
0.6900187863243952,1.0398377974828084,3
0.6027753485573663,0.5740307966868083,3
0.8202002048492432,0.9979248046875,3
0.7240238984425863,1.0228602091471355,3
0.7822000583012899,1.0814848740895588,3
0.770520826180776,0.8867583274841309,3
0.725683159298367,0.7555514971415201,3
0.734361277686225,1.0458461443583171,3
0.3994291888342964,1.0406277974446614,3
0.7498114241494074,1.056900421778361,3
0.6129700475268893,0.7824546496073405,3
0.8321890963448418,0.8465074698130289,3
0.8601247866948446,0.9720537662506104,3
0.8120864815182156,0.9150381088256836,4
0.8853790097766452,1.1342480580012004,3
0.7060745159784952,1.026505430539449,3
0.5762389567163255,1.1700003544489543,3
0.7979684935675727,1.2932589650154114,3
0.5961758693059286,0.6888089974721272,3
0.8113735185729133,1.1882444620132446,3
0.7035230663087632,1.0104594230651855,3
0.8987279865476819,1.0089886983235676,3
0.5889631377326118,1.1838743487993877,3
0.8430665002928839,0.9405487775802612,3
0.9477845364146763,0.9502777258555094,3
0.9030807018280029,0.8467715183893839,3
0.620844841003418,1.234054704507192,3
0.9998447762595282,0.9992239077885946,3
0.5748366779751247,1.0608885288238525,3
0.774290707376268,0.8647361199061075,3
1.042055646578471,0.9599965810775757,3
0.7405074834823608,1.045728286107381,3
0.6823180516560873,0.7926022211710612,3
0.7938064336776733,1.1582170724868774,3
0.5744401084052192,0.9465194145838419,3
0.7260256740781997,1.244734565416972,3
0.8477937380472819,1.055875539779663,3
0.8123986588584051,1.0779835383097331,3
0.7265515062544082,1.0928738514582317,3
0.08445552190144856,1.0176645119984944,3
0.6119237740834554,1.2007789611816406,3
0.6505082905292511,1.063840885957082,4
0.7231464915805392,0.808215061823527,3
0.8474915822347006,0.9252216815948486,3
0.6403753227657742,1.0165500243504841,3
0.11477616098192005,0.3140505154927572,3
0.8346548544036018,0.9666172663370768,3
0.9822361906369528,0.9465452829996744,3
0.2429434617360433,0.4290504455566406,3
0.8283813926908706,0.9712277253468832,3
1.0356523593266804,1.152451793352763,3
0.3301648298899333,0.7103374004364014,3
1.012244032488929,0.6254339218139648,3
0.734030114279853,1.1267059246699016,3
0.525825579961141,1.0284170309702556,3
0.7089047829310099,0.7654234568277994,3
0.8487415313720703,1.103751262029012,3
0.7838417887687683,0.9647630850474039,3
0.5085265437761942,0.31235408782958984,4
0.6919837527804905,1.1370322704315186,3
0.3465629816055298,0.5935516357421875,3
0.5843549172083536,0.7138323783874512,3
0.4132762352625529,1.2506457964579265,3
1.0929310851626926,1.0597798426946003,3
0.7577632798088921,1.0446678002675374,3
0.8604871034622192,1.192613919576009,3
0.7356860637664795,1.0237753788630168,3
0.7691667477289835,1.031412164370219,3
0.20257245169745552,0.39431468645731604,3
0.5779436031977335,1.1223026116689045,3
0.9324425458908081,1.108931303024292,3
0.7717236677805582,0.9627612034479777,3
0.6659899022844102,0.9703326225280762,3
0.7588344613711039,0.8888087272644043,3
0.738701065381368,0.8832441171010336,3
0.79571551419141,0.9150763750076294,3
0.7005984253353543,0.8292020161946615,3
0.5682383245891994,1.04556671778361,3
0.7721061044269137,0.9200136661529541,3
0.4414814313252767,0.994760274887085,3
0.5391873121261597,1.0208415190378826,3
0.8461225599050521,0.8771257003148397,4
0.6053138335545858,0.8764821688334147,3
0.7932769854863485,1.1134041945139568,3
0.9441202084223429,0.8299118677775065,3
0.8790960974163479,1.1931099494298298,3
0.6458197832107544,1.1835722128550212,3
0.4402948339780172,0.6116344134012859,4
0.5645279751883613,1.1955125729242961,3
0.7641378972265457,1.2320185502370198,3
0.6168579657872518,1.2221663395563762,3
0.49069862365722655,0.46880364418029785,3
0.7329165670606826,1.0059629678726196,3
0.823699262407091,0.8173487981160482,3
0.8863221406936646,0.6162058512369792,3
0.9773014320267572,1.1562394698460896,3
0.7909821934170193,1.0854847431182861,3
0.947057823340098,0.8756707906723022,3
0.5979291730456883,0.7082686424255371,3
0.7061095900005765,1.1602229277292888,3
0.4879790412055121,1.0045664707819622,3
0.6485070784886678,1.023770769437154,3
0.7073947985967001,0.742749532063802,3
0.8321962555249532,1.0242074728012085,3
0.7190211613972982,0.8111065228780111,3
0.7081125378608704,0.8602834145228068,3
0.37981846597459584,0.7712070147196451,3
0.7075711223814224,0.7108132044474285,3
0.8585930069287618,1.0905023018519084,3
0.643078472879198,1.2734308242797852,3
0.569131096204122,0.9745815594991049,3
0.614431748787562,0.9162071148554484,4
0.8061053355534872,1.006994644800822,3
0.7841336329778036,0.8378082513809204,3
0.8008728159798516,1.2345100045204163,3
0.8178324566947089,0.8546938896179199,3
0.708633091714647,0.7318450609842937,3
0.8250955740610758,0.9013880093892416,3
1.2131602830357022,0.961033821105957,3
0.8227517339918348,0.8270400365193685,3
0.851247853702969,0.9435045719146729,3
1.1068651411268446,0.9287469784418741,3
0.8550776110755073,1.0201758941014607,3
0.7818360990948147,0.8865378697713217,3
0.7980925043423971,0.7757816314697266,3
0.702168173260159,1.0254923105239868,3
0.3480270226796468,0.4722081820170084,4
1.2507469124264186,0.9687119325002035,3
0.6335708035363091,1.2076096932093303,3
0.6834707789950901,0.8036589622497559,3
0.4763452212015788,0.45618748664855957,3
0.8248034450742933,1.0648794968922932,3
0.6678367853164673,1.013265570004781,3
0.6542156537373861,1.0784490903218586,3
0.6009614997439915,0.885439395904541,3
0.5937934319178263,1.135003129641215,3
0.7704971234003702,0.9896734555562338,3
0.992498775323232,1.0892152786254883,3
0.7735674646165634,1.0948359966278076,3
0.6648758186234368,1.2615423997243245,3
0.9706404871410794,0.9463004271189371,3
0.6797429455651177,0.8471080462137858,3
1.0063549942440455,1.1914293766021729,3
0.7127035326427884,1.0999818245569866,3
0.31154584884643555,0.8204348882039388,3
0.529793898264567,1.0682066679000854,3
0.5481187105178833,0.742663065592448,3
0.8265565474828085,0.9616826375325521,4
0.3393344614240858,0.3143072923024496,3
0.20861736138661702,0.6708322366078694,4
0.884010308318668,0.48590358098347985,3
0.6496413813696967,0.5580726464589436,3
0.834892643822564,0.9491674900054932,3
0.9843946562872992,0.8943591117858887,3
0.08919315338134766,0.9323102633158366,3
0.9246240456899008,1.0865802764892578,3
0.4905793799294366,0.6632890701293945,3
0.840198834737142,1.0164974530537922,3
0.6644769509633383,1.0652402242024739,3
0.5264648728900485,0.8198704719543457,3
0.6111656692292956,0.6578936576843262,3
1.1362134748035007,0.8042174975077311,3
0.5818454821904501,0.7864747842152914,3
0.8980570567978754,1.2135340770085652,3
0.7830615441004435,1.0358710289001465,3
0.719745397567749,1.072938362757365,3
1.1588961482048035,0.9530951579411825,3
0.6402869621912638,0.7509950002034506,3
0.546876072883606,1.1072806119918823,3
0.3136913696924845,0.6581283410390217,3
0.5924189355638292,1.0425875186920166,3
0.9504679777004101,1.075824538866679,3
0.5396114587783813,1.0510882933934529,3
0.467690110206604,1.038726011912028,3
0.8198941614892749,1.0816104809443157,3
0.7847000360488892,0.9443291028340658,3
0.502153730392456,1.0901691913604736,3
0.7076260778639051,0.7564662297566732,3
0.5103211932712131,1.2687747081120808,3
0.6981592377026876,0.9767829179763794,3
0.6118884881337484,0.9940151770909628,3
0.3203693760765923,0.544596513112386,3
0.767531156539917,0.9596227010091146,3
0.650366293059455,1.1433838208516438,3
0.699848665131463,1.1820902228355408,3
0.882493774096171,0.9978607098261515,3
0.5792071024576823,0.5369804700215657,3
0.8976932300461663,0.9491329193115234,3
0.9775370359420776,1.105526606241862,3
0.7642212377654181,1.0358004570007324,3
0.6314323213365344,1.0876378218332927,3
0.83821788099077,1.0125242074330647,3
0.5221678548389012,1.1025364398956299,3
0.5104721652136909,0.9273738861083984,3
0.6851377487182617,0.8882725238800049,3
0.819082670741611,0.905898928642273,3
0.991401215394338,1.078241189320882,3
1.076023923026191,1.095396876335144,3
0.7486323383119372,1.0051405032475789,3
0.6966808305846319,1.2729289929072063,3
0.984992716047499,0.7077592213948567,3
0.7826886243290371,0.9794856707255045,3
0.9562302629152933,0.8052620887756348,3
0.7325090169906616,1.0212514400482178,3
0.5713921520445081,0.6486326853434246,3
0.5865926742553711,0.9630967775980631,3
0.19537349541982016,0.29759367307027185,3
0.2777729272842407,1.161283810933431,3
0.6851410071055094,1.1190903584162395,3
0.6829303900400797,1.1816567381223042,3
0.7555925713645086,1.248106837272644,3
0.7417422533035278,1.1445996761322021,3
0.7204535934660169,0.9972655375798544,3
0.8005701700846354,1.0988430976867676,3
1.046749969323476,0.8750765721003214,3
0.6328251361846924,1.0932459831237793,3
0.7569389740626017,0.9653299649556478,3
0.6802080929279327,0.9859867095947266,4
0.7440722253587512,1.1701907912890117,3
0.5324457022878859,0.6292463938395183,3
0.691570414437188,0.8362287282943726,3
1.071016013622284,0.8889846007029215,3
0.4998976469039917,0.6227810382843018,3
0.8616729577382406,1.041709582010905,3
0.6836078763008118,1.0133923689524333,3
0.9754629532496134,0.877928098042806,3
0.5302299393547906,0.8380176226298014,3
0.7940009170108372,1.1676888465881348,3
0.6862739324569702,0.8124174276987711,3
0.523586360613505,0.8390739758809408,3
0.6959328386518692,0.820964495340983,3
0.72545858224233,0.8659045696258545,3
0.5876528024673462,1.1527369419733684,3
0.6304528978135852,0.9022311369578043,3
0.8428136706352234,1.0697219371795654,3
0.6225979593065051,0.8127156098683676,3
0.5146847168604533,1.1435315608978271,3
0.9065641297234429,1.0786770582199097,3
0.6985745562447442,1.1456761360168457,3
0.6220930020014445,0.9387410084406534,3
0.6753424008687338,1.1531436045964558,3
0.751397755410936,1.1001890103022258,3
0.787851889928182,1.039829929669698,3
0.4338665008544922,0.5323644479115803,3
1.060749888420105,1.049587647120158,3
0.8017751899030474,0.9329830805460612,4
0.6258903543154398,1.0001316865285237,3
1.082031746705373,1.0984187126159668,3
0.6364965438842773,1.176227370897929,3
0.73203972975413,0.9611500104268392,3
1.0293092926343281,0.946345051129659,3
0.8273897568384806,0.8316226005554199,3
0.6549058887693617,1.0801982879638672,3
0.8061216274897257,0.8915751775105795,3
0.6139848894543118,0.8487554391225179,3
0.36829666296641034,0.824021577835083,3
1.182419863012102,0.8690725167592367,3
0.8573443624708387,0.9736150900522867,3
0.824896726343367,1.1243987480799358,3
0.7440580697286696,1.0519220034281414,4
0.7370370758904352,1.0659777323404949,3
0.494898001352946,0.854701558748881,3
0.5750486850738525,1.010485092798869,3
0.44072050518459743,0.5800806681315105,3
0.9696808391147189,1.1160712242126465,3
0.4911412795384725,1.1108953555425007,3
0.394686566458808,1.0714975992838542,3
0.6852834042575624,0.9936351776123047,4
0.6453997956381904,1.152541160583496,3
0.7859258651733398,0.8484866221745809,3
0.7933334443304275,0.890307346979777,3
0.5758050017886691,1.0841620763142903,3
0.8205122730467055,0.9272358894348145,5
0.8042107025782267,0.9846929709116617,3
0.9385806123415629,1.0167054335276287,3
0.7837317917082044,0.592992623647054,3
0.4641292095184326,1.2415820558865864,3
0.8833759360843235,1.164174477259318,3
0.8338247670067681,1.1959148248036702,3
0.531445688671536,1.0151188373565674,3
0.9414430922932095,1.0721664428710938,3
0.7391076750225491,0.8798393805821737,3
0.6358293692270914,1.0538084506988525,3
0.40984416007995605,1.259997804959615,3
0.6401878595352173,1.1973764896392822,3
0.6199889183044434,1.0805726448694866,3
0.7382098568810358,1.009098966916402,3
0.5901572704315186,0.6679888566335042,3
1.0073666241433885,0.9271387656529745,3
0.6954892079035441,0.8949118455251058,3
0.7813671429951986,0.987266739209493,3
0.8056579364670649,1.1417487859725952,3
0.2858833471934001,1.0859113534291585,3
0.7914088832007514,0.6040807565053303,3
0.8837286631266276,1.0817068417867024,3
1.189402202765147,1.1863611539204915,3
0.8753007650375366,1.2217157284418743,3
0.7478446761767069,1.052663246790568,3
0.86668481098281,0.9530312220255533,3
0.7840689420700073,0.839175303777059,3
0.7829809056388006,0.9062639872233073,3
0.743651270866394,0.7887999216715494,3
0.8613546225759717,1.0950800975163777,3
0.7288932800292969,0.7532138824462891,3
0.6894572443432279,1.0569514433542888,3
0.6287326547834609,1.1277546087900798,3
0.9544130623340606,0.8716906706492106,4
0.9353765249252319,1.1502699454625447,3
0.5491770426432292,1.0535267194112141,3
0.7472782267464532,1.0961454312006633,3
0.7704740630255805,0.8765031099319458,3
0.6702381902270846,0.8526662190755209,3
0.6718486017651029,1.0345290104548137,3
0.7418736616770426,0.7651887734731039,3
0.7461987932523092,1.11845866839091,4
0.8920031785964966,1.0352571805318196,3
0.7914318641026815,1.0677783489227295,3
1.0050609045558505,1.030737320582072,3
0.3225562969843547,0.8085110187530518,3
0.7785758707258436,0.805802583694458,3
0.6918065415488349,0.942609707514445,3
0.8573056790563794,1.1430850426355998,3
0.9003366364373102,1.0616920789082844,3
0.6164924568600125,1.024858872095744,3
0.8440250356992086,1.068094293276469,3
0.8646948205100166,0.9234925111134847,3
0.638808482223087,0.9277238845825195,3
0.26033945083618165,0.9149649937947592,3
0.6990086502499051,0.7536861101786295,3
0.5263931751251221,0.962365984916687,3
0.9685158067279392,1.125538428624471,3
0.8551119102372065,1.064242919286092,3
0.7525585691134135,1.1088953812917073,3
0.9113590386178759,0.662394920984904,3
0.7919489145278931,0.7929805914560953,3
1.1657217741012573,0.8583638668060303,3
0.6825501124064127,0.991123636563619,3
0.8216979768541125,1.1080338557561238,3
0.6916816102133857,1.0886549552281697,3
0.7404603295856051,1.2703146537144978,3
0.7113627460267807,0.9028263092041016,3
0.7740685211287603,0.9530424276987711,3
0.9092783994144863,1.2193953394889832,3
0.5569781329896715,1.2728946208953857,3
0.6405270099639893,0.7478994528452556,3
1.0853624608781602,0.9407403469085693,3
0.9480755064222547,1.2098737359046936,3
0.42199469937218564,0.6331124305725098,3
0.6682988802591959,0.8962547779083252,3
0.7952747344970703,1.1294079621632893,3
0.6959633297390408,1.069661299387614,3
1.0725849601957533,1.0325238704681396,3
0.5783522526423136,0.8463884194691976,3
0.6095249255498251,0.6807208855946858,3
0.9668949180179172,0.8970066706339518,3
0.5458048317167493,0.6715360482533772,3
0.8579864501953125,1.0981518824895222,3
0.7445013788011338,1.0684363047281902,3
0.6085155884424845,0.7711984316507975,3
0.877657413482666,1.234583040078481,3
0.6625571250915527,0.9680437246958414,3
0.9102263185713025,0.9518720706303915,3
0.7225859827465481,1.0116382837295532,3
0.42917484707302517,0.4577581087748209,3
0.6291886236932542,1.0455562273661296,3
0.8799246152242025,0.9401789506276449,3
0.13854646682739258,0.32757576306660974,3
0.6898877090877957,1.0655001799265544,3
0.7993157903353373,0.9892440636952718,3
0.4086482524871826,0.9133327802022299,3
0.7569281657536825,1.0204480489095051,3
0.22553063063394455,0.36301676432291663,4
0.7097681363423666,0.9878697395324707,3
0.5994607739978366,1.2296024163564045,3
0.6758631269137064,1.0132335027058919,3
0.8776880105336508,0.8692484696706136,3
0.21915810638003877,0.3969973723093668,3
0.8753194113572439,1.0759580930074055,3
0.6170119974348279,1.2966370582580566,3
0.6250860691070557,1.038421392440796,3
0.6619948943456014,1.0233052174250286,3
0.8541502687666153,0.9061413208643595,3
0.5703831116358439,1.1165762742360432,3
0.6437589724858602,0.6402912139892578,3
0.6913293997446696,0.8911757469177246,3
0.6170280509524875,1.0655638376871746,3
0.8823325766457453,0.9418534437815348,3
0.5956956545511881,1.1166125933329265,3
0.6613364219665527,1.1216273705164592,3
0.5920445256763034,0.843651294708252,3
0.8035223881403605,1.1551543871561687,3
0.7000067234039307,0.9743249416351318,3
0.7000576125250922,1.1969510714213054,3
0.7154121200243632,0.468966007232666,3
0.8605157865418328,0.9846824010213217,3
0.997466829087999,0.9172593752543131,3
0.5822836425569323,1.266213019688924,3
1.036719110276964,0.8492716948191324,3
0.644669426812066,1.0898969968159993,3
0.7947813206248813,0.9463493824005127,3
0.7779974142710367,0.9005733331044515,3
0.823199192682902,1.0246343612670898,3
0.7754345893859863,1.0617682337760925,4
0.9933028088675605,1.116974910100301,3
0.652950127919515,1.031429688135783,3
0.7238253090116714,0.995317260424296,3
0.8976426005363465,0.8749609788258871,4
0.5071543746524387,1.2555759350458782,3
0.8417868481742011,1.105852762858073,3
0.6756327019797431,0.8962697188059489,3
1.0342532926135595,1.034070571263631,3
0.6071408854590522,0.9837440649668375,3
0.8174792925516764,0.812472422917684,3
0.8040126164754232,1.1198442776997883,3
0.5324851936764188,1.178369402885437,3
0.41793616612752277,0.7041279474894206,3
0.7257738576995001,1.1206162770589192,3
0.1414763609568278,0.8985129594802856,3
0.9115097522735596,1.027941624323527,3
0.11388119061787923,0.5638281504313152,3
0.5425353844960531,1.142407218615214,3
1.0220613479614258,0.9728207985560099,3
0.9477220243877835,1.1216435432434082,3
0.931611590915256,1.0436651706695557,3
0.7337904373804728,0.8373952706654867,3
0.7543991472986008,1.0370842615763347,3
0.5118645429611206,1.0744756857554119,3
0.9871393905745611,0.934911330540975,3
0.4748838742574056,0.9930518468221029,3
0.5640944639841715,1.228999177614848,3
1.1071594754854839,0.922091007232666,3
0.9555686182445949,0.9739902019500732,3
0.6470942232343885,1.2645623683929443,3
0.834717180993822,0.9390830596288046,3
0.9312477509180704,1.018659194310506,3
0.38957852522532144,0.808548370997111,3
0.7409934997558594,1.0147077639897664,3
0.7202844487296209,0.797504742940267,3
0.7700177431106567,1.214746117591858,3
0.603450616200765,0.9459912379582723,3
0.49465685420566136,1.2097630699475606,3
0.794512841436598,1.0873759587605794,3
0.6455059581332737,0.8989686965942383,3
0.7173529134856329,1.2307337522506714,3
0.7629268103175694,1.0268038908640544,3
0.6722596486409506,0.9814209143320719,3
0.7854874663882786,1.1637461980183919,3
0.7925945785310534,0.8398351669311523,3
0.6590436895688375,1.0648001432418823,3
0.7073943078517914,0.9455210367838541,4
0.9297695027457343,1.025833527247111,3
1.0792131953769262,0.9440988302230835,3
0.6824931568569608,1.1985548734664917,3
0.7891580396228366,0.9652140140533447,3
0.13450690905253093,0.8048271338144938,3
0.6048850615819296,1.0350562731424968,3
0.6463998158772787,1.0823435386021931,3
1.0327156053649056,0.9131131172180176,3
0.967653022872077,0.7688926060994467,3
0.29314133326212566,0.5266603628794353,3
0.8896586855252583,0.8193378448486328,3
0.76929063267178,0.8087716897328695,3
0.6358539793226454,0.8358894189198812,3
0.6680430703692967,0.655772050221761,3
0.7568311956193713,1.0277249813079834,3
0.6052906248304578,1.2058228453000386,3
0.8083066874080234,0.8756876786549886,3
1.1061063077714708,1.1042379935582478,3
0.8470107714335123,0.9095609982808431,3
0.7467460499869452,1.0415718952814739,3
0.45846320523156064,0.5034230550130208,3
0.8450005981657239,0.9774410724639893,3
0.8134575552410549,1.057192325592041,3
0.6664871533711751,1.0132318337758381,3
0.5910465717315674,0.9344572226206461,3
0.6069867610931396,0.5357169310251872,3
0.6890239251984491,1.000464677810669,3
0.8441395892037286,1.2075663805007935,3
0.8079019056426153,0.8812137047449747,3
1.0274443626403809,1.1172494490941365,3
0.9414021637704638,0.9124310811360677,3
0.7685180372662015,1.209908366203308,3
0.6488206187884012,1.1790141661961873,3
0.6913862360848322,1.1443150440851848,3
0.7574879063500298,1.276103953520457,3
0.6159748236338297,0.8752452532450358,3
0.43483322991265194,0.5736672083536785,4
0.7854486836327448,1.1739730437596638,3
0.6800963878631592,1.2293253739674885,3
0.7256998353534275,0.9120595455169678,3
0.37601151466369626,0.9501275221506754,3
0.6188040097554525,0.9364291826883951,3
0.8094017028808594,0.8650507132212321,3
0.9789144330554539,1.1488968928654988,3
1.0744290749231975,1.1363927523295085,3
0.6978610224193997,1.1714691122372944,3
0.580254872639974,1.235215922196706,3
0.8173633019129435,1.0485119819641113,3
0.747622569402059,1.1217262744903564,3
0.7527848879496256,1.0177637736002605,3
0.6949137846628824,0.7872044245402018,3
0.5229248603185018,1.0385322570800781,3
0.8110844790935516,1.0572612682978313,4
0.8304962714513143,1.032701810201009,3
0.7091697719362046,0.9489032427469889,3
0.751395026842753,1.065941294034322,3
0.43545809057023793,0.7975977261861166,3
0.7220922443601819,0.7090139389038086,3
0.8511046548684438,0.9882760047912598,4
0.6420017878214518,1.21124271551768,3
0.9410587549209595,0.8184213638305664,3
0.696771177980635,0.8580174446105957,3
0.9978831344180636,1.060712178548177,3
0.7924329042434692,0.8872307141621908,3
0.6824744939804077,0.9720488786697388,3
0.857551826371087,1.1018870671590169,3
0.7526888185077243,1.0251880486806233,3
0.18164621988932292,1.144945780436198,3
0.6314957539240519,0.8534621000289917,3
1.0452957020865548,0.8889853159586588,3
0.8013820383283828,1.1204602718353271,3
0.6547857390509711,1.1552150249481201,3
0.8942968050638834,1.0325161616007488,3
0.9091143409411112,0.990195631980896,3
0.4981016715367635,1.1582541863123577,3
0.6677285565270319,1.2592904369036357,3
0.5022415320078532,1.214417576789856,3
0.7698913945092096,0.890191117922465,3
0.6028461853663126,0.9542094469070435,3
0.4726147121853299,1.2103890180587769,3
0.6215182012981839,1.1658223867416382,3
0.7563030852211846,0.7889130910237631,3
0.8833751529455185,1.0684829552968342,4
0.6800183521376715,1.117485245068868,3
0.38025853368971085,1.126858075459798,3
0.7178500625822278,1.078701655069987,3
0.9087668458620707,1.163226048151652,3
0.677467726998859,1.0310087998708088,3
0.534717149204678,0.5575939814249675,3
0.45702113045586484,0.8140746752421061,3
0.7975270483228895,1.1175307432810466,3
0.6231603622436523,0.9496953884760538,3
0.9563673867119683,1.029443621635437,3
0.7918052011066014,0.9959741830825806,3
0.7961394323243036,0.8815298080444336,3
0.6241232686572604,1.1310703754425049,3
0.6453444427914089,0.9762410322825114,3
0.7710072067048813,1.1211784680684407,3
0.7611428764131333,0.9792079925537109,3
0.8827133642302619,1.262675682703654,3
0.807365894317627,1.0264834960301716,3
0.9215436776479086,0.9126342932383219,3
0.7115748458438449,1.0088860193888347,3
0.6199318965276083,1.0880583922068279,3
1.0997436510192025,1.2277386983235676,3
0.4528642230563693,0.9552491505940756,3
0.5217107931772867,1.0673507452011108,3
0.5251841942469279,0.8413086732228597,3
0.9422299994362725,0.676561991373698,3
0.725222110748291,1.1456445455551147,3
0.6841196484035915,0.696198542912801,3
0.6010685761769613,1.1525392134984334,3
0.6287520858976575,1.1568830410639446,3
0.6077055335044861,0.9951725006103516,3
0.5711272954940796,0.8975213368733724,3
0.8040302462048001,1.1658847729365032,3
0.5595284303029379,0.9922475020090739,3
0.9092788497606913,0.8643242120742798,3
0.9421202805307175,1.185277243455251,3
0.7762641004153661,1.0467720826466878,4
0.6467550992965698,0.6975658734639485,3
0.8884490794605678,1.1140140692392986,3
0.7137214077843561,0.8437648216883341,3
0.5017454226811727,0.6995368798573811,3
0.8076508707470365,0.8122793833414713,3
0.5968293481402926,0.8948312203089396,3
0.7737698488765293,0.868074377377828,3
0.8558075891600714,0.6353136698404949,3
0.817829642030928,1.1578410069147747,3
0.5768314202626547,0.8873905738194784,3
0.8808973630269369,0.903275728225708,3
0.749628550476498,0.9327503045399984,3
0.8866246806250678,1.169481138388316,3
0.8321106831232706,1.1358426411946614,3
0.6548198726442125,0.9477152824401855,3
0.6641353501213921,1.2486773331960042,3
0.7569327354431152,1.0172653198242188,3
0.9032486110925675,0.8855193058649699,4
0.8307931423187256,0.890278140703837,3
0.787531316280365,1.1245862642923992,3
1.0126523574193318,1.0800825754801433,3
0.9065222077899509,0.9958576361338297,3
0.549510677655538,1.1015830437342327,3
0.7200593948364258,0.9673877557118734,3
0.9184709522459243,1.0830096403757732,3
0.6342238982518514,1.1722042163213093,3
0.6005755000644261,0.5402490297953289,3
0.7102381785710653,0.9015922943751017,3
0.8186566564771863,1.0000120004018147,3
0.7299112611346775,1.1573443412780762,3
0.6504022810194227,1.1856698791186016,3
0.7418457203441197,1.0557587146759033,3
0.7486169735590616,0.7105310757954915,3
0.9658429026603699,0.923517107963562,3
1.0305374330944483,0.8648358980814616,3
0.5979631212022569,0.8178057670593262,3
0.7503272957272,0.9639174938201904,3
0.5695790449778239,1.2123746673266094,3
0.8223765558666652,1.0227867762247722,3
0.7019466029273139,1.1444555123647053,3
1.0123906930287678,0.917972207069397,3
0.6324205928378634,1.1224652131398518,3
0.857897765106625,0.749340295791626,3
0.5778172413508097,0.7419769763946533,3
1.303494526280297,1.0039130051930745,3
1.0553565751181708,1.0743847489356995,5
0.9483786688910589,0.9872715473175049,3
0.8614177372720505,0.7556538581848145,3
0.8969040049446955,0.7882951895395914,3
0.6217785875002543,0.9811163345972697,3
0.893742303053538,1.148757775624593,3
0.05431950092315674,0.2064917882283529,3
0.9023873872227139,1.074089765548706,3
0.595095157623291,0.8307056427001953,3
1.0274195273717244,0.9866409699122111,3
0.7911635769738091,1.0442360242207844,3
0.6996374924977621,1.192148506641388,3
0.7309179306030273,0.9421834150950114,3
0.8267694314320883,0.9093569914499918,3
0.9397017094824051,1.0068459113438923,3
0.7375379933251276,0.5941075483957927,3
0.6583396991093954,1.2185954252878826,3
0.9258820613225301,0.7333156267801921,3
0.7117297516928778,1.0440954367319744,3
0.556344191233317,0.5574413140614827,3
0.5733787483639188,1.0873240232467651,3
0.5201656023661295,0.8254373073577881,3
0.5720485978656346,1.1191747983296711,3
0.7015798489252726,0.9013421535491943,3
0.7143298784891764,0.6914876302083333,3
0.7534057299296061,1.1029424667358398,3
0.78870556751887,1.0383814970652263,3
0.674448839823405,1.0324965318044026,3
0.8613849149809942,1.0137640635172527,3
0.850359171628952,0.931582530339559,4
0.7934465408325195,0.8772221803665161,3
0.8541479839218987,1.0503118832906086,3
0.7176576322979398,1.1309688091278076,3
0.525425566567315,0.5185760656992595,3
0.7749017344580756,0.8641276756922404,3
0.5631593704223633,0.916557788848877,3
0.7255257500542535,1.068331003189087,3
0.6191936466428968,1.163381814956665,3
0.7984141111373901,0.8806145191192627,3
0.4812176889843411,0.9953997929890951,3
0.39010190963745117,0.7087756792704265,3
0.6823987166086832,0.8113176822662354,3
0.21777563624911836,0.8197452227274576,3
0.7350710206561619,0.6565086046854656,4
0.844806604915195,1.065009872118632,3
0.8786373933156332,1.0021313826243083,3
0.6302342542580196,0.34479832649230957,4
0.5430179834365845,1.0195584297180176,3
0.8607592185338339,1.1960159540176392,3
0.7596722642580668,1.1469505230585735,3
0.6740647157033285,0.9284149805704752,3
0.6442601415846083,1.2303252617518108,3
0.9927980701128641,1.0389252503712971,3
0.75486511654324,0.9870060284932455,3
0.7678845458560519,0.8916765451431274,3
0.7820423046747843,0.8405206203460693,3
0.7446611854765149,1.0382817188898723,3
0.9038506348927816,1.1751227577527363,3
0.8708043893178304,0.9492035706837972,3
0.6106606986787585,1.0104918877283733,3
1.0651977691385481,1.1016085545221965,3
0.6958804263008965,0.7714797655741373,3
0.47101831436157227,0.6293741067250569,3
0.7101837264166938,1.1532268921534221,3
0.7158802648385366,1.1802149613698323,3
0.6680094401041666,1.0943878491719563,3
0.7804468075434366,1.1928439140319824,3
0.8337380819850498,0.9389306704203287,3
1.0406009356180828,1.147667407989502,3
0.178414789835612,0.6517276763916016,3
0.8034625848134359,1.0210620562235515,3
0.6825147469838461,1.1658746004104614,3
0.3188100390964084,0.7013496557871501,3
0.9976852072609795,0.6010349591573079,3
0.8017890983157688,1.1769187649091084,3
0.04976137479146322,0.3063600858052572,3
0.8529576328065661,0.9060933589935303,3
0.21883709430694578,0.38980960845947266,3
0.8208677636252509,0.8691095113754272,3
0.5813155041800605,0.938075065612793,3
1.118808428446452,0.8407707214355469,3
0.5707765155368382,1.168027937412262,3
0.6920544836256238,1.2085751295089722,3
0.9383606513341268,0.9766931533813477,3
0.3320199728012085,0.8240453402201334,3
0.6220126116717303,0.5144794782002766,3
0.7069584528605143,1.0649410088857014,3
1.0284109711647034,0.9823763767878214,3
0.620754599571228,0.8857559363047282,3
0.8766235907872518,0.8856492837270101,3
0.8306824366251627,1.2093358437220256,3
1.042031255033281,1.112688700358073,3
0.6047582361433241,1.3122324546178181,3
0.961851105093956,1.1837939620018005,4
0.8652801778581406,0.7451442082722981,3
0.9193311466111078,1.0500407616297405,3
0.349603361553616,0.6598626772562664,3
0.5309269958072239,1.1198140780131023,3
0.6266594462924533,1.1339512666066487,3
0.9149881601333618,1.0454537868499756,3
0.7509625222947863,0.9401201804478964,3
0.9289529323577881,0.7866179943084717,3
0.71658829053243,0.7250957489013672,3
0.6617429653803507,0.8958336512247721,3
0.9433236387040879,1.0923014481862385,3
0.9994405574268765,0.8206624984741211,3
0.8167318767971463,1.1272626717885335,3
0.9790212048424615,1.0270310242970784,3
0.9532994164360895,1.0413061777750652,3
1.2091101143095229,1.0523059368133545,3
1.1052663723627727,0.9602222442626953,3
0.7683671183056301,0.8674485286076864,3
0.9433281554116143,0.8211914698282877,3
0.7699607478247749,0.9626071055730184,3
0.6753475930955676,1.1883225838343303,3
0.5232833623886108,1.263226588567098,3
0.7908303340276083,0.817773183186849,3
0.4795385069317288,1.0983654657999675,3
0.35273611545562744,0.9546052614847819,3
0.608269559012519,0.8989055951436361,3
0.7931511004765829,1.1691042582194011,3
0.8112336198488871,0.8525805473327637,3
0.5011462370554606,0.9881634712219238,3
0.6319662663671706,1.0709047317504883,3
0.8344755503866407,1.2041539152463276,3
0.9680286844571432,1.077881097793579,3
0.7517296340730456,1.2804110844930012,3
0.42559699217478436,0.7638235092163086,3
0.6105624039967855,0.6115016937255859,3
0.35587068398793537,0.6540186405181885,3
0.8379860586590236,1.1285879214604695,3
0.4046266608768039,0.5208388964335124,3
0.8243441581726074,0.7692154248555502,3
0.7587464253107706,0.7809251149495443,3
0.6692259576585559,0.9872824350992838,3
0.9083579116397434,0.9529674847920736,3
0.8339932560920715,1.184514840443929,3
0.5324591795603434,0.7425191402435303,3
0.758527421951294,1.1281030972798665,3
0.7333252827326456,1.029781182607015,3
0.6632592545615302,1.0078085660934448,3
0.8530004819234213,1.0795196692148845,3
0.919809897740682,0.9379730224609375,3
0.8357049160533482,1.1390649477640789,3
0.46386045614878335,0.6339192390441895,3
0.8208318816290961,0.6323848565419514,3
0.7110750555992127,0.9444690148035685,4
0.8059280580944486,1.1375747124354045,3
0.6861112117767334,0.773007869720459,3
0.6624927520751953,1.2554435928662617,3
0.7173470391167535,0.885530948638916,3
0.9875435299343532,1.0260465542475383,3
0.6417177783118354,0.595598538716634,3
0.8654016719924078,0.9878766536712646,3
0.45998766356044346,0.80836288134257,4
0.6821875837114123,0.7659829457600912,3
0.9113456209500631,0.9224916299184164,3
0.5722139279047648,1.0700822671254475,3
0.8722841739654541,1.122345248858134,3
0.6550735155741374,1.0045949618021648,3
0.2620272768868341,1.0242475668589275,3
0.7584781328837077,1.1072468757629395,3
0.6969716946283976,1.054884433746338,3
0.555979503525628,0.7903652985890707,3
0.8246716658274332,1.0582025051116943,3
0.7656118207507663,1.1064565579096477,3
0.8429806894726223,1.1036000649134319,3
0.8380384842554728,0.669751485188802,3
0.5408922221925524,1.2253862619400024,3
0.8174327347013685,0.9611100753148397,3
0.5329382419586182,0.6115708351135254,3
0.9179377555847168,0.9517172972361246,3
0.7055356237623426,1.1763971050580342,3
0.761708074145847,1.1681746244430542,3
0.7620260053210788,1.009244680404663,3
0.4324894931581285,0.5562923749287922,3
0.7333243754174973,0.9986646970113119,3
0.9092451002862717,0.9123011827468872,3
0.7317370441224841,0.8115134239196777,3
0.7030886941485934,1.0983765920003254,3
0.5060695012410482,0.4925076961517334,3
0.6848041084077624,1.1208528280258179,3
0.5414626598358154,1.1599626541137695,3
0.833042840162913,0.9002581437428793,3
0.8514171176486546,1.0842180252075195,3
0.7606956627633837,0.9971489906311035,3
1.0851926803588867,0.7401284376780193,3
0.7885566420025295,1.0771997769673665,3
0.7837461365593805,0.7948147455851237,3
0.8400511211819119,0.9209095239639282,3
0.2741707960764567,1.1777502099672954,3
0.8991699814796448,1.0065053701400757,3
0.7697982920540704,1.2582494417826335,3
0.8980313340822855,1.1388591130574544,3
0.8195928997463651,1.0854455629984539,3
0.5041669607162476,1.0711453755696614,3
0.81579813030031,0.8509072860081991,3
0.5691113736894396,1.0747527678807576,3
0.7010798851648966,0.6596366564432781,3
0.906812998983595,0.9378599325815836,3
0.4644815842310588,1.285585840543111,3
0.665525648328993,1.0138853788375854,3
0.9448517097367182,1.1366173426310222,3
0.5521776808632745,0.847924550374349,3
0.31267453034718834,0.9306755065917969,3
0.6261981725692749,1.1433176199595134,3
0.9405081073443095,1.012861172358195,3
0.2840982675552368,0.6120277245839436,3
0.8757467667261759,1.0793614784876506,3
0.8167355590396457,0.7915127277374268,3
0.48771097924974227,0.9382456541061401,3
0.6439206600189209,0.7940113544464111,3
0.7696039411756727,1.0760709444681804,3
0.803868293762207,0.8683172067006429,3
0.8552847041024103,0.95737357934316,3
0.6569237629572551,1.0050533612569172,3
0.9533352255821228,1.1115398009618123,3
0.7601417965359158,1.0804644028345745,3
0.8573599457740784,0.9190796216328939,3
0.8891472021738688,1.0773515701293945,3
0.989126165707906,1.0018510580062867,5
0.7553973065482246,0.6255903244018555,3
0.6209936406877306,0.8444540103276571,3
0.9119871258735657,1.014478047688802,3
0.6633759074740939,0.875330408414205,3
0.8310835361480713,1.2238571246465046,3
0.5810395081837972,0.84987473487854,3
0.5486719475852119,1.0726811091105144,3
0.7402417262395223,1.0150597492853801,3
0.6529570950402154,0.4546527862548828,3
0.561543862024943,0.9442413250605265,3
0.8658653696378072,1.191361129283905,3
0.788191450966729,1.063542644182841,3
0.3515499114990234,0.31702351570129395,3
0.7038707534472147,0.9342519442240397,3
0.3473734458287557,0.7433512210845947,3
0.6911147832870483,1.166969100634257,3
0.7882130344708761,0.9858432610829672,3
1.179731892214881,1.1081199645996094,3
0.8273424175050522,0.7421420415242512,3
0.942629079023997,0.9688974221547445,3
0.9305182364251877,0.9319552977879842,3
0.887179606490665,1.1003301938374836,3
0.7768943707148234,1.0105770031611125,3
0.601321013768514,0.8117249011993408,3
0.6628235975901285,0.6887553532918294,3
0.7458988030751547,1.0420995155970256,3
0.6215637922286987,1.1318370898564656,3
0.7166466448042127,1.0243994394938152,3
0.9400285482406616,0.9761932690938314,3
0.9171622461742824,0.8828439712524414,3
0.6550546089808146,0.9703378677368164,3
0.6130086978276571,0.9431042273839315,3
0.8661712937884861,0.7957777976989746,3
0.8065897358788385,1.194634238878886,3
0.15265182654062906,0.7510867913564047,4
0.6575331820382012,0.96683136622111,3
0.964526891708374,1.0878507296244304,3
0.5110620392693414,0.6928317546844482,3
1.0150104959805806,1.1267526547114055,3
0.498360554377238,0.8763327201207479,3
0.7856028411123489,1.1313469409942627,3
0.6674629516071743,1.0473321278889973,3
0.9722830123371548,1.0841025511423747,3
0.24829364705968784,0.6732077598571777,3
0.5212646325429281,1.070051868756612,3
0.6969777478112115,0.9203081130981445,3
0.712077087826199,0.9002853234608968,3
0.8937017983860439,0.8842941125233968,3
0.26530372301737465,0.6105453173319499,3
0.8768354786766901,1.1882021029790242,3
0.9368462165196737,1.1305327415466309,3
0.6447599199083117,0.9371599753697714,3
0.700193069599293,1.016858657201131,3
0.7776795228322347,0.8531972169876099,3
0.8935349384943644,0.9808319807052612,3
0.6308302481969198,0.9188922246297201,3
0.9777092536290487,1.0753780603408813,3
0.7065317895677355,0.8435808817545573,3
0.5204426844914755,0.6328353881835938,3
0.8232235047552322,0.8558061520258585,3
0.7305055724249946,0.9939074516296387,3
0.9230979283650717,0.7952224413553873,3
1.131923966937595,0.8808967272440592,3
0.7667115794287788,0.9996594985326132,3
0.8133576578564115,0.9068469206492106,3
0.8197396728727554,0.9986649751663208,3
1.0897714932759603,1.0697153806686401,4
0.6921187241872152,0.8942741950352987,3
0.1500818570454915,0.7956391970316569,3
0.8966927528381348,1.0529307921727498,3
0.12341872851053874,0.36775247255961097,3
0.9026194943322076,1.0805102189381917,3
0.9305925766626993,1.2456777294476826,3
0.9647480050722758,1.066664218902588,3
0.6833163764741687,0.6993772188822429,3
0.6324555741416084,1.2145493825276692,3
0.81202552318573,0.9952888250350952,5
0.7582201494110956,1.0722705523173015,3
0.9202733437220255,0.989793618520101,3
0.6682172854741415,0.9335334300994873,3
0.8306468990114001,0.8659958044687907,3
1.0032730764812892,0.8118900458017985,3
0.8791853454377915,0.9176357587178549,3
0.8954613076315986,1.1421753962834675,3
0.25708850224812824,0.4553187688191732,3
0.8932764132817587,1.101893663406372,3
0.659076068136427,0.9200586080551147,3
0.18937213685777454,0.6780921618143718,3
0.7409741878509521,0.8450920979181925,3
0.7204571776919894,0.49723052978515625,3
0.5491838455200195,1.1808732350667317,3
0.878014432059394,0.8202872276306152,3
0.8060520225101048,1.1349514325459797,3
0.9187959476753518,0.6746926307678223,3
0.8849683072831896,1.091374158859253,3
0.4788138071695964,1.054671049118042,3
0.1265269782808092,0.2601933479309082,3
0.8288053274154663,1.2580410242080688,3
0.8098442554473877,0.6151334444681804,3
0.5540521277321709,0.9595592816670736,3
1.0061132907867432,1.0201949278513591,3
0.6304962370130751,1.1228546301523845,3
0.7403658231099447,0.7777870496114095,3
0.6989786823590597,0.9297687609990438,3
0.860627505514357,0.6210636297861736,3
0.5961327817704943,1.265493094921112,3
0.7394028107325236,1.0580418109893799,3
0.6829614798227945,1.2279292345046997,3
0.5873411099116007,0.7536647319793701,3
0.8096927139494153,1.0665980180104573,3
0.7843170828289456,0.7917025883992513,3
0.5565497477849325,1.212348222732544,3
0.8126101096471151,0.6225976943969727,3
0.5882906445750483,0.7199745178222656,3
0.7756687005360922,1.0686726172765095,3
0.8055226339234247,0.7547218799591064,3
0.07657078901926677,0.2420095602671305,3
0.1837246338526408,0.7143843968709309,3
0.7338740825653076,0.9139244556427002,3
1.3362039195166693,0.914950966835022,3
0.9762999746534559,0.9470663468043009,3
0.7662467161814371,0.7259389559427898,3
0.8962518241670395,1.1466784477233887,3
0.6998671293258667,1.1688511371612549,3
0.7091933515336779,0.6619453430175781,4
0.4897997114393446,0.7872424125671387,3
0.5972781313790215,1.1282886664072673,3
1.0001871188481648,0.936955730120341,3
0.9258055951860215,1.0277493397394817,3
0.9994023640950521,0.888935367266337,3
0.856814099682702,1.032244126001994,3
0.5199340184529623,0.48259147008260095,3
0.9101506935225592,1.1275324026743572,3
0.5158776839574178,1.1182903448740642,3
0.8679369820488825,0.8848570187886556,3
0.9784135156207614,0.7967825730641683,3
0.7782860596974691,1.0418437321980794,3
0.7748626073201498,1.1790319681167603,3
0.8751757542292277,0.8615840276082357,3
0.6323679387569427,0.6856088638305664,4
0.9416687488555908,0.9606469472249349,3
0.8924474053912693,1.0172981421152751,3
0.8435064355532328,1.1287665565808613,4
0.5093990405400594,0.8496708075205485,3
0.9727262390984429,1.2096833785374959,3
0.7032801045311823,0.8803618351618449,3
0.8113968239890204,0.9004231293996176,3
0.36890729268391925,0.47369440396626794,3
0.7344462076822916,1.1172779003779094,3
0.5845318635304769,0.8294416268666586,3
0.6967308786180285,1.0485812028249104,3
0.7273381948471069,0.9914396603902181,3
0.9855618410640293,0.9844639301300049,3
0.641446120209164,0.7628471851348877,3
0.6599331431918675,0.7060019969940186,3
0.876286440425449,1.019045074780782,3
0.6299493842654758,0.8466764688491821,3
0.6598016023635864,1.0919586817423503,3
1.0766799251238506,0.9850897391637167,3
1.1144165330462985,1.104716698328654,3
0.6758562193976507,0.9238362312316895,3
0.32678143978118895,0.7431985537211101,3
0.5769338210423788,0.8718049923578898,3
0.8004452188809713,0.8412113984425863,3
0.9215090407265558,1.0208029349644978,3
0.8487018214331732,0.8278235594431559,3
0.8819462974866231,0.954667886098226,3
0.5230008363723755,1.0554869969685872,3
0.7957404719458686,0.9813314278920492,3
0.7716051605012683,1.072561264038086,3
0.9389387766520182,0.9510037899017334,3
0.806166390577952,0.9033993085225424,3
0.8179764482710096,0.9426237742106119,3
0.6608015033933851,1.0786453088124592,3
0.7461971176995171,1.0226867198944092,3
0.727789839108785,1.1265600522359211,3
0.6988903284072876,0.8123262723286947,3
0.7954550319247776,1.0526193777720134,3
0.7940435277091131,1.1809338927268982,3
0.9242574241426255,1.0716578960418701,3
0.6351166036393907,1.049092968304952,3
0.5224055449167887,0.9205995003382365,3
0.6512861914104885,1.2338542938232422,3
1.0522708892822266,1.0272093216578166,3
0.7570990324020386,0.8895869652430216,3
0.6772953006956312,0.750062624613444,3
0.7662649552027384,1.0605597496032715,3
0.6943863100475735,0.9629082282384237,3
0.8984215921825833,1.211590091387431,3
0.5390219688415527,0.5800785223642986,3
0.6430108547210693,0.7044339179992676,3
0.7882207499610053,1.1547458171844482,3
0.5123931169509888,0.6518139839172363,3
0.6629490454991659,0.860767642656962,3
0.9268902407752143,0.9918382167816162,3
0.5704618427488539,0.6192756493886311,3
0.7741913000742594,1.085650642712911,3
0.9376860592100357,1.0650367736816406,3
0.8312203884124756,0.7321337064107258,3
0.5788304805755615,1.0725642840067546,3
0.6281969679726495,0.9948006073633829,3
0.9363776975207858,1.157317082087199,3
0.6071003675460815,0.8720800081888834,3
0.5562413798438178,0.9482812484105428,3
0.6121195687188042,0.7963848908742269,3
0.9650489886601766,0.8604131937026978,3
1.0207567082511053,0.7516119480133057,3
0.5337161223093668,1.2462810277938843,3
0.14398339986801148,0.5426764488220215,4
0.4329514503479004,0.9959143002827963,3
0.7454041772418551,1.1301408608754475,3
0.6848110093010796,0.8930938243865967,3
0.7419829765955607,1.2904499769210815,3
0.8277492655648127,1.1095251242319744,3
1.0408269034491644,1.179757018884023,3
0.6655213567945693,1.0279943545659382,3
0.7766703499688044,1.1386278470357258,3
0.9146457380718656,0.9729286829630533,3
0.8507999314202203,1.1009393135706584,3
0.44237661361694336,0.9125924110412598,3
0.8282921844058566,1.1874391237894695,3
0.6094766590330335,1.2214581767717998,3
0.358298737914474,0.419437567392985,3
0.6980936858389114,1.1297298272450764,3
0.8103347539901734,1.112962285677592,3
0.6351768440670437,1.2073779503504436,3
0.7503306203418308,1.139201005299886,3
1.0309799247317843,1.1184926827748616,3
0.5420874887042575,1.1385892232259114,3
0.6859262122048272,1.0149540901184082,3
0.9363783730400934,0.9440026680628458,3
0.6138201227894536,0.9808817704518636,3
0.7983359826935663,1.0926698843638103,3
0.6730774376127456,1.195792019367218,3
0.9456385374069214,0.8226386706034342,3
0.08170653184254965,0.26977626482645667,3
0.6443946493996514,1.2748289108276367,3
0.5725355943044027,0.8452101548512777,3
0.4434752199384901,0.7535467147827148,3
0.13773042360941568,0.6757147312164307,3
0.7764514287312826,0.6164926687876384,3
0.8681841492652893,0.9329257011413574,3
1.028655211130778,1.0771760145823162,3
0.9220578405592176,1.1401674350102742,3
0.8618663390477499,0.7791753609975179,3
0.9220647878117031,0.9853419462839762,3
0.4200500249862671,0.769898255666097,3
0.7462479141023423,1.2213467359542847,3
0.7673547267913818,1.043401797612508,3
0.8684707482655843,0.9674704869588217,3
0.7049009402592977,1.3081968625386555,3
0.6485436492496066,1.1273306608200073,3
0.7564251952701145,0.7035121122996013,3
0.6167956723107232,1.0097330411275227,3
0.41332345008850097,0.8323036034901937,3
0.8307115899191961,0.9943069616953532,3
0.834507319662306,0.6434154510498047,3
0.8988387187321981,0.9328182538350424,3
0.38512256940205897,0.4282621542612711,3
0.8078603678279453,1.20589280128479,3
0.6706319120195176,1.151816447575887,3
0.9198194609747992,1.1721750895182292,3
0.8667164113786486,1.0071549812952678,3
1.03656710518731,0.7985183397928873,3
0.37109936608208544,0.6028738021850586,3
0.9024930795033773,1.173013965288798,3
0.6952055560217963,1.2513144612312317,3
0.8062312205632528,1.0112459262212117,3
0.857601907518175,1.1781069437662761,3
1.1036007006963093,1.1174122492472331,3
0.6642922825283475,0.9327566623687744,3
0.6166841056611804,1.0495407978693645,3
0.9703174432118734,1.1101690928141277,3
0.8530550135506525,1.198922594388326,3
0.614224804772271,1.1409330368041992,3
0.6577816804250082,1.0917119185129802,3
0.8678133752610947,0.871412475903829,3
0.5570180813471476,0.9769691228866577,3
0.7993714809417725,1.1154093742370605,3
0.8531574143303765,1.1062535047531128,3
0.9874963495466446,0.8110286394755045,3
0.6953007909986707,1.198301076889038,3
0.6563945081498888,1.2760389844576518,3
0.7059223651885986,0.8840986887613932,3
0.6358123090532091,1.1060442527135212,3
0.6260709762573242,0.6130857467651367,3
0.4428431987762451,0.6603744029998779,3
0.8663052850299412,1.0845050811767578,3
0.698246545261807,0.9794605175654093,3
0.6392199728224012,0.798002560933431,3
0.8407674233118693,0.8574299017588297,3
0.189745831489563,0.4497101306915283,3
0.5973243316014608,0.8898513317108154,3
0.9187677701314291,1.0894169012705486,3
1.0146477023760478,0.9776230653127035,3
0.6976385116577148,1.1306164264678955,3
0.659521606233385,1.1717832883199055,3
0.655622296863132,1.1872025728225708,3
0.8934541278415257,0.7533445358276367,3
0.7233512666490344,1.019038995107015,3
1.1301276683807373,0.8896374305089315,3
0.9362917873594495,1.1322235663731892,3
0.8398980696996053,0.8841862678527832,3
1.038075115945604,1.119972785313924,3
0.901431679725647,1.11814284324646,3
1.064695030450821,1.1201726992925007,4
0.4954263634151883,0.6320120493570964,3
0.7493229707082113,1.0454035600026448,3
0.5746362606684366,1.0715146859486897,3
0.8604974084430271,0.8699502150217692,3
1.041792054971059,1.0885698000590007,3
0.42820799350738525,1.213080883026123,3
0.618946393330892,1.0558292865753174,3
0.6003464592827691,1.1524652242660522,3
0.8844890594482422,1.0486718813578289,3
0.8297060794300503,1.0991194248199463,3
0.8108990589777628,0.8436841567357382,3
0.2784292697906494,0.5914769172668457,3
0.689065674940745,0.8794127702713013,3
0.8871321678161621,1.0861666202545166,3
0.5228477716445923,0.7451213200887044,3
0.9247321022881403,0.7093979517618816,3
0.6370281378428141,1.20380832751592,3
0.995574951171875,1.1624945402145386,3
0.9287145932515463,0.9382188320159912,3
0.6699327892727323,0.810957113901774,3
0.8772787650426229,0.80365522702535,3
0.8145091666115655,1.1131947040557861,3
0.6473511881298489,0.7042442957560222,3
0.602512386110094,1.0028233528137207,3
0.948945376608107,1.2120832602183025,3
0.5987022320429484,1.0730219682057698,3
0.2902286847432454,0.28902784983317054,3
0.7597628235816956,1.2039332389831543,3
1.0175895426008437,1.0354645649592082,3
0.7898693548308479,1.1003468036651611,3
0.598916784922282,1.0023759206136067,4
0.7703268792894152,1.1036556561787922,3
1.0772993895742629,1.0784587462743123,3
0.838331076833937,0.9499491850535074,3
1.115007413758172,0.7626667022705078,3
0.632943676577674,1.1855323314666748,3
0.7551634311676025,1.0108166138331096,3
0.908316585752699,1.0070120493570964,3
0.7048530048794217,0.9840622742970785,3
0.16025051805708143,0.2805107434590658,3
0.699165940284729,0.7017087936401367,3
0.7463379568523831,1.061788002649943,3
0.9677379329999288,0.7782797813415527,3
0.6868938207626343,0.7322583198547363,3
0.8512493729591369,1.0801201264063518,3
0.8106790648566352,1.059263785680135,3
0.5829592280917698,0.5278924306233723,3
0.923687047428555,1.2038851579030354,3
0.8318152825037638,0.9453151226043701,3
0.4787823888990614,0.5285221735636394,3
0.5625328222910563,1.154889424641927,3
0.6630367967817519,1.1017298301060994,3
0.867080397076077,0.693276325861613,3
1.0371423496140375,0.7612829208374023,3
0.6338875691095988,0.9800868034362793,3
0.7521950668758816,1.1459945440292358,3
0.7792582776811389,1.1911002000172932,3
0.9670405255423651,1.116464614868164,3
0.7531379726197985,1.106754461924235,3
0.38076942761739097,0.48343324661254883,3
0.16777345869276258,0.3497905731201172,3
0.9048434098561605,1.0463345050811768,3
0.790302508407169,0.9970115025838217,3
0.7926752699746026,1.0904840230941772,3
0.654021700223287,0.8235917886098226,3
0.48055889871385365,1.0666063626607258,3
0.9856577681170569,1.1358698606491089,3
0.4399271965026856,0.7442982991536458,3
0.5209246794382731,1.1222600142161052,3
0.7323029041290283,0.8752082188924154,3
0.7645321819517349,0.853269616762797,3
0.46898222764333086,0.8162413438161215,3
0.7411982880698309,1.0100228389104207,3
0.9389345116085477,0.9894841512044271,3
0.5952591498692831,1.131734291712443,3
0.7887024084726969,1.217704216639201,3
0.6197005245420668,0.9223442077636719,3
0.7176413337389628,0.7201722462972004,3
0.5122334162394205,1.0168067614237468,3
1.2360256512959797,0.8300565083821615,3
0.8907297316051664,0.915373166402181,3
0.5506795379850599,1.2133688529332478,3
0.8621181978119745,0.8982242743174235,3
0.6153319517771403,0.47099645932515466,3
0.7662670148743524,0.8188826243082682,3
0.7231267293294271,1.1444881757100422,3
0.793837202919854,0.9917693535486857,3
0.882283303472731,1.0931066672007244,3
0.7218249771330093,0.7862902482350668,3
0.8063655032051934,1.1365472078323364,3
0.6468676726023356,0.6833749612172444,3
0.6774512264463636,1.0938066244125366,3
0.8012903730074564,1.0170104503631592,3
0.8056103123558892,1.0082439184188843,3
0.7542319032880996,1.071812391281128,3
0.9144749303658803,0.9971119165420532,4
0.810200247499678,1.0425132910410564,3
0.9749005900488958,1.188910722732544,3
0.6704111099243164,0.6849661668141682,3
0.698698498584606,1.1523035764694214,3
0.9825607538223267,1.2451258500417073,3
1.1229625013139513,1.0679606993993123,3
0.6214795642428927,1.2219133377075195,3
0.7251291937298245,0.8784279823303223,3
0.8061297204759387,1.0734879970550537,3
0.9714711242251926,0.9849045276641846,3
0.9901575644810995,1.0296212832132976,3
0.665255453851488,1.1946663459142048,3
0.691540903515286,1.071520725886027,3
0.7911770343780518,0.9604899883270264,3
0.6277432441711426,0.5805664857228596,3
0.6155222124523587,1.0823465585708618,3
0.5916754007339478,0.988535483678182,3
0.7537368271085952,1.0655975341796875,3
0.512768030166626,0.7512321472167969,3
0.023519357045491535,0.11223634084065759,3
0.954846461613973,1.1266724665959675,3
0.7207247283723618,1.0060041745503743,3
0.709313087993198,0.9309950669606527,3
0.7145660320917765,1.0257140000661213,3
0.48384904861450195,0.6698522567749023,3
0.8026892476611668,1.0284844636917114,3
0.5303955607944065,1.0542205572128296,3
0.7591640022065905,1.2327390511830647,3
1.1607692307896085,1.0980639457702637,3
0.8931264082590739,1.0024091402689617,3
0.9526411096254984,1.0608486731847127,3
0.9382387200991312,1.005069335301717,3
0.7435150941212972,0.9719865322113037,3
0.8863937324947782,0.8371419906616211,3
0.7564194997151693,0.9803800185521444,3
0.7194365130530462,0.6634931564331055,3
0.7565195163091024,0.8021163940429688,3
0.727777149942186,0.8382198810577393,3
0.25815887451171876,0.26770496368408203,3
0.7329299516148037,0.7723817030588785,3
0.8214864730834961,1.0304179191589355,3
0.9025430546866523,1.0013240575790405,3
0.6042282581329346,1.1623767217000325,3
0.601753036181132,1.1419451634089153,3
0.6618709564208984,1.0575663646062214,3
1.0200791756312053,1.1021029154459636,3
1.001412828763326,0.9175515174865723,3
0.6222124232186211,0.5986253420511882,3
0.9484498964415655,1.0188229481379192,3
0.6154170036315918,1.198756992816925,3
0.7241930961608887,1.1850425203641255,3
0.33064296510484487,0.5659585793813069,3
0.6981922123167249,1.0036131143569946,3
0.5793173710505167,1.046575387318929,3
0.722528272204929,1.1358286142349243,3
0.6859335237079197,0.8277473449707031,3
0.46772526105244955,0.70669690767924,3
0.9063297179010178,0.8260769049326578,3
0.7465360826916165,0.9074761072794596,3
0.7116103967030843,1.0070829391479492,3
0.7864341139793396,1.2226134538650513,3
0.7438387605879043,1.2325374285380046,3
0.5045724709828695,0.8094002405802408,3
0.8716732462247213,0.7509172757466634,3
0.9741310013665094,1.0401957829793294,3
0.5712516705195109,0.6248205502827961,3
0.7714078956180148,0.9144463539123535,3
0.7782947089936999,1.0411701202392578,3
0.9590294559796652,1.2273542483647664,3
0.4279092152913411,0.6357210477193196,3
0.6529297961129082,0.8300018310546875,3
1.0274106860160828,1.1295071442921956,3
0.6574913925594753,1.1966902017593384,3
0.7008839845657349,0.8623190720876058,3
0.7905142770873176,1.191842516263326,3
0.6795966029167175,0.6911126772562664,3
0.8052760495079888,0.9000174601872762,3
0.7173966831631131,1.0419517358144124,3
0.640641000535753,0.8841492732365926,3
0.6025534470876058,0.9825439453125,3
0.7177641126844617,1.0605262120564778,3
0.696552594502767,0.8291037877400717,3
0.6664785875214471,0.9630442460378011,3
0.7499368985493978,1.0685364802678425,3
0.7358780635727776,1.1323531866073608,3
0.7648665507634481,0.9734297593434652,3
0.9251448114713033,1.240038792292277,3
0.5914933681488037,0.9633443752924601,3
0.5935080448786417,0.9161210854848226,3
0.6978002389272054,0.9665529727935791,3
0.9591610829035441,0.8454815149307251,3
0.9508301383919187,0.8644282817840576,3
0.6923033396402994,0.6739870707194011,3
0.8989578353034124,1.1546855767567952,3
0.8979556030697292,1.0102526346842449,3
0.6363229354222616,1.2353708346684773,3
0.7054519785775079,1.019083817799886,3
0.8199983570310806,0.870089054107666,3
0.7130874925189549,1.0279934008916218,3
0.7623997926712036,0.8999419212341309,3
0.48719743887583417,0.5704615910847981,3
0.9665098653899298,1.2220772504806519,3
0.9448250863287183,0.952011227607727,3
0.6488706535763211,0.9695816040039062,3
0.6853865716192459,1.008744200070699,3
1.0068495008680556,1.0768895149230957,3
0.6972047487894694,0.917997678120931,3
0.9353313446044922,1.1980589230855305,3
0.8773720661799113,0.9502397775650024,3
0.7520367238256668,0.7982529004414877,3
0.808918833732605,0.6512300968170166,3
0.7141583230760363,1.0352779229482014,3
0.9960923896895513,0.751167098681132,4
0.9155977831946479,1.0671359697977703,3
0.9153555565410191,1.030463695526123,3
0.7753517760170832,0.931246797243754,3
0.7914345794253879,1.1641713778177898,3
0.6154834826787313,1.1485419670740764,3
0.7886538638008966,0.7522851626078287,3
0.8625989754994711,1.038733959197998,3
0.4504562086529202,1.2325222889582317,3
0.8196821477678088,1.010990023612976,3
0.9987149702178107,0.7577721277872721,3
0.6300167904959785,0.9327159722646078,3
0.7830995453728571,1.0564496914545696,3
0.47844505310058594,0.753305196762085,3
0.6056570741865369,0.4753544330596924,3
0.49212039841545957,1.1007794539133708,3
0.9256194300121731,1.0653393665949504,3
1.1895141402880351,0.9687959353129069,3
0.8350497086842855,1.203433593114217,3
0.7697774039374456,1.1453267733256023,3
0.8352093431684705,1.0569547812143962,3
0.5877987013922797,0.6667580604553223,3
0.41378120581309,0.9009525775909424,3
0.7356141726175944,0.8417620261510214,3
0.8469918701383804,1.0970876216888428,3
0.5830519596735636,1.0107200145721436,3
0.800741453965505,1.18342121442159,3
0.8314107656478882,1.0358441670735676,3
0.4194890260696411,0.5084157784779866,4
1.025806142224206,0.9742166598637899,4
0.6361726389990913,1.0697867075602214,3
0.9933871196375952,0.8986792961756388,3
0.8085255755318536,1.2229000926017761,3
0.6157673862245348,0.5486282507578533,3
0.42386966458073366,0.5026079813639324,3
0.850723299715254,0.9393054644266764,3
0.8445020649168226,1.0584954818089802,3
0.8390970296329922,0.9683327674865723,3
0.4634029467900594,1.0661677519480388,3
0.7445209821065267,0.6499498685201008,3
0.8067905128002166,0.6842058499654133,4
0.5504873063829211,0.9495864709218343,3
0.9576474693086411,1.07028063138326,3
0.5110720713933309,0.9912824630737305,3
0.9317742188771566,0.9234621524810791,3
0.8656772242652045,0.723575194676717,3
0.5846435228983561,0.7520785331726074,3
0.8766238424513076,0.9457640250523885,3
1.232044968340132,0.9606744448343912,3
0.8509898715549046,1.0523956616719563,3
0.9040004478560553,1.1200246810913086,3
0.48006319999694824,1.1492451826731365,3
0.5034600363837348,1.067993402481079,3
0.873361024591658,1.1059578657150269,3
0.6406565639707776,0.6536113421122234,3
0.5163106388515897,0.9507607618967692,3
0.6162566211488512,1.1182502508163452,3
0.7809760305616592,1.1700741449991863,3
0.949433339966668,0.9184052149454752,3
0.9229166637526619,1.0752952456474305,5
0.5680627557966444,1.0543474753697712,3
0.5910806523429023,1.2588917016983032,3
0.2794124682744344,0.3619925181070963,3
1.12655390964614,0.9682391484578451,3
0.8378620677524143,0.9461843172709147,3
0.7577248811721802,0.8927253484725952,3
0.6752043962478638,0.8106496334075928,3
0.7866038084030151,0.7128980954488118,3
0.6002126799689399,0.9313296874364217,3
0.8656804826524521,1.124305248260498,3
0.9270437161127726,0.872485876083374,3
0.8063244024912516,1.2735726833343506,3
0.3018584609031677,0.4950500329335531,4
0.8239745762613083,0.9623978932698568,3
0.8308364815182155,1.0265829960505168,3
1.124047034316593,1.0236241420110066,3
0.6605216264724731,1.1737685004870098,3
0.8767376939455668,1.1362802187601726,3
0.5480238199234009,1.0444913705190022,3
0.5666036738289727,1.0182522932688396,3
0.9489717880884806,0.9123936494191488,3
0.8651522861586677,1.0093940893809001,3
0.6718909210628934,0.6863470077514648,3
0.7458013693491617,0.911229133605957,3
0.865579174624549,0.9046032031377157,3
0.6497152249018351,1.0950979391733806,3
0.6738936106363932,1.1311949094136555,3
0.7542721430460612,0.7755235830942789,3
0.5698684056599935,0.9902567068735758,3
0.8018057611253525,1.155938744544983,3
0.7388897604412502,0.8558187882105509,3
0.5025222963756985,1.1933969656626384,3
0.7409672339757284,1.163988987604777,3
0.8841970099343195,1.207884430885315,3
1.0708363817797766,0.9689573446909586,3
0.5808222028944228,0.6781349182128906,3
0.7670600612958273,1.1356368859608967,3
0.7536974880430435,1.2338003118832905,3
0.6805711057451037,0.8790411154429117,3
0.9597646527820163,1.0027482112248738,3
0.7357269922892252,1.236823558807373,3
0.6741551160812378,0.833247184753418,3
0.8097222248713175,0.6811383565266926,3
0.9898768266042074,1.0454957485198975,3
0.3052376137839423,0.4929924011230469,4
0.5657747321658664,1.1346495548884075,3
0.42878350946638316,0.6941286722819011,3
0.7577580875820584,1.0848382314046223,3
0.9580936431884766,1.0837021271387737,3
0.8134208255343968,1.152663230895996,3
0.7679825358920627,1.1227708260218303,3
0.7332593467500476,1.1695472796758015,3
1.1437996692127652,0.9961152076721191,3
1.2680564920107524,1.053550163904826,3
0.8843555980258517,1.0130182107289631,3
0.7774649063746134,1.2086468935012817,3
0.6878231896294488,0.7436274687449138,3
0.7975796689589818,0.9623639583587646,4
0.9124345249599881,0.8523832559585571,3
0.7187188135253058,0.8516738414764404,3
1.0150009724828932,0.993502140045166,3
0.6065060827467177,0.7609087626139323,3
0.6333077748616537,0.8207416534423828,3
0.6516598463058472,1.2501746813456218,3
0.837895135084788,1.147068977355957,3
0.690184473991394,0.8475540081659952,3
0.8496306935946146,0.9149709542592367,3
0.6638920307159424,0.840650200843811,3
0.9283081425560846,0.9020845095316569,3
0.6411930455101861,1.141439437866211,3
0.7590599258740743,0.8758234182993571,3
0.6873365640640259,1.0644654432932537,3
1.176305658287472,0.9529470205307007,3
0.6336887147691515,1.2042166392008464,3
0.8113613062434727,1.2412105401357014,3
0.6898553238974677,1.096860686937968,3
0.6511780420939127,0.7782043615976969,3
0.6631011962890625,1.1366585493087769,3
0.8183141152064005,1.0019989411036174,3
0.72950369781918,0.8244359493255615,3
0.5017518997192383,1.1813872853914897,3
0.9186507993274264,0.8295392990112305,3
0.9191574388080173,1.029798189798991,3
0.5477636787626478,0.7671972910563151,3
0.8393027649985418,0.9977312088012695,3
0.5468124707539876,0.5066345532735188,3
0.5724263853496975,0.8582710027694702,3
0.2633112404081556,0.29416918754577637,3
0.9478194349341923,0.8014829953511556,3
0.7900256514549255,0.9359321196873983,3
0.874423623085022,0.9184638659159342,3
0.8967337277200486,1.057220220565796,3
0.7975214322408041,0.5906564394632976,3
0.5467476182513766,1.1227036714553833,3
0.8627019789483811,1.0401995182037354,3
0.7666734986835056,1.0727295875549316,3
0.5889836218621995,1.001970370610555,3
0.6949910057915583,1.0590354601542156,3
1.0020947456359863,0.8079748153686523,3
0.24467754364013672,0.46636851628621423,4
0.8689855138460795,0.9939322471618652,3
0.8063895967271594,0.9051682949066162,3
0.5543675290213691,1.0897992849349976,3
0.7165072229173449,1.1863740682601929,3
0.6900877422756619,0.597890059153239,3
0.6367102464040121,1.1525215705235798,3
0.6777937610944113,1.1678324143091838,3
0.359888686074151,0.4896334807078043,3
0.7344027890099419,1.0245248874028523,3
0.7361459069781833,1.2613386313120525,3
0.9264796442455716,1.0183502833048503,3
0.7327376868989731,1.1263219515482585,3
0.7530973487430148,0.9988569418589274,3
0.649944477611118,0.8743175665537516,3
0.8044849766625299,1.1304107109705608,3
0.600698987642924,1.1293587684631348,3
0.6065263085895114,1.2217898567517598,3
0.807107581032647,0.9531039396921793,3
0.7227458424038358,0.9543406963348389,3
0.9952060778935751,0.9059077103932699,3
0.49219242731730145,0.5921063423156738,3
0.9792293045255874,0.8234480222066244,3
0.6879278818766276,0.993022600809733,3
0.6920255555046929,0.9851605892181396,3
0.8802504738171896,1.1647955179214478,3
1.1522301038106282,0.7115052541097004,3
0.6607853174209595,1.1257935762405396,3
0.6616322331958346,1.1553070147832234,3
0.6439382036526998,1.2860976060231526,3
0.8518523375193278,1.0886047681172688,3
0.6111137469609579,1.2571028470993042,3
0.9885488881005181,1.1582144896189372,3
0.7791858845286899,0.7186060746510823,3
0.8810065587361654,1.1524416605631511,3
0.7715533177057902,0.756264845530192,3
1.0811074806584253,0.7758781909942627,3
0.696648915608724,0.7292313575744629,3
0.6216439803441366,1.036492109298706,3
0.6246820290883383,0.9572614034016927,3
0.5304556555218166,1.034100612004598,3
0.860232432683309,0.9620096286137899,3
1.0110613505045574,0.6853387355804443,3
0.9736643632253011,0.8032010396321615,3
0.6896665493647257,1.18129163980484,3
0.9013609488805135,0.9457008043924967,3
0.7960939473576015,1.0564908981323242,3
0.6130570703082614,0.6674617926279705,3
0.5712443457709419,1.1905790170033772,3
0.5828151040607028,0.97724715868632,3
0.840395814842648,0.9898273150126139,3
0.925407886505127,0.9842445850372314,3
0.812774658203125,0.5928832689921062,3
0.8256800042258368,1.021845022837321,3
0.7211391992039151,0.7073400815327961,3
0.9639508525530497,0.9702637990315756,3
0.5703862640592787,1.14518137772878,3
0.6042415301005045,0.5716742674509685,3
0.48108226723141145,0.8282217979431152,3
0.9078352252642313,0.799313465754191,3
0.4797777864668104,0.5824740727742512,3
0.7304662426312764,0.7179276148478191,3
0.8079847627215915,1.1873127818107605,3
1.0511138041814168,0.9744382301966349,3
0.5010379817750719,1.044755260149638,3
0.6752479076385498,1.2129673560460408,3
0.8867017229398092,1.0968000888824463,3
0.7020167509714762,1.18388436237971,3
0.5807613929112753,0.8548086881637573,3
1.1599443786674077,0.9851294755935669,3
0.7197188138961792,0.8882768948872884,3
0.8345132271448771,1.1106529633204143,3
0.9235724873012966,1.1648853619893391,3
0.923505703608195,0.9168511231740316,3
0.701514999071757,1.081633448600769,3
0.6847612460454305,1.0633852084477742,3
0.5290564563539293,1.0753029187520344,3
0.8697376184993321,1.0214829444885254,3
0.8184489806493124,0.574103593826294,3
0.7893017133076986,0.7842137018839518,3
1.102914830048879,1.2345346013704936,3
0.6459370454152426,0.5035380522410076,3
0.513290180100335,1.143346865971883,3
0.856742607222663,0.6215893427530925,3
0.930461605389913,0.9508066177368164,3
0.719262056880527,0.982558806737264,3
0.5420475271013048,0.909951368967692,3
0.49476828840043807,0.7978785037994385,3
0.6922788752449884,0.942712148030599,3
0.6570437351862589,0.9420955578486124,3
0.6408028072781032,0.9639405806859335,3
0.6741897000206842,1.1595098972320557,3
0.7812763982348973,0.7829492886861166,3
0.8755454089906479,1.0804684956868489,3
0.4986619790395101,0.8628261884053549,3
0.9216841061909994,0.9056483109792074,3
0.6898301045099894,1.0157329241434734,3
0.5049060848024157,1.256368637084961,3
0.3710313638051351,0.5623669624328613,3
0.7354250152905782,1.0065524180730183,3
0.6108382013108996,0.8289026419321696,3
1.1636518438657124,1.0017687479654949,3
0.5631813340716891,0.6645091374715169,3
0.8529804812537298,0.9753148953119913,3
0.5392778979407417,1.1194931666056316,3
0.6467201312383016,0.7825254599253336,3
0.6745809382862514,0.7725778420766195,3
1.0659502625465394,0.7065622806549072,5
0.6839151779810587,1.1305514971415203,3
0.2473545710245768,0.7983349164326986,3
0.4440161122216119,0.7484472592671711,3
0.6558023558722602,1.3018354773521423,3
0.6569047768910726,0.829759438832601,3
0.8904529809951782,1.1674428780873616,3
0.528114374478658,0.9601528644561768,3
0.5220623943540785,1.2984849214553833,3
0.8589695890744528,1.2990056077639263,3
0.9225328233506945,0.9538617928822836,3
0.5642063485251533,0.7221554120381672,3
0.7679343620936075,0.8852144082387289,3
0.5921337339613172,1.0521496931711833,3
0.9205705192353989,0.9984105030695597,3
0.8834226263893976,0.8435746431350708,3
0.5998587475882636,0.7981147766113281,3
0.6170391241709391,0.8659153779347738,3
0.20799686908721923,0.3639775911966959,3
1.0154961943626404,1.1798393726348877,3
0.6609850194719102,0.88014817237854,3
0.49996994601355665,1.180208424727122,3
0.8018697831365799,1.0769102573394775,3
0.6895616054534912,0.6883792877197266,3
0.7257573869493273,1.061833103497823,3
0.7977814873059591,0.7776641845703125,4
0.7464835776223077,0.4790447552998861,3
0.818680206934611,0.8130755424499512,3
0.7699451247851054,1.150892972946167,3
0.6847412718666924,1.1088753541310628,3
0.5491399500105115,1.294980764389038,3
0.9418201314078436,0.9370139439900717,3
0.5972588062286377,0.7801130612691244,3
0.48981209595998126,1.0516115824381511,3
0.737013061841329,0.8460696935653687,3
0.6868317657046848,0.9171612660090128,3
0.6120102670457629,1.1119554440180461,3
0.11650276184082031,0.265108585357666,3
0.7701497872670492,1.0138262907663982,3
0.621398303243849,1.093500296274821,3
0.637535810470581,1.1618631680806477,3
0.8229954904980129,1.0080500841140747,3
0.42301591237386066,1.0034404198328655,3
0.6827532556321886,1.010797341664632,3
0.7371032238006592,1.1627520720163982,3
0.7319812840885586,0.895631472269694,3
0.46856431166330975,0.9638175964355469,3
0.6680812570783828,1.2397559483846028,3
0.8616218368212382,1.2378339966138203,3
0.7294914722442627,1.026126782099406,3
0.9297227991951836,1.100572109222412,3
0.32377930482228595,0.9198101758956909,3
0.5710138082504272,0.9644997914632162,3
0.877344376511044,1.2206815481185913,3
0.5857750574747721,1.0761677424112956,3
0.8170575698216757,1.0416656335194905,3
0.7587412198384603,1.1439956029256184,3
0.6032717890209621,1.1006098588307698,3
0.6746578878826565,0.8191396395365397,3
0.6403918531205919,0.9790080388387045,3
0.1809608300526937,0.436087449391683,3
0.6390106148189969,0.9686656792958578,3
0.6797993315590753,1.0821979840596516,3
0.1924650033315023,0.35091161727905273,3
0.6707405911551582,1.0911812384923298,3
0.7307693031099108,0.9549243450164795,3
0.7662963337368436,1.0574902693430583,3
0.6896494759453669,1.0454189380009968,3
0.6234911945131091,0.8507487773895264,3
0.6882469852765402,1.2224672238032024,3
0.7639797131220499,0.8605523904164633,3
0.7487053341335721,0.9313982327779134,3
0.9109905560811361,0.7214715480804443,3
0.7032529645495945,0.747376839319865,3
0.7411794927385119,1.0403295358022053,3
1.0636682510375977,1.0250709851582844,3
0.7645889123280843,0.7981236775716146,3
0.6934170325597128,1.010210434595744,3
1.065500663386451,0.7165653705596924,3
0.8037821319368151,1.0040859778722127,3
0.6109298732545642,1.032030979792277,3
0.2168642944759793,0.46342976888020837,3
0.25344345657913775,0.435422420501709,3
0.6207563877105713,1.0732667843500774,3
0.8110748330752054,0.7849497000376383,3
0.6169243256251017,0.6793816884358723,3
0.7588116327921549,0.8532754182815552,3
0.8153718094031016,1.0661391814549763,4
0.5180981953938802,1.0471622546513875,3
0.7654290927781,0.9852219422658285,3
0.6124646663665771,0.7649329503377279,3
0.8578904688358306,1.074567715326945,4
1.1220811704794567,1.1005178292592366,3
1.107266406218211,0.9003310998280843,3
0.6387366056442261,0.7220434347788494,3
0.6653453667958578,1.1068135102589924,3
0.8108475009600321,1.2284245491027832,3
0.7969181405173408,0.9428359667460123,3
0.16236368815104166,0.31407229105631507,3
0.6882136265436808,1.1607262293497722,3
0.8985264433754815,1.1589887936909993,3
0.499100128809611,1.0759390195210774,3
0.7783211021953159,0.7472172737121582,5
0.740006215042538,1.2889111638069153,3
0.7239286502202352,0.526305119196574,3
0.8348319133122762,1.0244357585906982,3
0.9111944569481744,1.1044225295384724,3
0.793187830183241,1.0486939748128254,3
1.0073729952176411,1.0437872409820557,3
0.6511431270175511,1.185739000638326,3
0.6868265867233276,0.8941720326741537,3
0.7137958473629421,0.9042531649271647,3
0.7861012617746989,1.0987898508707683,3
1.0588300426801045,0.3321398893992106,3
0.9827734728654226,0.7904415130615234,3
0.391498045126597,0.8107159932454427,4
0.8887444006072149,0.9954628944396973,3
0.9606132441096835,0.7767613728841146,3
0.879608890414238,0.9321049451828003,4
0.7859375211927625,0.8447256088256836,3
1.053236683209737,0.8122321764628092,3
0.5599445501963297,0.6918932596842449,3
0.5695648405287,0.9878958463668823,3
0.31210090716679895,0.5918908913930256,4
0.5548725657992892,1.227887789408366,3
0.5918791426552666,0.6436781883239746,3
0.5713262557983398,0.809462308883667,3
0.7621434397167629,0.9678446451822916,3
0.49646723800235326,0.5992129643758137,4
0.8884981738196479,1.1077717940012615,3
0.6642406119240655,1.0282328128814697,3
0.6284434133105808,0.9745097955067953,3
0.7297735479142932,1.1852126518885295,3
0.6097267965475718,0.9835921128590902,3
0.6387208965089586,1.0174999237060547,3
0.7431911892361112,0.8926508029301962,3
0.5557950933774313,0.8210059801737467,3
0.7954866422547234,1.3224269151687622,3
0.6007363531324599,0.8386648495992025,3
0.636658681763543,1.0465800762176514,3
0.8952456977632312,1.1351794401804607,3
0.8062585857179428,1.1100176970163982,3
0.7303236921628317,1.1680861512819927,3
0.6681346893310547,1.0280290444691975,3
0.9072699613041348,0.8222444852193197,3
0.6146294911702473,0.8989232778549194,3
0.3987511661317613,0.8175992170969645,3
0.8666267527474297,0.9807041883468628,3
0.6565594805611504,1.131536563237508,3
0.6010829077826606,1.0143283208211262,3
0.8596240811877781,0.877533753712972,3
0.46855469544728595,1.171322504679362,3
0.8466716739866468,1.0325185457865398,3
0.8319221867455378,0.6362692515055339,3
0.5809215042326186,1.2867258389790852,3
0.7221759955088297,1.109195311864217,3
0.6829760869344076,1.1810489098230998,3
0.6910200251473322,1.0523151556650798,3
0.7992181115680271,0.9980154037475586,3
1.1581355465783012,1.2695508003234863,3
0.9870099491543239,1.0556942621866863,3
0.990757950146993,1.113814393679301,3
0.9929626650280422,1.1138286987940471,3
0.6043435335159302,0.8147454261779785,3
0.8985700474845038,0.712971846262614,3
0.7271187172995673,0.8297300338745117,3
0.6771652698516846,1.0187594890594482,3
0.9670542081197103,1.1878108183542888,3
0.8812387651867336,0.9475359916687012,3
0.7525617082913717,1.1699886719385784,3
0.6986395716667175,1.088647762934367,3
0.7246863842010498,0.7173538208007812,3
0.8227857218848335,1.1392525434494019,3
0.8188672463099161,1.1715636253356934,3
0.6771774821811252,1.2012210687001545,3
0.9960332711537679,1.0447079340616863,3
0.8011951446533203,0.8022041320800781,3
0.23014704386393228,0.8096861044565836,3
0.819814231660631,1.116941253344218,3
0.90903459654914,1.0660049120585124,3
0.7061140477657318,0.8934603134791056,4
0.8854253093401591,0.8962005774180094,3
0.6148955557081435,1.1864632368087769,3
0.7868240541881986,1.0946529308954875,3
0.48171064588758683,0.7524137496948242,3
0.7022513813442655,1.014500617980957,3
0.8174720538987055,0.9557224114735922,3
0.8969614638222588,0.860715905825297,3
0.6156679524315728,1.139020601908366,3
0.5922379593054454,0.9842073122660319,4
0.859868950313992,1.1300324598948162,3
0.7390359375211927,0.9154981772104899,3
0.49250462320115834,1.1141934394836426,3
0.7934838136037191,1.100344181060791,3
0.9505570365322962,0.8452797730763754,3
0.7485234008895025,0.9085543950398763,3
0.7713505294587878,1.0874278545379639,3
0.8311122523413763,0.7728292147318522,3
1.1392972270647685,0.8805472056070963,3
0.42202266057332355,0.6768982410430908,3
0.674627211358812,0.6522494157155354,3
0.7712103724479675,0.8506871064503988,3
0.8231322103076512,1.0263171990712483,3
0.7902864244249131,0.8083335558573405,3
0.6487420135074191,0.8588215510050455,3
0.9241012334823608,1.058280070622762,3
0.9522940317789713,0.9569723606109619,3
0.7099286238352458,1.0535532236099243,3
1.1006380253367956,0.6854151089986165,3
0.8577367862065634,0.9218244949976603,3
0.8195855087704129,1.1453434626261394,3
0.8294495873981051,1.1210652192433674,3
0.8372088339593676,1.1548891067504883,3
0.8403799401389227,1.005170504252116,3
0.6342238585154215,1.2040787935256958,3
0.7081721093919543,1.2172677914301555,3
0.7308746576309204,1.0760727723439534,3
0.9873773654301962,0.48291015625,3
0.5567146937052408,0.5772000948588054,3
0.8298155268033346,1.1055834293365479,3
0.8946005635791355,0.7436078389485676,3
0.5985499143600463,1.0282465020815532,4
0.9426914321051704,1.0665508111317952,3
0.9373151461283366,0.9452307224273682,3
0.7415856679280598,1.223232587178548,3
0.6008171505398221,1.1892923911412556,3
0.6356260246700711,1.1235613028208415,3
0.9367168413268194,1.0033610661824544,3
0.5351317698614938,1.0141776561737061,5
0.8925273021062216,1.019288142522176,3
0.9293227261967129,1.2003884712855022,3
0.9572774105601841,1.1262179215749104,3
0.9849434693654379,1.1564138730367024,3
1.0007789664798314,1.0737756888071697,3
0.5267661280102199,0.6975294748942058,3
0.5200217432445949,1.1292143265406291,3
0.8248634139696757,1.0092070897420247,3
0.4624622662862142,0.9591448704401652,3
0.6413913170496622,0.568156083424886,3
0.8872452444500394,1.1672943035761516,3
0.5398176511128744,0.9801385402679443,3
0.8706098794937134,0.855241854985555,3
0.8003624346521166,0.6773487726847331,3
1.0092396140098572,0.9127455155054728,3
0.9978064960903591,1.160596211751302,3
0.667740868197547,0.9781756401062012,3
0.8083441257476807,0.9057971239089966,3
1.1142688923411899,1.0584063529968262,3
0.78857421875,1.2461779117584229,3
0.4723388433456421,1.0409540335337322,3
0.15559852123260498,0.7515036265055338,3
0.7366101874245539,1.0539082686106365,3
0.8819566567738851,0.9897390206654867,3
0.5285671154657999,0.7433253924051921,3
0.5886951486269633,0.874238650004069,3
0.8129004571172928,1.000192920366923,3
1.0604149566756353,0.9656604131062826,3
0.9614247878392538,1.0681262016296387,3
0.2924441417058309,1.0596144199371338,3
0.8698836631245084,1.1554327805836995,3
0.7777637110816108,1.140840212504069,3
0.6057979464530945,1.083930492401123,3
0.6994178692499796,0.9444549878438314,3
0.7172396315468683,0.9394952058792114,3
0.26857871214548745,0.7644646167755127,3
0.6889767646789551,0.7561700820922852,5
0.561971558464898,0.7963422139485677,3
0.9069606198204888,1.0994423230489094,3
0.30842045413123237,0.46847136815389,4
0.7583443853590223,0.9397482872009277,3
0.7712803284327189,1.0012423594792683,3
0.8538518879148694,1.049998124440511,3
0.17609405517578125,0.571733792622884,4
0.7513709730572171,1.1619083086649578,3
0.7336361143324109,0.6825362841288249,3
0.7979859643512303,1.0606207847595215,3
1.0605179303222232,0.967150608698527,3
0.8084719777107239,0.9727562665939331,3
0.6490923431184558,1.0570815404256184,3
0.7824896706475152,1.0688146750132244,3
0.4062742789586385,0.8970853885014852,3
0.6987096865971884,1.0003605683644612,3
0.6957588990529379,1.1037522951761882,3
0.7446647551324631,1.1274428367614746,3
0.9278424580891927,0.8261914253234863,3
0.9789357052909003,1.0138233105341594,3
0.6015455722808838,1.1080986658732097,3
0.9874175455835129,1.2084416151046753,3
0.9361627366807724,0.7602299849192301,3
0.5652178128560384,0.6605484485626221,3
0.5591403643290201,0.7429677645365398,3
0.27317712306976316,0.5940430164337158,4
0.6356142494413587,1.1799147725105286,3
0.17404874165852866,0.45303829511006677,3
0.42880005306667757,0.7340258757273357,3
0.9257849719789294,0.9751642545064291,3
0.5754471520582836,0.7878939310709635,4
0.8251402576764425,0.9886400699615479,3
0.5937613646189371,0.9850296974182129,3
0.8414453069368998,0.8156085014343262,3
1.0510488516754573,0.7660869757334391,3
0.9539931787384881,1.0502943793932598,4
1.0160237484508092,0.8956336975097656,3
0.9947261346711054,1.0041125615437825,3
1.1809501383039687,1.040376861890157,3
0.6322996881273059,0.8392214377721151,3
0.7885575691858927,1.1606019337972004,3
0.6871753931045532,0.9705784320831299,3
0.9521910349527994,0.7713409264882406,3
0.5672595500946045,1.138562838236491,3
0.649973001745012,1.142170786857605,3
0.9446892208523221,1.1887595256169636,3
0.5741026136610242,1.010863979657491,3
0.8163617915577359,0.7804303169250488,3
0.6094372272491455,0.9016021490097046,3
0.24266522725423179,0.4256962140401205,3
0.6402475869214094,1.1317110061645508,3
0.6311575174331665,0.9557611147562662,3
0.8015900320476956,1.0224523544311523,3
0.7560439109802246,0.8984937270482382,3
0.9230477743678622,1.148609717686971,3
0.8689815865622625,0.7833302815755209,3
0.4957711299260457,0.7277428309122722,3
0.7164525455898708,0.9225463072458903,3
0.8437055746714274,1.0003478129704793,3
0.5563728411992391,1.0070243676503499,3
0.7165763643052844,1.1910289525985718,3
0.6791648467381796,1.158456524213155,3
0.7823401292165121,0.7695438067118326,3
0.6081978877385458,0.48123391469319665,3
0.42763487497965497,1.1298308372497559,3
0.8138484822379218,0.9046969413757324,3
0.7847486469480726,0.9416874249776205,3
0.31070222854614254,0.7546248435974121,3
0.634260098139445,1.2038110494613647,3
0.6677541136741638,0.8361664613087972,3
0.802820410993364,1.115055799484253,3
0.8551228046417236,1.0780322154362996,3
0.9070238669713339,0.8527901570002238,3
0.6402363379796346,1.006946603457133,3
0.5653738710615369,1.1529403527577717,3
0.5057090653313531,1.0714589754740398,3
0.8030620813369751,0.819458802541097,3
0.7279497517479792,0.8064475059509277,3
0.7088414033253988,1.1280802885691326,3
0.3394580947028267,0.8350365956624349,3
0.8540939887364706,1.210921287536621,3
0.547974913208573,0.6567156314849854,3
0.8900267250008054,1.113357384999593,4
0.8113690879609851,1.0714728037516277,3
0.7326090269618565,0.8583303292592367,3
0.9674458371268378,1.1362815300623577,3
0.7282845444149442,1.066567023595174,3
0.7908571627404953,1.0899658997853596,3
0.6492059628168741,0.8044878641764323,3
0.6797634098264905,1.0707933902740479,3
0.6981957885954114,0.5803602536519368,3
0.7861992650561863,0.97298796971639,3
0.626706584294637,1.1354278723398845,3
0.8767852783203125,1.1240181525548298,3
0.9388881921768188,1.1016925970713298,3
0.9515176945262486,0.9743027687072754,3
0.4650856124030219,0.5798578262329102,3
1.0119487709469264,1.1332695484161377,3
0.7292705376942953,1.0876706838607788,3
0.6951797008514404,1.1944398880004883,3
0.5214526388380262,0.9051060279210409,3
0.9184569120407104,1.10434623559316,3
0.596637871530321,1.0855109691619873,3
0.8481195635265775,0.8813974062601725,3
0.9727565182579889,1.163405418395996,3
0.7381873726844788,1.1314632097880046,3
0.6857573191324869,1.0546328226725261,3
0.8284202681647407,0.9898080825805664,3
0.8571271167861091,1.049146016438802,3
0.7369495232899984,0.8171283404032389,3
0.6397930383682251,0.8983182907104492,3
0.944972038269043,0.8520685831705729,3
0.7598320643107096,0.9134274323781332,3
0.901329543855455,1.0630782842636108,3
0.6187254654036628,1.271338701248169,3
0.7710001203748914,0.8995339473088583,3
0.28781378269195557,0.6114877065022786,3
0.5118378135893079,0.5360503196716309,3
0.6847134166293674,0.9578661918640137,3
0.8367377519607544,0.8271050453186035,3
0.77938625547621,1.0569581190745037,3
0.80533593694369,1.0713577667872112,4
0.7393457227283053,0.8043920199076334,3
0.6522496673795912,0.606132984161377,3
0.5516695711347791,0.5089381535847981,3
0.7461007171207004,0.9553497632344564,3
0.8094797134399414,1.135276198387146,3
0.8762739234500462,1.191487451394399,3
0.7487937741809422,1.1033611297607422,3
0.5637516445583768,1.251819411913554,3
0.8135448429319593,1.0996530055999756,3
0.8090486526489258,1.0288816293080647,3
0.9486211869451736,1.0219091574350994,3
0.9025838838683233,1.0103288491566975,3
0.6893542806307474,0.7625519434611002,3
0.7041493389341568,1.1683696111043294,3
0.7958997223112317,0.8598283926645914,3
0.07496510346730549,0.8590676387151083,3
0.905123300022549,1.0565393368403118,3
0.5142519474029541,0.7460122903188069,3
0.8913783497280545,1.060645302136739,3
0.7481617000367907,1.0480032761891682,3
0.7582738929324679,0.5405547618865967,3
0.883575439453125,1.1529401938120525,3
0.6044144497977363,0.9337712526321411,3
0.7855379846360947,0.932889461517334,3
0.7328360213173761,0.8715850909550985,3
0.6590965059068469,0.7478802998860676,3
0.8709355460272894,0.756994883219401,3
0.9735509289635552,1.0535671710968018,3
0.6468141211403741,1.1002350648244221,3
0.7089846531550089,0.7360421816507976,3
0.9520459440019394,1.002094030380249,3
0.5213589270909628,0.6891825993855794,3
0.6102763414382935,0.4847205479939779,3
0.5802742640177408,0.9863566160202026,3
0.8099515438079834,1.201021671295166,3
0.8095271719826593,0.9043614864349365,3
0.7352963421079847,1.129282553990682,3
0.8716444704267713,0.9564772049585978,3
0.6725380288230047,0.9571356773376465,3
0.7383487886852689,0.3798114458719889,3
0.7649158504274157,0.8970751762390137,3
0.4559393723805745,0.5000615119934082,3
0.9312076171239217,0.9733904600143433,3
0.23929752508799237,0.8415650526682535,3
0.9182407379150391,0.9077756404876709,3
0.6740639474656848,0.8502341906229655,3
0.14603753487269083,0.25440216064453125,4
0.3172135088178846,0.5214166641235352,3
0.5622322426901923,1.1907224655151367,3
0.3132588863372803,0.3714061578114828,3
0.5347399049335056,1.0351029237111409,3
0.7461011144849988,1.1163692871729534,3
0.45819799105326336,0.8657453457514445,3
0.5383129517237345,0.927500327428182,3
0.9061513543128967,1.0033687353134155,3
0.7593161529964871,0.6953893502553303,3
0.7380728986528186,0.9805239041646322,3
1.1514708399772644,1.0212113857269287,3
0.6555543740590414,1.1694125334421794,3
0.4625025987625122,0.6803749402364094,3
0.8980188237296209,0.9867793321609497,3
0.12947891818152535,0.21940549214680993,3
0.9789252678553263,0.9459416468938192,3
0.8414588239457871,0.7810223897298177,3
0.9290872746043736,0.8597424825032552,3
0.7525731854968601,1.037542502085368,3
0.8292553755972122,0.8947939872741699,3
0.7680601543850369,0.8897649447123209,3
0.9386272231737772,1.2095451951026917,3
0.9203169624010722,1.1345489819844563,3
0.7889947493871053,0.9833730061848959,3
0.6818789773517184,1.0376287301381428,3
0.7880083786116705,1.0798044204711914,3
0.557513435681661,1.2373193502426147,3
0.5497312678231133,1.0024431546529133,3
0.7230146725972494,0.8235588073730469,3
0.6750474505954318,1.1667436758677165,3
0.8173608514997696,1.0465993881225586,3
0.38268085320790607,0.2664815584818522,3
0.6608206192652385,1.2486481070518494,3
0.7752443552017212,0.8809109528859457,3
0.9317932857407465,0.7254244486490886,3
0.7942340771357218,1.0926698843638103,3
0.777776108847724,1.123143196105957,3
1.00055593252182,1.0298458337783813,3
0.4391799900266859,0.5518101056416829,3
0.7365613645977445,0.8899912039438883,3
0.60545371638404,1.1417429049809773,3
0.6572217014100816,0.7264231046040852,3
0.7854403257369995,0.6096655527750652,3
1.047469523217943,0.9531188011169434,3
0.5483702023824056,1.06094229221344,3
0.8094144132402209,1.0531827608744304,3
0.7958991514311897,0.8285583257675171,4
0.5722591479619344,0.42742808659871423,3
0.37659135659535725,0.9172939459482828,4
0.5815343724356757,0.9633368651072184,3
0.9913389351632859,1.087260643641154,3
0.6612078507741292,0.8986310164133707,3
0.7729365825653076,0.6625543435414631,3
0.6021764013502333,1.1358216603597004,3
0.7931170331107245,0.8598213195800781,3
0.679474221335517,0.9161921739578247,3
0.6284788184695773,0.7611628373463949,3
0.8662043809890747,0.7362451553344727,3
0.47448319858974886,1.0977323055267334,3
0.8100087510214912,1.080682357152303,3
1.0061939822302925,1.022554914156596,3
0.6091498533884684,0.8686884244283041,3
0.6951932774649726,0.5814072291056316,3
0.5327606598536173,0.9671009381612142,3
0.35382200082143145,0.8147705396016439,3
0.3987063964207967,0.7141259511311848,3
0.7614579730563694,0.7636919021606445,3
1.067984892262353,1.025706132253011,3
0.5245992739995321,1.1252681414286296,3
0.807827353477478,0.610101858774821,3
1.1330253614319696,1.1285745700200398,3
0.8894168933232626,0.7646439075469971,3
0.7359243601560592,0.9822660287221273,4
0.8446553548177084,1.2140285571416218,3
0.6315014362335205,0.9937050342559814,3
0.08314524756537545,0.22047487894694007,3
0.8319574991861979,0.8809642791748047,3
0.7387871344884237,0.8103833198547363,3
0.6707856522666084,0.6966857115427654,3
0.8426934083302816,1.136958916982015,3
0.8642704751756455,1.1150720119476318,3
0.8664621313412985,0.8423767487208048,3
0.7459613137774997,0.7052406072616577,4
0.3383559518390231,0.49419657389322913,3
0.08006082640753853,0.2935274442036947,3
0.6520418326059977,1.0119463602701824,3
0.7466604974534775,1.0243722597757976,3
0.7590398399918167,0.5206724802652996,3
0.7837024264865451,0.8714931805928549,3
0.9232649736934238,1.0173717339833577,3
0.6637540525860257,0.7247072855631511,3
0.8717621101273431,0.9842256307601929,3
0.661573502752516,1.0787870089213054,3
0.1443672239780426,0.8443398475646973,4
0.7551259464687771,0.6936109860738118,3
0.8789680269029404,1.0961406230926514,3
0.8896808425585429,0.9225464661916097,3
0.5490594837400649,1.2741992473602295,3
0.3731956084569295,0.6718455950419109,3
0.7550958858595953,1.0375773509343464,3
0.6769411431418524,1.201403061548869,3
0.8412592146131729,1.1108752886454265,3
0.7213699552747938,0.7506512006123861,3
0.5884529219733344,0.8708039124806722,3
0.8048123319943746,0.8399029970169067,3
0.7124735646777682,0.8251513640085856,3
0.565237389670478,0.8038036823272705,3
0.8914381066958109,0.7266250451405842,3
0.6796129941940308,0.8961303234100342,3
0.6338491439819336,0.8039620717366537,3
0.617426766289605,0.666773796081543,3
0.7435795731014676,1.1160258452097576,3
0.6471042434374491,1.0958689053853352,3
0.8152494033177694,0.9978075822194418,3
0.6799244483311971,1.0829946597417195,3
0.5799959897994995,1.0778295199076335,3
0.7461224397023519,0.5449227492014568,3
0.8749112751748828,1.0933558940887451,3
0.7530618376202053,1.0127697785695393,3
0.8473886118994818,0.916209896405538,3
0.7155369718869528,1.1838493347167969,3
1.02652026547326,0.8331553936004639,3
0.5392086307207743,0.884220282236735,3
0.5553227066993713,1.0332876046498616,4
0.7654976182513766,1.0863633155822754,3
0.9337445894877116,1.134047508239746,3
1.154428780078888,1.1462959448496501,3
0.8678054478433396,1.0131664673487346,3
0.7785366508695816,0.9320303599039713,3
0.6402863396538628,1.1928093036015828,3
0.7246475219726562,1.1766206820805867,3
0.6443009773890177,0.6704684893290203,3
0.9248916705449423,0.9702099164326986,3
0.7211668888727824,0.8689796924591064,3
0.8452886210547553,1.2491043011347454,3
0.6241080363591512,0.7133283615112305,3
0.8269075486395095,1.230766197045644,3
0.8791128065850998,1.0825646320978801,3
0.47248514493306476,1.209065357844035,3
0.6822236312760248,1.3142839074134827,3
0.5556965271631876,1.2193636496861775,3
0.784027311537001,1.0633906920750935,3
0.8551677730348374,1.1667089462280273,3
0.5814416673448352,0.620352029800415,3
0.6589584350585938,0.9462701479593912,3
0.8307138204574585,0.8832302490870158,4
0.5956818925009834,1.0398826599121094,3
0.7656726638476054,1.129572073618571,3
0.8452647063467237,1.1945056120554607,3
0.9521391656663681,1.0259238481521606,3
0.7965133455064562,1.1716118057568867,3
0.6636892424689399,0.9125418663024902,3
0.9349127080705429,0.9028183221817017,3
0.3574771801630656,0.9629753430684408,3
0.5992321438259549,0.6139992078145344,3
0.4601840443081326,1.1317662000656128,3
1.0161332686742146,0.8147664070129395,3
0.6737940178977119,1.0013686021169026,3
1.0182851420508492,1.0567163626352947,3
0.8071532646814982,1.2080012559890747,3
0.592457718319363,1.196649471918742,3
0.7723665965927973,1.0962725083033245,3
0.7202269898520575,0.8146445751190186,3
0.5748333401150174,0.8371805747350057,3
0.7887346612082586,0.8641054630279541,3
0.8523448970582751,1.047959605852763,3
0.879546430375841,0.899992823600769,3
0.8617968208260006,0.8880868752797445,4
0.6812618573506674,1.1329821745554607,3
0.7053224245707194,0.8081218401590983,3
0.8079949617385864,1.1405094861984253,3
0.7945083909564549,1.1018835306167603,3
0.5845883025063409,0.7340874671936035,3
0.47905699412027997,1.1260942618052165,3
0.07676705718040466,0.27272446950276696,4
0.554366495874193,1.138990084330241,3
0.9459771845075818,0.8388086954752604,3
0.9186907847722372,1.0321834484736125,3
0.7752273877461752,1.1881428559621174,3
0.7900273005167643,1.1049304405848186,3
0.3192615701092614,1.0877567132314045,4
0.47943351003858775,0.7483428319295247,3
0.8730984727541605,0.9802597363789877,3
0.48858050505320233,1.0070759455362956,3
0.8118341896269058,0.7194695472717285,3
0.8070066902372571,0.7196285724639893,3
0.16658247311909993,0.6305693785349529,3
0.6133098072475858,1.0484771728515625,3
0.7600456873575846,0.9913765589396158,3
1.0935821566316817,1.1599857012430828,3
0.49051438437567824,1.2180650631586711,3
0.8532357613245646,1.0887285073598225,3
0.4436430268817478,0.9500176906585693,3
0.6904508405261569,1.214763383070628,3
0.4597798188527425,0.471777598063151,3
0.5150217480129666,0.9442445834477743,3
1.131344391240014,0.7884801228841146,3
0.828613625632392,1.0116878350575764,3
0.9476656119028727,0.7573401927947998,3
0.9725529948870341,1.0759628613789876,3
0.4846631685892741,0.6890743573506672,3
0.5501139693790013,1.2802799542744954,3
0.549370527267456,0.8070178031921387,3
0.7717254426744248,0.8215190569559733,3
0.6842240492502848,1.1222178141276042,3
0.9459042946497599,0.9357454776763916,3
0.8006367683410645,1.0587270259857178,3
0.7913047273953756,0.7497235933939617,3
0.8894003762139215,1.1723244786262512,3
0.7558526727888321,0.7646636962890625,3
0.1535638968149821,0.27667387326558435,3
0.4900046984354655,0.9651729265848795,3
0.7051836252212524,1.0756971836090088,3
0.9546098709106445,1.03928804397583,3
0.72247124285925,0.9060180187225342,3
0.8014028668403625,1.0353108644485474,3
0.594919761021932,0.8281670411427816,3
0.6751655949486626,0.4015481472015381,3
1.1242360009087458,1.076640288035075,3
0.3440403620402018,1.0621098279953003,3
0.7761338154474894,0.8257145881652832,3
0.9727638264497122,0.681018590927124,3
0.8206953472561306,0.9754692713419596,3
0.5159535805384318,1.2023271322250366,3
0.7490855985217624,0.7144961357116699,3
0.9584738943311905,1.0987250804901123,3
0.6886852317386203,1.0507500966389973,3
0.9087551832199097,0.7821365197499593,3
0.9385960181554158,1.1148627996444702,3
0.7891380389531454,0.848193883895874,3
0.694737222459581,0.40410868326822913,3
0.8867314126756455,0.9593362013498942,3
0.645457771089342,1.103467543919881,3
0.7820190853542752,1.241693655649821,3
0.9051156441370646,0.9284690221150717,3
0.7464628881878322,0.8376634120941162,3
0.18718487421671548,0.9255311489105225,3
0.774902488787969,0.9882239500681559,4
1.031550923983256,1.0534640153249104,3
0.6415629916720921,0.962775468826294,3
0.9222218334674835,0.43463023503621423,4
0.7820735772450765,1.0308406750361125,3
0.7912944025463529,1.1365491946538289,3
0.6311432361602783,1.0808926423390706,3
0.7669218116336399,1.0149060885111492,3
0.7172549035814072,0.9874640703201294,3
0.9442790746688843,0.9651141166687012,3
0.5384793043136596,1.257604678471883,3
0.7603824469778274,0.6616342067718506,3
0.6141095956166586,1.0835923353830974,3
0.9083545605341593,0.7313307921091716,3
1.0228051079644098,1.0358686049779255,3
0.9804776608943939,0.9373451073964437,4
0.7842575245433383,0.6557089487711589,3
0.8237064282099406,0.9512023131052653,3
0.7775232262081571,1.1578197479248047,3
0.6697581079271103,0.9013626575469971,3
0.37923717498779297,0.5933609008789062,3
0.9569339752197266,1.125377098719279,3
0.7820500055948894,1.1679449677467346,3
0.8318185938729181,0.9852701822916666,3
0.8676706420050727,0.9408140977223715,3
0.8188267946243286,0.7636940479278564,3
0.8312012685669793,1.109548012415568,3
0.6594615247514514,0.8336143096288046,3
0.9184549252192179,1.1452020804087322,3
0.6851454112264846,1.0034337043762207,3
0.7503144939740499,1.149794578552246,3
0.755241314570109,0.6441075801849365,3
0.7634533603986103,0.6598974068959553,3
0.3872618498625579,0.5834414164225261,3
0.34237259229024253,0.7310794194539387,3
0.661537422074212,0.7255859375,3
0.6800535519917806,1.162030021349589,3
0.9306972755326165,0.9575957854588827,3
0.6738025347391764,1.1156190236409504,3
0.7098990943696762,0.9414273897806803,3
0.63797750737932,1.0439060529073079,3
0.714852531750997,1.214860439300537,3
0.8258490827348498,0.6969523429870605,3
1.0167474150657654,1.033638556798299,3
1.0008644262949626,0.7319889068603516,3
0.6279560724894205,1.16976664463679,3
0.6800478763050503,0.6591932773590088,3
0.7826723416646322,1.0051325758298237,4
0.7781384785970052,0.8108305931091309,3
0.7497656146685282,0.9994343916575114,3
0.9739685455958048,1.0380303859710693,3
0.9979754553900824,0.7999792893727621,3
0.7759274681409201,0.9569320678710938,3
0.6915130615234375,0.8599018255869547,3
0.8207573668162028,0.9688501358032227,4
0.7046252753999497,1.0955016215642293,3
0.7545479006237454,0.9826987584431967,3
0.5944274134106107,1.1234792073567708,3
1.0719826486375597,0.9385685125986735,3
0.46138803164164227,1.120750069618225,3
0.9615448713302612,0.9394782781600952,3
0.9016099638409085,0.8380832672119141,3
0.8024871614244248,0.8132659594217936,3
0.8235038253996106,1.138410210609436,3
0.9752710660298666,1.1060221989949544,3
0.26171420680152047,0.6181629498799641,3
0.763459371195899,0.6157392660776775,3
0.5661696116129558,0.7529939015706381,3
0.7557397484779358,0.961807131767273,3
0.6305625041325887,1.1353744665781658,3
0.9411693811416626,0.8929313659667969,5
1.0013011561499703,1.005996584892273,3
0.5571344375610351,1.203313450018565,3
0.7711547613143921,0.9854347705841064,3
0.6052076286739774,1.072488268216451,3
0.827311568790012,1.2077546914418538,3
0.6862598723835415,1.2768777410189311,3
1.0299859311845567,0.8629974126815796,3
0.7554021080334982,0.9739439090092977,3
0.7279915942086114,1.1431725819905598,3
0.6384910565835459,0.5104978084564209,3
0.6772909959157308,1.0524413585662842,3
1.0059673918618097,0.7534863948822021,3
0.8363619248072306,0.9751462936401367,3
0.5361552106009589,0.9465178648630778,3
0.5812595552868314,0.8525751431783041,3
0.7384183936648899,1.0982879797617595,3
0.7468074825074938,1.0243945121765137,3
0.8700929482777914,1.1525298754374187,3
0.5935865905549792,0.7730321884155273,3
0.43100253740946454,1.0260344743728638,3
0.9711880352762009,0.9817535877227783,3
0.6615124278598361,1.170188029607137,3
0.8876745767063565,0.8725720246632894,3
0.7796653442912632,1.1056127150853474,3
0.7816218005286322,0.9890048106511434,3
0.8834344016181097,1.1654726266860962,3
0.8043452898661295,0.694473107655843,3
0.7459961970647176,0.8435867627461752,3
0.683310521973504,1.1247059504191081,3
1.041811399989658,1.2383575240770976,3
0.9683451520072088,1.2072427074114482,3
0.627342700958252,0.5728799502054851,3
0.6650428771972656,0.5916012128194172,4
0.8567759858237373,1.1192203362782795,3
0.8316827615102133,0.910731832186381,3
0.7853837145699396,1.0015764236450195,3
0.9015188217163086,0.8598055044809977,3
0.7811293601989746,0.6739559968312581,3
0.6744350327385797,1.110729416211446,3
0.5547535287009345,1.1918275753657024,3
1.4000954892900255,1.1026699542999268,3
0.885398851500617,0.9758565425872803,3
0.7652322769165039,0.9492277304331461,4
0.8832337061564127,0.927240252494812,3
0.7604669067594739,0.9959765672683716,3
0.5670236415333217,0.9563644727071127,3
0.679945601357354,1.225415289402008,3
0.4551984998914931,1.004236380259196,3
0.7623205847210354,0.9114515781402588,3
0.751028299331665,0.8817549149195353,3
0.7006748384899563,1.1195764541625977,3
0.6697140865855747,0.8666079044342041,3
1.0372374057769775,0.9990435838699341,3
0.71048370997111,1.0135046243667603,3
0.3937143663565318,0.7660868167877197,4
0.5721644401550293,0.9877197742462158,3
0.46634569168090817,0.8222867647806803,3
0.9861499733395047,1.1901517907778423,3
0.7913986576928034,0.9610442320505778,3
0.9921963049305811,1.1340561707814534,3
0.7311159902148776,1.0478063821792603,3
0.9681669738557604,0.783003012339274,3
1.0906104180547926,1.1695120731989543,3
0.9268999960687424,0.9856774012247721,3
0.46910492579142254,0.9241738319396973,3
0.757381796836853,0.965198795000712,3
0.8654287656148275,0.7020080884297688,3
0.6271954642401801,0.9592593908309937,3
0.8034896453221639,0.9442344506581625,3
0.7119069933891297,0.9270214239756266,4
0.6993922856118943,1.1008514563242595,3
0.7475671900643244,0.9995303551355997,3
0.602491537729899,0.7685902913411459,3
0.79257775677575,0.8792692820231119,3
0.7145982583363851,0.9842278957366943,3
0.5317900445726182,1.0566724141438801,3
0.9691893259684244,1.1073987483978271,3
0.6509731478161283,1.161705454190572,3
0.6356935302416483,0.8736345370610555,3
1.1227485537528992,0.857003410657247,4
0.6624784999423556,1.2469847202301025,3
0.6771637996037801,0.5437792142232258,3
0.6637541320588853,1.071922500928243,3
0.8690593640009562,0.9795494874318441,3
0.6761524279912313,0.7358687718709309,3
0.4763760169347127,0.7341479460398357,3
0.7498797443177966,0.8026954332987467,3
0.8186567955546908,0.7186837196350098,3
0.8741577466328939,0.7651426792144775,3
0.8349418772591485,0.9780389865239462,3
0.42247081398963926,0.5667344729105632,4
0.5490193367004395,0.8475895325342814,3
0.9438731140560573,1.0909721851348877,3
0.951732940144009,0.9020182291666666,3
0.3555914560953776,0.6132338047027588,3
0.9100338551733228,1.0892431338628132,3
0.48017079035441085,0.7471352577209472,5
0.6191921366585625,1.070828954378764,3
0.777541266547309,1.1520382165908813,3
0.7605188025368584,1.150781790415446,3
0.7654455237918429,0.6523358821868896,3
0.8856752713521322,0.9597462813059489,3
0.49289482169681126,0.3822469711303711,3
0.8410796721776327,0.9898137251536051,3
1.0637472139464483,1.1119434038798015,3
0.6932378742429947,1.1237823963165283,3
0.793530133035448,0.7461439768473308,3
0.8236308362748886,0.9557106097539266,3
1.0167493489053514,1.059499700864156,3
0.7088642915089926,1.140825668970744,3
0.6230888896518283,1.146621863047282,3
0.7030274205737643,1.0003015995025635,3
1.0463637842072382,1.0528881947199504,3
0.9939591487248739,1.1346640586853027,3
0.8606053855684069,0.9413660764694214,3
0.7068846490648059,0.9235050678253174,3
0.5379261175791422,0.6984826723734539,3
0.8906937175326878,0.6744720141092937,3
0.4625881645414564,0.9432426691055298,3
0.6202943722407023,0.97562042872111,3
0.7074936230977377,1.154142141342163,3
0.3198583920796712,0.5166637102762859,3
0.5198288228776721,1.0248167117436726,3
0.7912880380948385,1.0181925296783447,3
0.3439906199773153,0.5911509195963542,3
0.878621670934889,1.084761142730713,3
0.5678776502609253,0.9506295522054037,3
0.7773183054394192,1.0432356993357341,3
0.7726730505625407,0.9447470506032308,3
0.773094183868832,1.0425310134887695,3
0.7815646462970309,1.1631412903467815,3
0.8909665875964695,0.9406413634618124,3
0.9146820174323188,1.1376601060231526,3
0.6204072766833836,0.7202792167663574,3
1.3215747276941936,0.40750654538472497,3
0.7192942036522759,0.8567483425140381,3
0.8211365011003281,1.1009372075398762,3
0.7008975876702203,0.6950399875640869,3
0.7143860856691996,0.9013009071350098,3
0.7632495893372431,0.9622586965560913,3
0.7922596335411072,0.7520123322804769,3
1.0433538158734639,0.8533699115117391,3
0.6416846381293403,1.0403026739756267,3
0.8085903194215561,1.1123717625935872,3
0.8475405110253229,0.8797364234924316,3
0.5367132955127293,1.2012035846710205,3
0.7669183678097196,1.160269856452942,3
0.9784733057022095,0.8812508980433146,3
0.6984866592619156,0.6115504900614421,3
0.7630137867397733,1.0256874561309814,3
0.7987043857574463,1.1314700444539387,3
0.5768117507298788,1.093187650044759,3
0.732509970664978,0.9175849755605062,3
0.7609454525841608,1.202360490957896,3
0.6681643062167697,0.5877028306325276,3
0.6851738426420425,1.0475048224131267,3
0.6038170390658908,1.0954430500666301,3
0.5302702585856119,1.024091402689616,3
0.6413533422682021,0.8800168037414551,3
0.715066154797872,0.960573673248291,3
0.7815480629603068,1.0310710668563843,3
0.9540567795435587,1.1503887176513672,3
0.49338563283284503,1.1177668571472168,3
0.40199655956692165,0.6677243709564209,3
0.8796959718068441,0.9634745121002197,3
0.6272240029440985,0.5518152713775635,4
0.5416077507866753,0.8418261210123698,3
0.7271067500114441,0.8880894581476847,3
0.6407184600830078,1.018673340479533,3
0.651781506008572,0.9300775527954102,3
0.3979228337605794,1.0192728837331135,3
0.7866812215911018,1.1465574900309246,3
0.7342168976863226,0.9631787141164144,4
0.6683109468883939,1.0608587265014648,3
0.7018867466184827,1.2916311025619507,3
0.697269982761807,1.2787349621454875,3
0.7929504579967922,1.0886238813400269,3
0.7861841254764134,0.751038392384847,3
0.763390302658081,0.7714986801147461,3
0.7442983653810288,1.0140816768010457,3
0.9035424656338162,1.078292727470398,3
0.8480185667673746,1.0424223740895588,3
1.0232473346922133,0.9075838724772135,3
0.8578158484564886,0.8392331997553507,3
0.6230978038575915,0.9699296553929647,3
0.6588472260369195,1.0098255077997844,3
0.860207716623942,0.664197603861491,3
0.7401017281744217,0.7013150056203206,3
0.6904186407725016,1.266824980576833,3
1.1197549700737,0.8832869927088419,3
0.8243782652748955,1.1193188031514485,3
0.63676598072052,0.5864181518554688,3
0.5494900147120158,1.1450491746266682,3
0.5756744543711344,1.0609349807103474,3
0.7420743306477865,0.9928621451059977,3
0.8112582630581326,0.8912719090779623,3
0.7730376058154635,1.3372039000193279,3
0.7264466683069865,1.1837468147277832,3
0.8105624318122864,0.8954712549845377,3
0.4378574689229329,0.676195462544759,3
0.6966012054019505,1.097730000813802,3
0.7725310789214239,0.9642532666524252,3
0.7899186743630304,0.9458644390106201,3
0.7023766570621066,0.9963897864023844,3
0.5309720039367676,0.5711169242858887,3
1.0408248636457655,1.0342884063720703,3
0.8444018496407403,0.855347752571106,3
0.7642369985580445,0.8947196006774902,3
0.9467671579784818,0.9153633117675781,3
0.6445270644293891,1.2795785268147786,3
1.0255126953125,1.0917792717615764,3
1.0393459796905518,0.6607602437337239,3
0.8040921423170303,0.8732211589813232,3
0.7862605916129218,0.7829861640930176,3
0.7190451953146194,1.0852588812510173,3
0.8662618663575913,0.9103421370188395,3
0.794184430440267,0.8476726214090983,3
0.41764435768127445,0.9252105156580607,3
0.8558540344238281,0.9070944786071777,3
0.4909733136494954,0.7759358882904053,3
0.7063310623168945,0.704312006632487,3
0.5936649507946439,0.8115231196085612,3
0.6244525644514295,0.8787979284922282,3
0.6589459710650973,1.0692081451416016,3
0.7607790231704712,0.7730413277943929,3
0.8819469610850016,1.1304435729980469,3
0.9744859768284692,0.7602744102478027,3
0.8408664729860095,1.19603298107783,3
0.5431745317247179,0.7444897492726643,3
0.6745895147323608,1.253904660542806,3
0.8706132968266805,0.4870866139729818,3
1.0393524567286174,0.9252090851465861,3
0.5884167618221707,0.7503445148468018,3
0.6497702995936075,1.0887099107106526,3
0.7047306696573893,0.6967367331186931,3
0.5023765961329142,0.8934855461120605,3
0.650616592168808,0.5187575022379558,4
0.7863585154215494,1.1054084300994873,3
0.7586459186342026,1.1433600982030232,3
0.6843552986780802,0.8812300364176432,3
0.7256260315577189,1.133809010187785,3
0.8305378490024142,0.6344699859619141,3
0.5639719698164198,1.0085187355677288,3
0.7298985686567094,0.9581144650777181,4
0.8114019632339478,0.6352127393086751,3
0.8646511236826578,0.9400497277577718,3
0.5289046764373779,1.1915345589319866,3
0.6472682158152262,0.8515617450078329,3
0.48805666764577227,1.1887705723444622,3
0.908944116698371,0.9207984606424967,3
0.6902961201137967,1.197171926498413,3
0.5401006407207913,0.7454535166422527,3
0.6505947046809727,1.1974095304807026,3
0.9398137993282742,1.2143364747365315,3
0.7131022479799057,1.140140136082967,3
0.5327010949452718,1.0445814927419026,3
0.5355847279230753,0.8539895216623942,3
1.0084657139248319,1.0778308312098186,3
0.6365503470102946,1.2561076879501343,3
0.7329465217060512,1.2638785044352214,3
0.6370570262273153,0.9820709228515625,3
0.7553784449895223,1.214333951473236,3
0.8530675040351019,0.6866507530212402,3
0.719577603869968,1.26215664545695,3
0.9313937293158636,0.6745591163635254,3
0.7779611216651069,0.8730114698410034,3
0.5875763098398844,1.063637415568034,3
0.9326365523868136,0.8656489849090576,3
0.3181073983510335,0.5189635753631592,3
0.8337176905737983,1.1012851397196453,3
0.9330819315380521,0.617228905359904,3
0.7924610045221115,1.0581610202789307,3
0.7704418367809719,1.0220014651616414,3
0.990697787867652,0.9287052551905314,3
0.17057662540011934,0.5690021514892578,3
0.8800803952746922,1.1422465642293294,3
0.7843979729546442,0.5933504104614258,3
0.907553705904219,1.1748785773913066,3
0.8077534437179565,0.917934775352478,3
0.8393493360943264,1.12667981783549,3
0.5857526858647665,1.1093329191207886,3
0.8057122694121466,1.0835048357645671,3
0.6308188968234593,1.0174827178319295,3
0.7516711457570394,0.9764686584472656,5
0.8736759556664361,1.0025492111841838,3
0.6746221118503146,1.0449403127034504,3
0.7309649917814466,1.1065960725148518,3
0.7820007958109416,0.7273182074228923,3
0.6408855517705282,1.0812001625696819,3
0.805418332417806,1.2020695606867473,3
0.5921262502670288,0.988786776860555,3
0.8104328314463297,0.7012572288513184,3
0.5398513343599108,0.9866478443145752,3
0.8358549276987711,0.9610064029693604,3
0.09533900684780545,0.29406396547953284,3
0.7734780444039239,0.7956787745157877,3
0.8251323435041639,1.0590423742930095,3
0.5687229169739617,1.0633962949117024,3
0.8407538890838623,0.9238456885019938,3
0.600702166557312,0.8429837226867676,3
1.113683051533169,0.760208527247111,3
0.5038204722934299,0.7696212927500407,3
0.25535795688629154,0.7575603326161703,3
0.8421664635340372,0.8999246756235758,3
0.9184757934676276,0.9934928814570109,3
0.8205620447794596,0.8207122484842936,3
0.8194127811325922,1.1527007818222046,3
0.7965607113308376,0.5199405352274578,3
0.6094460884730021,1.1703937649726868,3
0.7952795823415121,0.8192053635915121,3
0.5369552373886108,1.1607577403386433,3
0.9626394510269165,0.9754749536514282,3
0.6853148937225342,0.7827378908793131,3
0.4871669875250922,0.9461635748545328,3
0.622457226117452,1.1172223488489788,3
0.6022109058168199,1.2539493838946025,3
0.7410633762677511,0.8512203693389893,3
0.6780965169270834,0.9495837688446045,3
0.16327638626098634,0.5085176626841228,4
0.682000928454929,1.1497098604838054,3
0.13791884316338432,0.48164796829223633,3
1.0162268032630284,1.0802788535753887,4
0.8387125664287143,1.0898487567901611,3
0.496026701397366,0.8380552530288696,3
0.48951013882954914,0.7164079348246257,3
0.6250673135121664,1.026679793993632,3
0.8140076796213785,0.8021628061930338,3
0.5978972514470419,1.2200266122817993,3
0.8755973047680325,1.1011548439661663,3
0.7387186818652683,1.0148884455362956,3
0.25108689732021755,0.7094851334889729,3
0.9507878687646655,0.6768178939819336,3
0.9474641349580551,1.1335417826970418,3
0.6912878089480929,1.1336568196614583,3
0.7930673095915054,1.2363471388816833,3
0.9143767091963025,0.8403308391571045,3
0.25326712131500245,0.6517809232076008,3
0.8039890925089518,0.9888137181599935,3
0.8181473016738892,0.9826010862986246,3
0.7574789524078369,1.1547471284866333,3
0.3255756934483846,0.9622960090637207,4
0.7366186618804932,1.094430685043335,3
0.7676879432466294,0.987590511639913,3
0.8709056112501355,0.621666431427002,3
0.6322990655899048,1.2509085337320964,3
0.6395681699117025,0.9188359181086222,3
0.7664950688680013,0.6476485729217529,3
0.4385911226272583,1.1541321277618408,3
0.6738574504852295,0.5782816410064697,3
0.5737038453420004,0.8608922163645426,3
0.2299193541208903,0.6258368492126465,3
0.49428028530544704,0.8368915319442749,3
0.5369407256444295,0.5385335286458333,3
0.6451655493842231,1.0583378473917644,3
0.7459015978707209,0.793171246846517,3
0.5726736386617025,0.9739924669265747,3
0.5924761957592434,1.1105015675226848,3
0.596518317858378,0.9392669995625814,3
0.8697602219051785,0.8835567633310953,3
0.7809386650721232,0.820695956548055,3
0.8920198943879868,1.1039009888966878,3
0.9839978747897677,1.1163911422093709,3
0.7386142905553182,1.0077961444854737,5
0.9656806379556656,1.0096653302510579,4
0.6830153067906698,0.8778136173884074,3
0.5815768771701388,1.1934012571970622,3
0.6596974266899956,0.8528008063634237,3
0.729004012213813,1.222020149230957,3
0.8973521259095935,0.5980483690897624,3
0.921865655316247,1.0261969566345215,3
0.7612685892317029,1.0335679451624553,3
0.767228537135654,0.9089420636494955,3
0.46277089913686115,0.9768982330958048,3
0.3537331024805705,0.8800424337387085,3
0.7150448295805191,0.9767316977183024,3
0.6772487031088935,0.7552881240844727,3
0.833484000629849,1.109064261118571,3
0.673842238055335,0.9863180716832479,3
0.5398695786794027,0.7691802978515625,3
0.8331427574157715,1.0569089253743489,3
0.7106010251575047,1.1187978585561116,3
0.4018946091334025,0.8087175687154134,3
0.7163778146107992,1.1040934721628826,3
0.8810961094167498,1.0419003367424011,4
0.9492721027798122,0.8500752846399943,3
0.9710042079289755,0.7511075337727865,3
0.8948126766416761,1.0068287054697673,3
0.6262449423472086,0.8842260440190634,3
0.9151052236557007,0.965499480565389,3
0.5962075392405192,0.9958558082580566,3
0.4850704140133328,1.2495891054471333,3
0.6251497003767225,0.8784223397572836,3
0.7413646777470907,0.934375524520874,3
0.8040616247389053,1.0685795942942302,3
0.4498538189464145,0.676667292912801,4
0.09322483539581299,0.27616564432779944,3
0.6967299646801418,1.2038915554682414,3
1.2075993484920924,0.9811698198318481,3
0.6688990592956543,0.883346160252889,3
0.3412342548370361,1.0822631518046062,3
0.8951293230056763,1.2190415461858113,3
0.9384429123666552,0.6929775873819988,3
0.9505377478069729,0.9158056974411011,3
0.8125221994188098,0.7400604883829753,3
0.47918775346544057,0.9535301526387533,3
0.5327812698152331,0.9477342367172241,3
0.701064043574863,0.8828283945719401,3
0.8444008337126837,0.9204275608062744,3
0.3417408999942598,0.8245282967885336,3
0.7622937162717184,0.4885028998057047,3
0.6496982839372424,1.0468432903289795,3
1.0747358401616414,0.8880850076675415,3
0.8788314263025919,1.0202116966247559,3
0.39917437235514325,0.62932554880778,3
0.21243659655253092,0.5923004150390625,3
0.7534785668055216,1.114251931508382,3
0.16585943698883057,0.3347404797871908,3
0.5810867680443658,0.9771884282430013,3
0.7968917687733968,0.7879726886749268,3
0.7659639517466227,1.1097317536671956,3
0.806685229142507,1.0174791812896729,3
0.5971726046668159,0.7686324119567871,3
0.7576808796988592,0.9870078166325887,3
0.8143087757958306,0.9430459340413412,3
0.6581597460640801,1.0045724312464397,3
0.7123779786957636,0.7801718711853027,3
0.8454651037851969,0.85002334912618,3
0.69261454211341,1.2608505884806316,3
1.1426935328377616,1.2213255961736043,3
0.756270964940389,0.8616397380828857,3
0.6680796146392822,1.1234900951385498,3
1.0915650757153827,0.9242673873901367,5
0.9763290617201063,1.079745928446452,3
0.6715634730127124,0.6472117900848389,3
0.8670878277884588,0.8488742510477701,3
1.0241928100585938,0.8313903013865153,3
0.6804470088746811,1.0137474536895752,3
0.7983995411131116,0.8787457148234049,3
0.7506208552254571,0.8128760655721029,3
0.8219422101974487,0.9133769671122233,3
0.8986930383576287,0.7364569505055745,3
0.7009115219116211,1.2334444324175518,3
0.9020726472139359,1.0276710987091064,4
0.6998625132772659,1.198575456937154,3
1.010310226281484,1.0564216375350952,5
0.6315862470202976,0.8814769585927328,3
0.8122475014792547,1.1572664578755696,3
0.33181400299072267,0.7039259274800618,3
0.45971206823984784,1.1302220821380615,3
0.3428461419211494,0.7768285274505615,3
0.7234631776809692,1.1173795859018962,3
0.4035150607426961,1.2000677982966106,3
0.7818623118930392,0.9404621124267578,3
0.5263364844852024,0.669367790222168,3
0.7066324154535929,0.9665900071461996,3
0.794900529914432,1.1438459952672322,3
0.5738076236512926,1.0621811548868816,3
0.27555232048034667,0.7857987880706787,3
0.7173261245091757,0.503405253092448,3
0.7316311068005031,0.8824835618336996,3
0.6974760161505805,1.0134304364522297,3
1.1764464908176,0.9517393112182617,3
0.9447037908766004,0.9590419928232828,3
0.5248962508307563,0.9584839741388956,3
0.7862721019321018,0.7189675172170003,3
0.3758210738499959,0.8080049355824789,3
0.660303513209025,1.1757391889890034,3
0.640944626596239,1.0553230444590251,3
0.7334280676311917,0.9607412815093994,3
1.108474267853631,1.046339710553487,3
0.6730857425265842,0.6154268582661946,3
0.8971484502156576,1.2264428933461506,3
0.604819205072191,1.107674201329549,3
0.7307154999838935,1.1305465698242188,3
1.0582725803057353,0.9691614309946696,3
0.7508583201302423,1.1664712031682332,3
0.14547887643178303,0.3085127671559652,3
0.4520479043324788,0.9826000134150187,3
1.0701689455244277,1.1637881596883137,3
0.3683501084645589,0.5212197303771973,3
0.5628778404659694,0.8593592643737793,3
0.7342549562454224,0.8138985633850098,3
1.0041550927691991,1.0537401835123699,3
0.7113254997465345,1.1367344856262207,3
0.5125297043058608,0.901248057683309,3
0.8057279586791992,0.7387440999348958,3
0.8294535809093052,0.8847925662994385,3
0.7263133724530538,1.0339651902516682,3
0.5806112951702541,0.7170615196228027,3
0.6419197718302408,0.9762294689814249,3
0.6151436090469361,0.8002773920694987,3
0.5379582378599378,0.8679931958516439,3
0.6844335099061329,1.0984521110852559,4
0.673642118771871,1.115592320760091,3
0.6689939498901367,1.1717684666315715,3
0.9299233622021145,1.0012994209925334,3
0.6213910579681396,1.106573263804118,3
0.7364660633934869,1.019676685333252,3
0.6335825522740682,1.1110026836395264,3
0.8556404908498129,1.140407959620158,3
0.6273504628075494,1.179036517937978,3
0.45561092694600425,0.9528461297353109,3
0.7360327442487081,1.1726248661677043,3
0.5292979081471761,0.556113878885905,3
0.5859947999318441,0.921673854192098,3
0.5645489427778456,1.2316797375679016,3
0.800589919090271,0.8178078333536783,3
0.837788396411472,1.1812038818995159,3
0.8794894483354357,0.7979289690653483,3
1.0142635769314234,1.0391238530476887,3
0.5965398788452149,0.9921487967173258,3
0.8068578110800848,0.6341808636983235,3
0.9654324253400167,1.2354059020678203,3
0.6861605246861776,0.9351346095403036,3
0.657088941997952,1.2601345578829448,3
0.678475711080763,1.2419607639312744,3
0.16653806368509927,0.9037627379099528,3
0.9134540557861328,0.81717316309611,3
0.6566408740149604,0.9527055025100708,3
0.7874474922815958,0.9161307414372762,3
0.531248132387797,0.9141702651977539,3
0.23800969123840332,0.7027064164479573,3
0.6262223720550537,1.048661231994629,3
0.5949613385730319,1.1611762046813965,3
1.0362454520331488,0.9887935717900594,3
0.7347817023595175,0.9324022134145101,3
0.6758739153544108,1.0334819952646892,3
0.3747299671173096,0.5652813911437988,3
0.871498770183987,0.9684373537699381,3
0.6906598011652628,1.122233231862386,3
0.4307422637939453,0.6204202969868977,3
0.7507136265436808,1.0557049910227458,3
0.652593559688992,1.2698072989781697,3
0.5520780881245931,0.9858644008636475,3
0.9505172901683383,1.0028620560963948,3
0.6483766900168525,1.0951120058695476,3
0.9140117863814036,0.8883889118830363,3
0.7328033712175158,1.0288316408793132,3
0.6912676095962524,0.8385728995005289,3
0.4259005652533638,0.41732470194498694,3
0.6912981934017606,0.5641412734985352,3
0.9141314493285284,0.9064444700876871,3
0.7585916121800741,1.042332649230957,3
1.0271012915505304,0.8815328677495321,3
0.6989439858330622,1.1000883181889851,3
0.70894722143809,0.9112314383188883,3
0.8570187489191691,0.8597682317097982,3
0.6570973263846503,0.4777364730834961,3
0.577616810798645,1.010303258895874,3
0.759826845328013,0.9573544502258301,5
0.767268783516354,1.0227731863657634,3
0.7404842244254217,1.0405315558115642,3
0.6372489796744453,0.798930803934733,3
0.7128522925906711,0.6838615735371907,3
0.5055109394921197,0.8320517539978027,3
0.6776734987894694,0.5989768505096436,3
0.1646111011505127,0.45998827616373694,3
0.6063748068279691,0.9940671523412069,3
0.7899509933259753,1.0665956338246663,3
0.6236715515454611,1.215584675470988,3
0.6278362936443752,1.1795793175697327,3
0.4831578201717801,0.815277099609375,3
0.6770250002543131,0.6954994201660156,3
0.9734701116879781,1.0219672520955403,3
0.8109243313471476,1.2163855234781902,3
0.7506663534376358,1.1861498753229778,3
0.9284289081891378,0.979917049407959,3
0.8054351541731092,0.8024655977884928,3
0.9362448122766284,0.8784152269363403,3
0.9428926299015682,0.9162293275197347,4
0.831369890107049,0.8350552717844645,3
0.842330535252889,1.0119997660319011,3
0.6366977691650391,1.1657915115356445,3
0.5958893564012316,0.9490721225738525,3
0.5754510521888733,0.5398758252461751,4
0.13911007510291207,0.22341759999593103,3
0.9281453026665581,0.8569043874740601,3
0.9433766735924615,0.8461200396219889,3
0.8053836160235934,0.8429350852966309,3
0.8215496142705282,1.1485755046208699,3
0.5647202067905002,1.081730882326762,3
1.011227892504798,1.1566238005956013,3
0.7506413327323066,0.7452554702758789,3
0.6506568723254733,1.1597206592559814,3
0.9411297109391953,1.0219799677530925,3
0.690804507997301,1.082277496655782,3
0.93289934264289,1.0093366305033367,3
0.8304560979207357,0.9193973541259766,3
0.6633079316880968,1.1523643334706624,3
0.5662180251545376,1.2103404998779297,3
0.7313248647583857,0.8482277393341064,3
0.8527028759320577,0.9704337120056152,3
0.9779719114303589,0.7618654568990072,3
0.6931818326314291,1.091750701268514,3
0.827040261692471,1.1406770547231038,3
0.822725190056695,1.0472573439280193,3
0.6423400640487671,1.070034662882487,3
0.5496635437011719,0.9152260621388754,3
0.2946300188700358,0.6670212745666504,3
0.7571092844009399,1.1062074502309163,3
0.8737173477808634,1.039401690165202,3
0.09724775950113933,0.3702054023742676,3
0.9856744011243185,1.0133318106333415,3
0.7409700455488982,0.8676945368448893,3
0.5781443119049072,1.0694740613301594,3
0.3412731409072876,0.6096677780151367,3
0.6953216923607721,0.7807260354359945,3
0.6271039644877116,1.185560405254364,3
0.4147961139678955,1.0309315125147502,3
0.7105599708027309,0.7818640073140463,3
0.9414615697330899,1.0735986232757568,3
0.7560643355051676,0.9701724449793497,3
0.6611994504928589,1.254357933998108,3
0.6315373314751519,1.1409494082132976,3
0.8320968945821127,1.042551596959432,3
0.6780287689632839,0.7184605598449707,3
0.6616242594189113,1.0877002875010173,3
0.44465997483995223,0.733714501063029,3
0.8577004273732504,1.0182957251866658,3
0.4614555597305298,0.6703631083170574,3
0.8556218478414747,0.9871859947840372,3
0.7903788884480795,1.1910791794459026,3
0.9138698048061794,0.9719984531402588,3
0.9041717052459717,1.10141126314799,3
1.0170681344138253,0.699310302734375,3
0.5147630241182116,0.8159801165262858,3
0.6016513109207153,1.0597431262334187,3
0.9825378987524246,1.1461480458577473,3
0.5782374805874295,1.2249216238657634,3
0.8324616683853998,1.205666760603587,3
0.9364262753062778,0.9034392038981119,3
0.7329780658086141,0.7996015548706055,3
0.8577341106202866,1.0244016647338867,3
0.9022974246078067,1.1313230991363525,4
0.7283357514275445,1.016871690750122,3
0.8551681968900894,1.1029261747996013,3
0.6295235289467705,1.0246822039286296,3
0.6167375908957587,1.1197254657745361,3
0.7088189919789633,0.8877316315968832,3
0.7106997105810379,0.9860765139261881,3
0.6325308614306979,0.9613556861877441,3
0.6686300039291382,1.01869531472524,3
1.1216838185276303,0.716187556584676,4
0.3829548994700114,1.3093757033348083,3
0.7672589355044895,0.6684298515319824,3
0.7769409020741781,0.8696758349736532,3
0.9520556661817762,0.8741668065388998,3
0.676590363184611,0.8173739910125732,3
0.7198532554838392,1.1874778270721436,3
0.7602929009331598,1.2092375755310059,3
0.7492757373385959,1.105369011561076,3
0.5217359198464288,0.855485757191976,3
0.8716241386201645,1.2389179468154907,3
0.7850833866331312,0.9634422858556112,3
0.7002890043788487,0.9795186122258505,3
0.8383735815684,0.8274088700612386,3
0.9791851904657151,0.9780178864796957,3
0.8065694570541382,1.1340816815694172,3
0.6908562978108724,1.21534264087677,3
0.6541747384601169,1.0250244140625,3
0.74506143728892,0.9592822392781576,3
0.6979921658833822,1.1013479232788086,3
0.7574453883700901,1.146686315536499,3
0.6905173593097264,0.7647832234700521,3
0.8208973540200128,0.8811058203379313,3
0.09115628401438396,0.28241427739461267,3
0.9413588444391886,0.942347526550293,3
0.5177913904190063,1.0312933127085369,3
0.46951480706532794,0.8659044901529948,3
0.2530922174453735,0.9885570208231608,3
0.4181770483652751,0.7713054021199545,3
0.4364096323649089,1.1561372677485149,3
0.7978190845913358,1.0079817374547322,3
0.6011947260962592,0.8914640347162882,3
0.7230496803919474,0.8111985524495443,3
0.6351296901702881,0.9273291031519572,3
0.8683114171028137,1.0812296390533447,5
0.7201144827736748,1.1554071108500164,3
0.7460538943608602,1.0534110466639202,3
0.6375696129269071,0.7571881612141927,3
0.6209284464518229,1.1203736464182537,3
0.7193082729975382,1.0110375881195068,3
0.4248899751239352,0.4272893269856771,3
0.5105696121851603,0.8496285279591879,3
0.1258085568745931,0.4672149022420248,3
0.875322163105011,0.9444906314214071,3
0.9130819042523702,1.1163078943888347,3
0.9144559635056391,1.1069586277008057,3
0.8082055648167928,0.8436911106109619,3
0.3564273728264703,0.444153881072998,5
0.6903591685824924,0.9890334606170654,3
0.8141821689075894,0.6527349948883057,3
0.5691821045345731,1.0672743320465088,3
0.47968900203704834,0.3655569553375244,3
0.7646004756291708,0.9380549589792887,3
0.7835854821734959,0.9785162607828776,3
0.2706318431430393,0.2180248896280924,3
0.6438407103220621,0.9332703749338785,3
0.5809276898701986,1.0370765924453735,3
0.7578227387534247,0.9002579847971598,3
0.32065431276957196,0.4145249525705973,3
0.6064736445744833,0.8802035252253214,3
0.5655295054117838,0.8082423210144043,3
0.9066314962175156,1.1695105234781902,3
0.7031249205271403,1.095878799756368,3
0.9238365093866984,0.9831763108571371,3
0.913013603952196,1.0701556205749512,3
0.5002166271209717,0.7230918804804485,4
0.7008846468395656,1.2388951579729717,3
0.6568903260760838,0.9426841735839844,3
0.8560036685731677,1.1765223542849224,3
0.5507493416468302,0.7757933934529623,3
0.9494065973493787,1.1935535073280334,3
0.6953116425761471,0.7469344139099121,3
0.7146150668462118,1.0913379987080891,3
0.6741734875573052,1.215901494026184,3
0.8937304019927979,1.0243510405222576,3
0.6963176866372427,1.0577293038368225,4
0.7425241735246445,0.9439645608266195,3
0.5526671806971232,1.110013723373413,3
0.6631832718849182,0.6625475883483887,3
0.6496917605400085,0.7893216609954834,3
0.46977325280507404,0.9232085545857748,3
1.0194965998331706,1.0071136951446533,3
0.6714087062411838,0.8725586334864298,3
0.5842481189303927,0.9123172760009766,3
0.7041376431783041,0.9687841733296713,3
0.4977231952879164,0.7467838128407795,3
0.6755152410931057,0.925485094388326,3
0.653777731789483,1.1556637287139893,3
0.8541934092839559,1.0817525784174602,3
0.8732450670666164,1.0594947338104248,3
0.5211429595947266,1.0032741626103718,3
0.42614162762959795,0.9230851332346598,3
0.8501966065830655,0.9712812105814616,3
0.49452726046244305,0.8495990832646688,3
0.839582085609436,0.9506702025731405,3
0.9509101112683614,1.1780541340510051,3
0.7733889288372464,1.0799697240193684,3
0.8005643685658773,0.8555643161137899,3
0.6165661149554782,0.9776427348454794,3
0.6464676062266032,0.8395153681437174,3
0.759163882997301,0.9499344428380331,3
0.7248688406414456,1.1863839228947957,3
0.7887979878319634,1.0626410643259685,3
0.6219582027859158,0.5412425994873047,3
0.7095154921213785,0.9509580135345459,3
0.660059909025828,1.1704373955726624,3
0.609363767835829,0.7146062056223552,3
0.8439134359359741,0.9316452344258627,3
0.6562652852800158,0.9895819822947184,3
0.8885167227851021,0.8792049884796143,3
0.6141569084591336,0.9223608175913492,3
0.8427585495842828,1.1088509162267048,3
0.9873627324899038,1.0438273350397747,3
1.1928675704532201,0.9861107269922892,3
0.5894019603729248,0.8605334758758545,3
1.1152196327845256,0.9169975916544596,3
0.9144382079442342,0.7165088653564453,3
0.8824074533250595,1.2136839628219604,3
0.8709584342108833,0.9490036964416504,3
0.8333508570988973,1.0505487124125164,3
0.7151004539595709,1.1374396085739136,3
0.8949690659840902,0.9982850551605225,3
0.7709900617599488,1.0070075273513794,5
0.058798706531524664,0.6858316659927368,4
0.8099981546401978,1.023969054222107,3
0.6866241958406237,0.9859159787495931,3
0.4971219963497586,0.6802148818969727,3
0.6522614293628268,1.0132581790288289,3
0.8489290873209635,0.9696502685546875,3
0.5681283738878038,1.068340539932251,3
0.8401249912050034,1.1729113459587097,3
0.4280790620379978,0.8551987012227377,3
0.9433020353317261,0.928113063176473,3
0.7817469305462308,0.986760139465332,3
0.7831735610961914,1.0969231923421223,3
0.8773911264207629,1.0217278798421223,3
0.9668534133169387,0.8543491363525391,3
0.29134031136830646,1.3039005200068157,3
0.6530409653981527,0.884593645731608,3
0.7701133092244467,1.0102756023406982,3
0.4181240134769016,0.8521287441253662,3
0.8286637994978164,0.9566823641459147,3
0.6398040056228638,1.0681840976079304,3
0.8693751096725464,1.0807028611501057,3
0.6577077243063185,1.0896005233128865,3
0.7820600536134507,0.8400704065958658,3
0.8129321932792664,1.1703826586405437,3
0.6599089966879951,1.0493003527323406,3
0.747973362604777,1.135497013727824,3
0.5791699965794881,0.9736612637837728,3
0.8729505141576132,0.7009501457214355,3
0.6710136069191827,1.1678383747736614,3
0.6699140999052261,1.1849849820137024,3
0.6705985797776117,1.0487933158874512,3
0.5620385673311021,0.9073539574941,3
0.6871241132418314,1.1482837200164795,3
0.3054988702138265,1.1269748210906982,3
0.11446237564086914,0.8011183738708496,3
0.727731678220961,1.0593476295471191,3
0.7680269082387289,0.9169574578603109,3
0.6073439518610636,0.7721729278564453,3
0.20409049987792968,0.3778111139933268,3
0.9269431564542981,1.0586649576822917,3
0.6608154839939541,1.2372217178344727,3
0.6610961225297717,0.42624266942342126,3
0.44955768585205075,0.9815060297648112,3
0.5457489172617594,0.9803894360860189,3
0.6043644613689847,1.0845222473144531,3
0.9454039931297302,0.9665201902389526,3
0.5832611083984375,0.9000447988510132,3
0.48681994279225665,0.9624191125233968,3
0.8240235249201456,0.6342600981394451,3
0.6275177531772189,0.9663015206654867,3
0.3277817149957021,0.40555620193481445,4
0.037898288832770466,0.22703019777933753,3
0.47487811247507733,1.3167792956034343,3
1.0940341750780742,1.0043823719024658,3
0.5850080450375875,0.8027388254801432,3
1.106723255581326,0.9051640828450521,3
0.7491151889165243,0.872384786605835,3
0.23907848199208578,0.7721543312072754,3
0.8339328103595309,1.0028826395670574,3
0.6037415133582221,1.0903089841206868,3
0.8247520658704969,1.0765927632649739,3
0.8751817345619202,0.946664055188497,3
0.7551806370417277,1.1070703268051147,3
0.38198652267456057,0.24297316869099939,4
0.7812915278805627,0.970945676167806,4
0.8122971587710911,1.0781697432200115,3
0.6187909730275472,1.1255274534225463,5
0.7331042687098185,1.1663841406504314,3
0.8405540519290501,0.9268395900726318,3
0.5977049536175197,1.193593442440033,3
0.8252775139278835,0.6879798571268718,3
0.7053401867548624,0.8304320971171061,3
0.9124223788579305,0.9677423636118571,3
0.3729720910390218,1.0021438201268513,3
0.38755990664164225,0.3981663386027018,3
0.7279445860120987,1.1372949679692586,3
0.7655472358067831,0.934109648068746,3
0.6272225777308146,1.0519495010375977,3
0.7967310125629108,1.0554961363474529,4
0.5566528373294407,0.7943518161773682,3
0.90348658296797,1.230417807896932,3
0.8511601554022895,0.8284196853637695,3
0.7223624520831637,1.0430425802866619,3
0.7918526993857489,0.9431794484456381,3
0.7153890132904053,0.852466901143392,3
0.5486160119374593,0.9363162914911906,3
0.6376154290305244,1.1225695610046387,3
0.9835080239507888,1.2254645427068074,3
0.5353207853105334,0.7414709726969402,3
0.6209383010864258,0.9857062498728434,3
0.7957318623860677,0.8638714551925659,3
0.3851038349999322,0.9706883430480957,3
0.6257855229907566,0.6521077950795491,3
0.7854127950138516,1.0166809558868408,3
0.8087514373991224,0.9483126004536947,3
0.8898926575978597,0.9569887717564901,3
0.7025393578741287,1.0727979342142742,3
0.9045559565226237,1.1079703172047932,3
0.7193109459347194,0.6831814448038738,3
0.6344968875249227,1.1351048946380615,3
0.9894430637359619,1.1332532564798992,3
0.9258585903379654,0.9466909964879354,3
0.6442470550537109,0.9688638051350912,3
0.5915967093573676,1.039370099703471,3
0.5946986940171984,0.9871827761332194,3
0.7216363218095568,0.9423017501831055,3
1.031807541847229,1.021670937538147,3
0.5770648320515951,1.1566680272420247,3
0.9671921465131973,1.0580832958221436,3
0.6154180367787679,1.2976027329762776,3
0.8530224296781753,1.1944726705551147,3
1.1425803303718567,1.0764812628428142,3
0.6083717081281873,0.9716190497080485,3
0.6266907983356051,0.9395493268966675,3
0.7144831551445855,0.9972731669743856,3
0.6590519633209496,0.608584960301717,3
0.7359406881862217,1.1588862737019856,3
0.7453627586364746,0.8521196047465006,3
0.5264179309209188,0.551160494486491,3
0.4214600721995036,0.6428426901499431,3
0.9846136305067273,0.8823025623957316,3
1.0382112132178412,1.1143244504928589,3
0.5017421245574951,1.1736595233281453,3
0.851801527871026,0.8474273681640625,3
0.7422171566221448,1.0743756294250488,3
0.9490419824918112,0.6118980248769124,3
0.761693384912279,0.7516028086344401,3
0.7612109382947286,1.0090524355570476,3
0.39890271027882895,0.6260360081990559,3
0.6651413440704346,0.9854232470194498,3
0.6446501281526353,0.8692963123321533,3
0.6990904675589668,1.0351473490397136,3
0.1049499193827311,0.8448685010274252,4
0.49196795622507733,0.7553697427113851,3
0.9183740748299494,0.8062087694803873,3
1.0097279747327168,0.7910345395406088,3
0.9389233456717597,0.9646352926890055,3
0.8414129349920486,1.0658674637476604,3
1.0047581990559895,0.7746357917785645,3
0.6859039465586344,0.9670224984486898,3
0.863825586107042,1.1907512346903484,3
0.8947421352068583,0.8252364794413248,4
0.7370904154247708,1.0241189002990723,3
0.5517350832621256,0.5062697728474934,3
0.7871260775460137,1.157533089319865,3
0.6623164415359497,0.8833428621292114,3
0.7310080528259277,0.9811560312906901,3
0.8632385929425558,0.9264582792917887,3
0.6681395239300197,0.8704848289489746,3
0.7786567277378506,1.190863311290741,3
0.7223288615544637,0.7732498645782471,3
0.6281144883897569,1.0159330765406291,3
0.5300512644979689,1.1671150128046672,3
0.7874942421913147,1.0437771479288738,3
0.9607436789406671,1.1614398956298828,3
0.5008924802144369,0.7921935717264811,3
0.3046775923834906,0.6203207969665527,3
0.9038162231445312,0.9288674195607504,3
0.5988066328896416,1.0024015108744304,3
0.8174094359079996,1.0878904660542805,3
0.8644123143619962,1.1460676193237305,3
0.22335055669148762,0.44903175036112464,3
1.1790805498758952,1.0652432441711426,3
0.8259588413768345,0.9862936735153198,3
0.3928031391567654,0.8223670323689779,3
0.5738299131393433,1.052459955215454,3
0.7136410739686753,0.9353516499201456,3
0.5094188319312202,0.9513258536656698,3
0.4430778291490343,1.1017725865046184,3
0.7492853270636665,0.6343722343444824,3
0.706067853503757,0.9105148315429688,3
0.8804240028063456,0.7297840118408203,3
0.6998145977656046,0.5628486474355061,3
0.8401519854863485,1.0927245616912842,3
0.5173643430074056,1.2039469083150227,3
0.7463583946228027,1.0451594193776448,3
0.7493746509154637,1.0137570301691692,4
1.1329128013716803,1.1947907606760662,3
0.7501769065856934,1.0040199756622314,3
0.6210503313276502,0.9466551939646403,3
0.3701774146821764,0.7059957186381023,3
0.20186169942220053,0.22399544715881348,3
0.654089477327135,1.148535172144572,3
1.0707562499576146,0.8667598565419515,3
0.714069128036499,0.9012331167856852,3
0.8508301019668579,1.163944959640503,3
0.8111819558673435,1.086850921312968,3
0.6465635895729065,1.0509151220321655,3
0.4120151996612549,1.135879913965861,3
0.9945585330327352,1.044232964515686,3
0.7497085041469997,0.9182106653849283,3
0.6897408564885458,0.613621711730957,3
0.7496377362145319,0.9536211093266805,3
0.9269870784547595,1.099995533625285,3
0.7485022015041775,1.1207753817240398,3
0.7224329312642416,1.2652333577473958,3
0.4256398545371161,1.0121943950653076,3
0.8172135750452677,0.98712690671285,3
0.8628632624944051,1.0469008286794026,3
0.8626939919259812,1.1368978023529053,3
0.8958552148607043,0.8229977289835612,3
0.23520162370469835,0.6049847602844238,3
0.3768280267715454,0.8401880264282227,3
0.5408078134059906,0.6771286328633626,4
0.9932484825452169,1.1267380714416504,3
0.5705019897884792,1.1344107389450073,3
0.8812754684024386,1.055230696996053,3
0.959138160943985,1.1725146075089772,4
0.6707688702477349,1.1397891441980998,3
0.5628275076548258,1.0024835268656414,3
0.8444275458653768,1.0130748748779297,3
0.7793669038348727,1.2124662001927693,3
0.8736460738711888,1.052952527999878,3
0.5411122375064427,0.8977064689000448,3
0.48972410625881624,1.231553077697754,3
0.9687407943937515,0.9396395285924276,3
1.0037062962849934,0.9303043683369955,3
0.815706147087945,1.17985733350118,3
0.8434326383802625,1.1179830233256023,3
0.5620236661699083,0.9314938386281332,3
0.5838018920686511,0.9512190024058024,3
0.731714646021525,1.1510098775227864,3
0.8189919458495245,0.97043776512146,3
0.8689793480767145,0.9664164384206136,3
0.9579283714294434,0.916512648264567,3
0.7606337865193685,1.057560960451762,3
0.8739894893434311,0.9484510819117228,3
0.6285898155636258,1.029759685198466,3
1.0511598497629167,0.8667329152425131,4
0.7766470114390055,1.0664722124735515,3
0.6908649735980563,0.4745527903238932,3
0.4836543268627591,1.0923388799031575,3
0.7824971079826355,1.0369730790456135,3
0.8236529495981003,0.979987382888794,3
0.9848666985829672,1.1109140714009602,3
0.9092029333114624,0.9334590435028076,3
0.5518260796864828,1.1089065074920654,3
0.7150409817695618,1.1955872774124146,3
0.9587858650419446,1.0082576274871826,3
0.5141739712821113,0.820203940073649,3
0.727195527818468,0.7234137058258057,3
0.8011596467759873,1.0895501375198364,3
0.6528237395816379,1.0867844422658284,3
0.7994528479046291,1.0041545629501343,3
0.8573876486884223,0.8472559452056885,3
0.8264144659042358,1.0341942310333252,3
0.5929935375849406,1.0471150875091553,3
0.9010542631149292,1.0522318283716838,3
0.785261717107561,0.7857559521993002,3
0.7448409265942043,1.2136311928431194,3
0.6391930977503458,0.8728077014287313,3
0.878200160132514,0.7159122625986736,3
0.6660223404566447,0.9554452896118164,3
1.0436833103497822,1.0892371733983357,3
0.8020193907949661,0.8723339239756266,3
0.9286007616255018,0.7563515504201254,3
0.7123441961076523,0.9554148117701212,3
0.8442782428529528,1.01450510819753,3
0.7753562794791327,1.2715429266293843,3
0.8803892400529648,0.8073912461598715,3
0.6162006325191922,1.1121759414672852,3
0.5836017926534017,1.249004602432251,3
0.15470942656199138,0.502170165379842,3
0.540874163309733,0.8774300416310629,3
0.8201066652933756,0.8672050635019938,3
0.5122670067681206,1.0789320468902588,3
0.8553980257776047,0.9939085642496744,3
0.7198027504814996,1.145956039428711,3
0.8939313093821207,0.9385367234547933,3
0.6994366380903457,0.816358725229899,3
0.7422065337498983,0.8079760869344076,3
0.6027123265796238,1.066076397895813,3
0.34525183041890467,0.23852213223775232,3
0.23700116475423175,0.7855124473571777,3
0.7647011942333645,1.080422282218933,3
0.7633338371912638,0.8621857166290283,3
0.5632923973931206,0.9499750932057699,3
0.6150492562188042,1.1137619813283284,3
0.8801437086529201,1.1424822807312012,3
0.8971745570500692,1.1358803908030193,3
1.0058952503734166,0.9783641894658407,3
0.6314403216044108,0.689937671025594,3
1.0657347838083904,1.162622372309367,3
0.774207565519545,0.8984960714975992,3
0.9389389952023824,1.030264178911845,3
0.8014778958426582,0.993729035059611,3
0.32523511515723336,0.660023848215739,3
1.0540153053071764,0.9277774095535278,3
0.33850173751513163,0.41439930597941077,4
0.8665806187523736,1.0581294695536296,3
0.4847499132156372,0.9471022685368856,3
0.6180435948901706,0.799503485361735,3
0.8938904470867581,1.068602720896403,3
0.5765509307384491,0.7722172737121582,4
0.38833942678239614,0.507864236831665,3
0.6951281891928779,0.8481643994649252,3
0.8324141899744669,1.1674507856369019,3
0.9331033163600497,1.1429742972056072,3
0.6412004894680446,1.1916989088058472,3
0.5123878452512953,0.9048557678858439,3
0.6867534452014499,1.178461750348409,3
0.8234296242396036,0.6763451894124348,3
0.089044459660848,1.0898662408192952,3
0.8847951359219021,1.2000113129615784,3
0.6345366769366795,1.1719635725021362,3
0.8484162224663628,1.1382420857747395,3
0.6724218527475992,0.9415248235066732,3
0.7086782720353869,0.9206362167994181,3
0.4523220459620158,1.1446152528127034,3
0.44530224800109863,0.6392744382222493,3
1.0902316106690302,1.065545638402303,3
0.264156707127889,0.4937829176584879,3
0.9261085722181531,0.7064027786254883,3
0.7397076619995966,1.2029836972554524,3
0.6251968701680501,0.7548122406005859,3
0.7497566739718119,1.0743493636449177,3
0.5512480205959744,1.268410325050354,3
0.5098282628589206,0.9661517143249512,3
0.8989464706844754,1.1698930263519287,3
0.7709004084269205,0.88306991259257,3
0.8727221952544317,1.126988410949707,3
0.5192188024520874,1.0082472165425618,3
0.10187186135186088,0.3244568506876627,3
0.8169758452309502,1.116647442181905,3
0.6854561010996502,0.8542187611262003,3
0.4781297577752008,0.7888561884562174,3
0.9306989067130618,1.0289939641952515,4
0.9320330089992948,1.1033063729604085,3
0.875008973810408,0.8638375202814738,3
0.4037445916069879,0.8324982325236002,3
0.6753589179780747,1.1721952160199482,3
0.8003101481331719,0.8475174903869629,3
0.7665399445427789,1.2675704161326091,3
0.7270216147104899,0.8768256902694702,3
0.9495501385794745,0.9157962799072266,3
0.6562206745147705,1.2203189531962078,3
0.6701763073603312,0.9584290186564127,3
0.6903589699003431,1.134168028831482,3
0.8549099763234457,1.13209335009257,3
0.368854734632704,0.7424341042836506,3
0.7591391139560276,1.10367218653361,3
0.9230476087994045,1.1325010458628337,3
0.8730355501174927,1.1075107256571453,3
0.6086081663767496,0.6866501172383626,3
0.7074890269173516,1.1875635385513306,3
0.7114405698246425,0.6308902899424236,3
0.7434081633885702,1.1123005549112956,3
0.8642440239588419,0.9913309415181478,3
0.5209877192974091,0.7403654257456462,4
1.1126899520556133,1.005138595898946,3
0.8805492321650187,1.002780516942342,3
0.5372095028559367,0.7364015579223633,3
0.5213296810785929,1.0400673945744832,3
0.7253040870030721,1.0412866671880086,3
1.2071249054537878,1.0238804817199707,3
0.6093984444936117,1.2596643368403118,3
0.8483524918556213,0.9390122095743815,3
0.9082474006546868,1.060450553894043,4
0.8450430962774488,1.117161234219869,3
0.9471134540580568,1.1864733000596364,4
0.7146706978480021,0.9439624547958374,3
0.5558255381054348,0.9274719953536987,3
0.7374553283055624,1.2012087504069011,3
0.7441322671042548,0.7798279921213785,3
0.5972597334120009,1.0310847759246826,3
0.3038697481155395,0.5592667261759441,3
0.6360995901955498,1.073925296465556,3
0.34595970312754315,0.7341235478719075,3
0.5452215671539307,0.8905734221140543,3
0.7034819920857748,1.0153497060139973,3
0.4249496592415703,0.5330324967702229,3
0.78444066312578,1.04951810836792,3
0.6870393885506524,1.0792205333709717,3
0.645465487241745,0.914045254389445,4
0.6792498297161526,0.8705439964930216,3
0.8091883659362793,0.9853796561559042,3
0.5770084063212076,1.1058096885681152,3
0.6974323987960815,0.9642402331034342,3
0.5279779699113634,0.9862070878346761,3
0.6077274216545953,0.6995352109273274,3
0.7082159320513407,1.0537766615549724,3
0.48115380605061847,1.259358028570811,3
0.8069414695103964,0.8302696545918783,3
0.6174914307064481,1.1155177752176921,3
0.7727440992991129,1.1403796672821045,3
0.8158383634355334,1.0679322481155396,3
0.7580273151397705,1.0214187304178874,3
0.6321609285142686,0.6702080567677815,3
1.0125694539811876,0.9528889656066895,3
1.29437251885732,0.8886790672938029,3
0.8299744129180908,1.0253262519836426,3
0.8765803906652662,0.8440242211023966,3
0.7798926697836982,1.023327350616455,3
0.6701184776094226,1.11062753200531,3
0.7918326324886745,1.213834245999654,3
0.7338673803541395,0.702415943145752,3
0.9204638931486343,0.8533576329549154,3
1.1219578716490004,0.8159734408060709,3
0.7393576833936902,1.0266244411468506,3
0.40743287404378253,0.8401314814885458,3
0.7169256210327148,1.0195560852686565,3
1.036166290442149,1.1117820739746094,3
0.5564190811581082,0.8555851380030314,3
0.7054466803868612,0.7616132100423177,3
0.8856012291378446,1.0531729062398274,3
1.1778777175479467,0.842155377070109,3
0.6724582115809122,1.3200152317682903,3
0.6593621571858724,1.027828852335612,3
0.7202776670455933,1.2103522221247356,3
0.6300480233298408,0.9980592727661133,3
0.8898642063140869,1.0604028701782227,3
1.0215702056884766,1.071458379427592,3
0.5757652786042956,0.7406784693400066,3
0.8089278803931342,0.5980612436930339,3
0.7264844444062976,0.9531460603078207,3
1.2341569736599922,1.0319773157437642,4
0.6343088448047638,1.1848488847414653,3
0.9073144992192587,0.8462814490000407,3
0.6876528660456339,1.1735990444819133,3
0.4931455585691664,0.7135043144226074,3
0.8096943431430393,1.026351531346639,3
0.8358007018055235,0.9280777374903361,4
0.6721994479497274,1.1268795331319172,3
0.6961332162221273,1.0842350323994954,3
0.7234554025861953,0.5496975580851238,3
1.0146655241648357,0.7957545121510824,3
0.11678979131910534,0.26262291272481286,3
0.8977714776992798,0.9630850156148275,3
0.7548784679836698,1.0707685947418213,3
0.9649836354785496,1.1207129160563152,3
0.8046930233637491,0.9532887935638428,3
0.7603616515795389,1.022688388824463,3
0.6966883341471354,0.8964281876881918,3
0.6296959850523207,0.8045401573181152,3
0.6285865439309014,1.0293360551198323,3
0.6429092751608955,0.9243913491566976,3
0.6246808105044895,0.8880055745442709,3
0.7807553874121771,1.1835085153579712,3
0.7618835926055908,0.9934255679448446,4
0.7798548142115275,0.6276206175486247,3
0.508382781346639,0.7339347998301189,3
0.48174277941385907,0.8732632398605347,3
0.8878193895022074,0.859750509262085,3
0.5237793657514784,1.0773112376530964,3
0.582478141784668,0.7364695866902669,4
0.8210574653413562,0.8179532686869303,3
0.7795830700132581,1.0973210732142131,3
0.5531150102615356,1.0017595291137695,3
0.7304181920157539,1.1352768739064534,3
0.7410668532053629,0.666131575902303,3
1.1055609186490376,1.063075065612793,3
0.92182324330012,1.1338624954223633,3
0.6780754327774048,1.043268124262492,3
1.010318809085422,0.8687885999679565,3
0.8960264126459757,1.0550596714019775,3
0.5720538298288981,0.9970827102661133,3
1.2338522871335347,0.8330140113830566,3
0.7283309168285794,1.1694827874501545,3
0.5828279654184977,1.16742076476415,3
0.5146131647957696,1.076135476430257,3
0.7258367472224766,1.1432990233103435,3
0.7717582252290512,1.1768893996874492,3
0.8717057440016004,0.9244124889373779,3
0.820927103360494,1.1862568457921345,3
0.8043985837035709,0.8424383799235026,4
0.9190694954660202,0.7941997845967611,3
0.6873047086927625,1.0730743805567424,3
0.642857723765903,1.2038794159889221,3
0.7512358824412028,0.66101868947347,3
0.7351827356550428,0.9123480319976807,3
0.9047334459092883,1.033656080563863,3
0.7654606368806626,0.8096405665079752,3
0.30720340013504027,0.6693572600682576,4
0.5085927645365397,0.8104766209920248,3
0.7369561195373535,0.968178908030192,3
0.7554858790503608,1.1235405206680298,3
0.5016583998998007,0.9181316693623861,3
0.6329300668504503,1.24142982562383,3
0.9705047210057577,0.4329598744710287,3
0.6151475773917304,0.539708932240804,3
0.5820938110351562,0.9045852025349935,3
0.22888553142547607,0.24946506818135583,4
0.4650486310323079,0.7891060511271158,3
0.7862687640719944,0.9742506345113119,3
0.4083858410517374,1.0489234526952107,3
0.20103297233581544,0.8480726877848307,3
0.6339373456107246,1.1639504035313923,3
0.6351031594806248,0.8226804733276367,3
0.7396757161175763,1.1816638310750325,3
0.5031030615170796,0.7451080481211345,4
0.8421722253163656,0.5983500480651855,3
0.9908992449442545,1.0004574457804363,3
0.6627592510647244,1.1151086886723836,3
0.84698838657803,1.202307442824046,3
0.8191824820306565,0.9819559256235758,3
0.8523393273353577,0.8111616770426432,3
0.7742714352077908,1.2579038540522258,3
0.5132284429338243,1.1746705373128254,3
0.7575560013453165,0.7755535443623861,3
0.7282609475983515,1.113205075263977,3
0.6904634502198962,0.9827832380930582,3
0.8320293956332736,1.0379783153533935,6
0.4618005090289646,0.8022874991099039,3
0.857210636138916,0.9683176676432291,3
0.9257337517208524,0.7486006418863933,3
1.0487985478507147,0.8922345240910848,3
0.7142645517985026,1.161125620206197,3
0.8113740748829311,0.9281510512034098,3
0.7072765959633722,0.8740976254145304,3
0.8382680681016709,0.7700544993082682,3
0.8143645789888171,0.9831066131591797,3
0.9473412169350519,1.081252892812093,3
0.5914945337507459,1.1286729176839192,3
1.1012937095430162,0.9622827768325806,3
0.762196785873837,0.6845062573750813,3
0.5797913471857706,0.7948253949483236,3
0.8491182525952657,0.996066172917684,3
0.7474013699425592,0.9243721961975098,3
0.44724035263061523,0.6515491803487141,3
0.5504218207465278,1.1586980819702148,3
0.6648275057474772,1.1713968515396118,3
0.8984891176223755,0.9946841398874918,3
0.8971222771538628,0.9495213031768799,3
0.5785829491085476,1.2365368207295735,3
0.8726750744713677,0.9981851180394491,3
0.7608160575230917,0.7972726821899414,3
0.739861011505127,0.8150265216827393,3
0.8073889017105103,1.12008269627889,3
0.5176657968097264,0.8730938037236532,3
0.6532264153162638,0.5400377909342449,3
1.0618612435128953,0.9394067923227946,3
0.980421072906918,1.0244208971659343,3
0.8543168902397156,1.218388279279073,3
0.8846350246005589,0.9821331103642782,3
0.5125221543841892,0.8282473882039388,3
0.6378920873006185,0.9288394848505656,3
0.6244169341193305,0.8948243459065756,3
0.9293537338574728,1.001699686050415,3
0.9266581137975057,1.1076627969741821,3
0.9744227992163763,1.1315640608469646,3
0.6300261682934231,1.2511965831120808,3
0.8246171871821085,1.0389722188313801,3
0.8168332775433859,0.8977623383204142,3
0.565925399462382,1.1419467528661091,3
0.3012041250864665,0.5554695129394531,3
0.572913771867752,0.5551814238230388,4
0.8033266067504883,0.914589007695516,3
0.8222280740737915,0.8317954540252686,3
0.7497293551762899,1.0572052001953125,3
0.9067556593153211,0.8837317228317261,3
0.7273968193266126,0.9771707455317179,3
0.7949435181087918,0.7463876406351726,3
0.805847704410553,1.161747694015503,3
0.6893339289559259,0.6841314633687336,3
0.4615815613004896,0.9609255790710449,3
0.7329506476720175,0.9647336006164551,3
0.7110402027765911,0.8837316830952963,3
0.7651533550686307,1.1135321855545044,3
0.7718304528130426,0.8554138342539469,3
0.6290545264879862,1.1871145764986675,3
0.6925188170539008,1.1289485295613606,3
0.4958000183105469,1.2826124628384907,3
0.780407084359063,0.9899643659591675,3
0.603451649347941,0.9939955870310465,3
0.805548350016276,1.1145487626393635,3
0.6383381287256876,0.8715988794962565,3
1.0372352335188124,0.8599637349446615,3
0.6457861926820543,1.1313708225886028,3
1.1862184405326843,0.9769424597422282,3
0.8455944856007894,0.5639352798461914,3
0.6933225525750055,0.9259316126505533,3
0.7825162013371786,0.8968134721120199,3
0.8285215695699056,0.9791421890258789,3
1.0192922552426655,0.9611433347066244,3
0.5930980841318766,1.1527777512868245,3
0.9370217588212754,1.174347420533498,3
0.30591479937235516,0.4375882148742676,3
0.698923389116923,1.1546578407287598,3
0.8890988694296942,0.9909889698028564,3
0.886330803235372,0.8986966609954834,3
0.7242262893252903,1.0679306586583455,3
0.7197741402520074,1.0791157881418865,3
0.9699456360605029,0.963121215502421,3
0.6325942410363091,1.1655939817428589,3
0.5153117974599203,0.9430968761444092,3
0.10035998291439481,0.1962078412373861,3
0.7427788972854614,0.9473901589711508,3
0.7758575280507406,1.0056909322738647,3
0.6054630014631482,1.0979353586832683,3
0.5572563807169596,0.9421486059824625,3
0.9352138174904718,0.7337206999460857,3
0.8988619777891372,1.0197839736938477,3
0.7660598754882812,1.085676113764445,3
0.5068508651521471,1.0479153792063396,3
0.9844048950407239,1.1540178457895915,3
0.7313597202301025,0.4708385467529297,3
0.19874631563822429,0.5982691446940105,3
0.6431151231129965,1.1373902956644695,3
0.649080753326416,1.2153332630793254,3
0.8987787630822922,0.6672240893046062,3
0.9872562686602274,1.1877477963765461,3
0.912913997968038,0.98041303952535,3
0.7380490737491183,0.9926713943481446,5
0.6828624539905124,1.147692600886027,3
0.8872464762793647,0.7478082180023193,3
0.6603079107072618,1.2567966381708782,3
0.886505279276106,0.7232646147410076,3
0.4930637677510579,0.9130412737528483,3
0.8031381766001383,1.0708681344985962,3
0.615841801961263,0.7165164947509766,3
0.6576987107594808,1.1647831598917644,3
