{
  "n_pathways": 7647,
  "n_annotated_genes": 1544,
  "n_pairs_sampled": 50000,
  "distance_difference_correlation": {
    "raw_rho": -0.01801890427087809,
    "raw_p": 5.5925141807976905e-05,
    "corrected_rho": -0.006625747746040658,
    "corrected_p": 0.1384623461304061,
    "improvement": -0.011393156524837432
  },
  "mean_distance_correlation": {
    "raw_rho": 0.024109089872941174,
    "raw_p": 6.983105518429686e-08,
    "corrected_rho": -0.0018355076752016963,
    "corrected_p": 0.6814963532053161,
    "improvement": -0.022273582197739478
  },
  "hp2_bites": false
}