{
  "n_genes": 1676,
  "n_essential": 855,
  "essentiality_threshold": -0.5,
  "hp3_failure_mode_inversion": {
    "essential_mean_dist": 2.7980202844965527,
    "non_essential_mean_dist": 2.684418075993639,
    "cohens_d": 0.547715653374066,
    "mann_whitney_p": 8.733233101524685e-31,
    "bootstrap_d_mean": 0.5478967853376251,
    "bootstrap_d_ci_lower": 0.45229817655273297,
    "bootstrap_d_ci_upper": 0.6496107803881391
  },
  "hp1_correction": {
    "raw_vs_corrected_rho": 0.9066205076673793,
    "raw_vs_corrected_p": 0.0,
    "bites": false,
    "marginal": false,
    "essential_mean_subspace_overlap": 0.2773239016532898,
    "essential_raw_mean": 2.7980202844965527,
    "essential_corr_mean": 3.2357019563864546,
    "non_essential_raw_mean": 2.684418075993639,
    "non_essential_corr_mean": 3.210647860630421,
    "cohens_d_after_correction": 0.27978300331075956
  }
}